DATE,DATETIME,CASH_TYPE,CARD,MONEY,PRODUCTS
2024-03-01,2024-03-01 10:15:50.520,card,ANON-0000-0000-0001,122.6,Serviço de Limpeza
2024-03-01,2024-03-01 12:19:22.539,card,ANON-0000-0000-0002,144.52,Serviço de Formatação
2024-03-01,2024-03-01 12:20:18.089,card,ANON-0000-0000-0002,147.6,Serviço de Formatação
2024-03-01,2024-03-01 13:46:33.006,card,ANON-0000-0000-0003,246.96,Serviço de Montagem
2024-03-01,2024-03-01 13:48:14.626,card,ANON-0000-0000-0004,124.54,Serviço de Limpeza
2024-03-01,2024-03-01 15:39:47.726,card,ANON-0000-0000-0005,184.38,RAM 8GB DDR4
2024-03-01,2024-03-01 16:19:02.756,card,ANON-0000-0000-0006,144.95,Serviço de Formatação
2024-03-01,2024-03-01 18:39:03.580,card,ANON-0000-0000-0007,184.41,RAM 8GB DDR4
2024-03-01,2024-03-01 19:22:01.762,card,ANON-0000-0000-0008,293.39,RAM 16GB DDR4
2024-03-01,2024-03-01 19:23:15.887,card,ANON-0000-0000-0008,182.69,RAM 8GB DDR4
2024-03-01,2024-03-01 19:29:17.391,card,ANON-0000-0000-0009,188.3,RAM 8GB DDR4
2024-03-02,2024-03-02 10:22:06.957,card,ANON-0000-0000-0010,262.35,Serviço de Montagem
2024-03-02,2024-03-02 10:30:35.668,cash,,115.06,Serviço de Limpeza
2024-03-02,2024-03-02 10:41:41.249,card,ANON-0000-0000-0011,179.92,RAM 8GB DDR4
2024-03-02,2024-03-02 11:59:45.484,card,ANON-0000-0000-0012,181.49,RAM 8GB DDR4
2024-03-02,2024-03-02 14:38:35.535,card,ANON-0000-0000-0013,247.55,Serviço de Montagem
2024-03-02,2024-03-02 16:37:24.475,card,ANON-0000-0000-0014,186.08,RAM 8GB DDR4
2024-03-02,2024-03-02 17:34:54.969,card,ANON-0000-0000-0004,253.3,Serviço de Montagem
2024-03-03,2024-03-03 10:10:43.981,cash,,119.39,Serviço de Limpeza
2024-03-03,2024-03-03 10:27:18.561,card,ANON-0000-0000-0015,124.15,Serviço de Limpeza
2024-03-03,2024-03-03 11:33:56.118,card,ANON-0000-0000-0016,721.18,RAM 32GB DDR5
2024-03-03,2024-03-03 12:26:56.098,card,ANON-0000-0000-0012,253.67,Serviço de Montagem
2024-03-03,2024-03-03 13:09:36.321,card,ANON-0000-0000-0017,147.89,Serviço de Formatação
2024-03-03,2024-03-03 17:06:40.271,card,ANON-0000-0000-0018,296.89,RAM 16GB DDR4
2024-03-03,2024-03-03 17:08:45.895,card,ANON-0000-0000-0019,775.05,RAM 32GB DDR5
2024-03-03,2024-03-03 18:03:23.369,card,ANON-0000-0000-0020,173.46,RAM 8GB DDR4
2024-03-03,2024-03-03 18:04:27.946,card,ANON-0000-0000-0020,172.16,RAM 8GB DDR4
2024-03-03,2024-03-03 18:08:04.959,card,ANON-0000-0000-0020,144.44,Serviço de Formatação
2024-03-04,2024-03-04 10:03:51.994,card,ANON-0000-0000-0001,117.06,Serviço de Limpeza
2024-03-04,2024-03-04 10:54:50.958,card,ANON-0000-0000-0021,115.05,Serviço de Limpeza
2024-03-04,2024-03-04 11:05:16.184,card,ANON-0000-0000-0012,175.87,RAM 8GB DDR4
2024-03-04,2024-03-04 14:04:37.734,card,ANON-0000-0000-0022,623.34,CPU i3-12100
2024-03-05,2024-03-05 09:59:52.651,card,ANON-0000-0000-0001,115.19,Serviço de Limpeza
2024-03-05,2024-03-05 14:34:55.963,card,ANON-0000-0000-0023,121.57,Serviço de Limpeza
2024-03-05,2024-03-05 17:34:06.043,card,ANON-0000-0000-0024,114.62,Serviço de Limpeza
2024-03-05,2024-03-05 17:35:25.021,card,ANON-0000-0000-0025,154.35,Serviço de Formatação
2024-03-05,2024-03-05 17:36:28.571,card,ANON-0000-0000-0026,297.11,RAM 16GB DDR4
2024-03-05,2024-03-05 17:37:13.659,card,ANON-0000-0000-0027,143.34,Serviço de Formatação
2024-03-05,2024-03-05 17:38:09.354,card,ANON-0000-0000-0009,150.54,Serviço de Formatação
2024-03-05,2024-03-05 17:56:15.776,card,ANON-0000-0000-0028,717.55,RAM 32GB DDR5
2024-03-05,2024-03-05 18:01:31.242,card,ANON-0000-0000-0028,147.69,Serviço de Formatação
2024-03-06,2024-03-06 12:30:27.089,cash,,187.43,RAM 8GB DDR4
2024-03-06,2024-03-06 13:24:07.667,card,ANON-0000-0000-0012,254.73,Serviço de Montagem
2024-03-06,2024-03-06 13:25:14.351,card,ANON-0000-0000-0012,713.07,RAM 32GB DDR5
2024-03-06,2024-03-06 14:52:01.761,card,ANON-0000-0000-0029,1725.53,CPU i5-14600K
2024-03-06,2024-03-06 14:53:18.344,card,ANON-0000-0000-0029,1787.54,CPU i5-14600K
2024-03-07,2024-03-07 10:08:58.945,cash,,115.29,Serviço de Limpeza
2024-03-07,2024-03-07 10:18:40.543,card,ANON-0000-0000-0030,150.07,Serviço de Formatação
2024-03-07,2024-03-07 11:03:58.976,card,ANON-0000-0000-0031,114.2,Serviço de Limpeza
2024-03-07,2024-03-07 11:25:43.977,cash,,114.7,Serviço de Limpeza
2024-03-07,2024-03-07 15:40:22.606,card,ANON-0000-0000-0032,251.61,Serviço de Montagem
2024-03-07,2024-03-07 15:41:28.784,card,ANON-0000-0000-0033,179.75,RAM 8GB DDR4
2024-03-08,2024-03-08 10:34:41.283,card,ANON-0000-0000-0012,769.55,RAM 32GB DDR5
2024-03-08,2024-03-08 12:22:28.653,card,ANON-0000-0000-0034,1877.54,CPU i5-14600K
2024-03-08,2024-03-08 13:53:02.042,card,ANON-0000-0000-0035,244.21,Serviço de Montagem
2024-03-08,2024-03-08 14:44:12.686,card,ANON-0000-0000-0012,258.48,Serviço de Montagem
2024-03-08,2024-03-08 14:45:11.048,card,ANON-0000-0000-0033,239.07,Serviço de Montagem
2024-03-08,2024-03-08 14:46:11.155,card,ANON-0000-0000-0012,178.65,RAM 8GB DDR4
2024-03-08,2024-03-08 18:57:51.451,card,ANON-0000-0000-0036,116.95,Serviço de Limpeza
2024-03-08,2024-03-08 18:59:24.941,card,ANON-0000-0000-0037,124.89,Serviço de Limpeza
2024-03-09,2024-03-09 11:49:37.292,cash,,152.99,Serviço de Formatação
2024-03-09,2024-03-09 12:05:15.559,card,ANON-0000-0000-0038,582.21,CPU i3-12100
2024-03-09,2024-03-09 12:07:38.275,card,ANON-0000-0000-0039,254.34,Serviço de Montagem
2024-03-09,2024-03-09 12:09:47.714,card,ANON-0000-0000-0012,1791.29,CPU i5-14600K
2024-03-09,2024-03-09 12:13:03.521,card,ANON-0000-0000-0040,238.61,Serviço de Montagem
2024-03-09,2024-03-09 12:14:26.458,card,ANON-0000-0000-0040,255.65,Serviço de Montagem
2024-03-09,2024-03-09 13:09:22.229,card,ANON-0000-0000-0041,117.58,Serviço de Limpeza
2024-03-09,2024-03-09 13:41:06.167,card,ANON-0000-0000-0042,174.66,RAM 8GB DDR4
2024-03-09,2024-03-09 13:53:10.408,card,ANON-0000-0000-0043,750.95,RAM 32GB DDR5
2024-03-09,2024-03-09 13:54:36.828,card,ANON-0000-0000-0043,1814.19,CPU i5-14600K
2024-03-09,2024-03-09 14:08:01.829,card,ANON-0000-0000-0009,180.39,RAM 8GB DDR4
2024-03-09,2024-03-09 14:26:52.873,card,ANON-0000-0000-0044,146.28,Serviço de Formatação
2024-03-09,2024-03-09 19:17:57.572,card,ANON-0000-0000-0009,1773.0,CPU i5-14600K
2024-03-09,2024-03-09 19:19:10.084,card,ANON-0000-0000-0009,157.01,Serviço de Formatação
2024-03-10,2024-03-10 07:44:18.538,cash,,245.11,Serviço de Montagem
2024-03-10,2024-03-10 07:45:29.441,cash,,181.12,RAM 8GB DDR4
2024-03-10,2024-03-10 10:06:02.960,cash,,122.2,Serviço de Limpeza
2024-03-10,2024-03-10 11:19:20.764,card,ANON-0000-0000-0045,599.03,CPU i3-12100
2024-03-10,2024-03-10 17:51:03.048,cash,,176.44,RAM 8GB DDR4
2024-03-10,2024-03-10 19:34:00.478,card,ANON-0000-0000-0046,118.49,Serviço de Limpeza
2024-03-10,2024-03-10 19:35:54.712,card,ANON-0000-0000-0046,723.56,RAM 32GB DDR5
2024-03-11,2024-03-11 10:18:46.724,cash,,123.94,Serviço de Limpeza
2024-03-11,2024-03-11 11:24:15.022,cash,,1753.86,CPU i5-14600K
2024-03-11,2024-03-11 11:24:51.565,cash,,770.95,RAM 32GB DDR5
2024-03-11,2024-03-11 11:26:44.221,cash,,253.89,Serviço de Montagem
2024-03-11,2024-03-11 11:32:58.781,card,ANON-0000-0000-0035,1844.68,CPU i5-14600K
2024-03-11,2024-03-11 16:24:26.401,card,ANON-0000-0000-0047,262.37,Serviço de Montagem
2024-03-11,2024-03-11 16:25:45.664,card,ANON-0000-0000-0047,121.87,Serviço de Limpeza
2024-03-11,2024-03-11 16:50:49.608,card,ANON-0000-0000-0048,781.39,RAM 32GB DDR5
2024-03-12,2024-03-12 10:15:00.297,cash,,119.18,Serviço de Limpeza
2024-03-12,2024-03-12 10:15:34.543,card,ANON-0000-0000-0033,257.07,Serviço de Montagem
2024-03-12,2024-03-12 10:16:24.886,card,ANON-0000-0000-0033,725.29,RAM 32GB DDR5
2024-03-12,2024-03-12 11:20:45.632,card,ANON-0000-0000-0049,148.49,Serviço de Formatação
2024-03-12,2024-03-12 12:46:23.275,card,ANON-0000-0000-0004,176.62,RAM 8GB DDR4
2024-03-12,2024-03-12 12:47:26.027,card,ANON-0000-0000-0004,254.33,Serviço de Montagem
2024-03-12,2024-03-12 16:15:43.325,card,ANON-0000-0000-0050,243.77,Serviço de Montagem
2024-03-13,2024-03-13 11:06:43.038,card,ANON-0000-0000-0048,153.14,Serviço de Formatação
2024-03-13,2024-03-13 11:48:16.753,card,ANON-0000-0000-0004,242.33,Serviço de Montagem
2024-03-13,2024-03-13 12:18:06.336,card,ANON-0000-0000-0051,246.35,Serviço de Montagem
2024-03-13,2024-03-13 12:19:05.128,card,ANON-0000-0000-0051,246.75,Serviço de Montagem
2024-03-13,2024-03-13 12:34:30.315,cash,,614.28,CPU i3-12100
2024-03-13,2024-03-13 14:26:40.875,card,ANON-0000-0000-0052,179.17,RAM 8GB DDR4
2024-03-13,2024-03-13 15:40:22.261,card,ANON-0000-0000-0053,625.26,CPU i3-12100
2024-03-13,2024-03-13 15:41:20.424,card,ANON-0000-0000-0053,570.44,CPU i3-12100
2024-03-13,2024-03-13 16:47:09.373,card,ANON-0000-0000-0054,628.16,CPU i3-12100
2024-03-14,2024-03-14 10:02:12.241,cash,,124.22,Serviço de Limpeza
2024-03-14,2024-03-14 10:28:33.017,card,ANON-0000-0000-0055,118.73,Serviço de Limpeza
2024-03-14,2024-03-14 10:29:34.283,card,ANON-0000-0000-0055,149.98,Serviço de Formatação
2024-03-14,2024-03-14 13:27:29.536,card,ANON-0000-0000-0012,767.15,RAM 32GB DDR5
2024-03-14,2024-03-14 13:28:24.527,card,ANON-0000-0000-0012,250.86,Serviço de Montagem
2024-03-14,2024-03-14 13:51:59.905,card,ANON-0000-0000-0056,183.56,RAM 8GB DDR4
2024-03-14,2024-03-14 13:52:56.248,card,ANON-0000-0000-0057,581.88,CPU i3-12100
2024-03-14,2024-03-14 15:20:38.367,card,ANON-0000-0000-0058,118.42,Serviço de Limpeza
2024-03-14,2024-03-14 16:04:09.506,card,ANON-0000-0000-0059,179.56,RAM 8GB DDR4
2024-03-14,2024-03-14 16:54:38.202,card,ANON-0000-0000-0050,617.28,CPU i3-12100
2024-03-14,2024-03-14 18:58:55.854,card,ANON-0000-0000-0019,146.15,Serviço de Formatação
2024-03-14,2024-03-14 19:00:08.663,card,ANON-0000-0000-0012,764.44,RAM 32GB DDR5
2024-03-15,2024-03-15 10:02:16.533,cash,,124.33,Serviço de Limpeza
2024-03-15,2024-03-15 10:53:02.180,card,ANON-0000-0000-0060,148.6,Serviço de Formatação
2024-03-15,2024-03-15 18:19:27.922,card,ANON-0000-0000-0012,244.94,Serviço de Montagem
2024-03-16,2024-03-16 12:06:55.209,card,ANON-0000-0000-0061,183.5,RAM 8GB DDR4
2024-03-16,2024-03-16 12:07:53.915,card,ANON-0000-0000-0061,256.26,Serviço de Montagem
2024-03-16,2024-03-16 15:58:18.458,card,ANON-0000-0000-0009,741.88,RAM 32GB DDR5
2024-03-16,2024-03-16 16:03:21.738,card,ANON-0000-0000-0009,754.5,RAM 32GB DDR5
2024-03-16,2024-03-16 16:04:11.444,card,ANON-0000-0000-0012,779.97,RAM 32GB DDR5
2024-03-16,2024-03-16 17:58:07.241,card,ANON-0000-0000-0062,188.98,RAM 8GB DDR4
2024-03-17,2024-03-17 10:10:21.399,cash,,124.55,Serviço de Limpeza
2024-03-17,2024-03-17 12:55:26.065,card,ANON-0000-0000-0063,713.99,RAM 32GB DDR5
2024-03-18,2024-03-18 11:17:59.671,card,ANON-0000-0000-0064,753.46,RAM 32GB DDR5
2024-03-18,2024-03-18 15:31:39.725,card,ANON-0000-0000-0003,254.07,Serviço de Montagem
2024-03-18,2024-03-18 15:32:38.239,card,ANON-0000-0000-0003,260.31,Serviço de Montagem
2024-03-18,2024-03-18 15:33:36.708,card,ANON-0000-0000-0003,260.05,Serviço de Montagem
2024-03-19,2024-03-19 10:20:25.996,cash,,752.95,RAM 32GB DDR5
2024-03-19,2024-03-19 14:02:21.536,card,ANON-0000-0000-0065,125.48,Serviço de Limpeza
2024-03-19,2024-03-19 14:03:19.765,card,ANON-0000-0000-0065,116.84,Serviço de Limpeza
2024-03-19,2024-03-19 15:04:36.309,card,ANON-0000-0000-0049,154.47,Serviço de Formatação
2024-03-19,2024-03-19 16:53:48.706,card,ANON-0000-0000-0066,180.3,RAM 8GB DDR4
2024-03-19,2024-03-19 19:26:32.677,cash,,154.55,Serviço de Formatação
2024-03-20,2024-03-20 11:41:16.403,card,ANON-0000-0000-0012,786.76,RAM 32GB DDR5
2024-03-20,2024-03-20 12:21:07.728,cash,,123.11,Serviço de Limpeza
2024-03-20,2024-03-20 12:30:48.968,card,ANON-0000-0000-0049,735.5,RAM 32GB DDR5
2024-03-20,2024-03-20 13:16:47.394,card,ANON-0000-0000-0067,1730.41,CPU i5-14600K
2024-03-20,2024-03-20 16:42:38.117,card,ANON-0000-0000-0050,311.87,RAM 16GB DDR4
2024-03-20,2024-03-20 17:50:28.781,card,ANON-0000-0000-0068,114.4,Serviço de Limpeza
2024-03-21,2024-03-21 10:18:56.977,cash,,1726.91,CPU i5-14600K
2024-03-21,2024-03-21 12:25:09.194,card,ANON-0000-0000-0012,765.67,RAM 32GB DDR5
2024-03-21,2024-03-21 12:26:17.428,card,ANON-0000-0000-0012,1859.38,CPU i5-14600K
2024-03-21,2024-03-21 17:21:01.453,cash,,255.25,Serviço de Montagem
2024-03-21,2024-03-21 17:22:01.353,card,ANON-0000-0000-0012,749.52,RAM 32GB DDR5
2024-03-21,2024-03-21 19:20:36.508,card,ANON-0000-0000-0069,121.65,Serviço de Limpeza
2024-03-22,2024-03-22 10:35:53.619,card,ANON-0000-0000-0070,182.12,RAM 8GB DDR4
2024-03-22,2024-03-22 13:29:20.343,card,ANON-0000-0000-0071,177.07,RAM 8GB DDR4
2024-03-22,2024-03-22 16:15:14.448,cash,,1800.72,CPU i5-14600K
2024-03-22,2024-03-22 17:17:03.724,card,ANON-0000-0000-0012,241.93,Serviço de Montagem
2024-03-22,2024-03-22 17:17:58.991,card,ANON-0000-0000-0012,613.47,CPU i3-12100
2024-03-22,2024-03-22 17:20:49.490,card,ANON-0000-0000-0050,248.28,Serviço de Montagem
2024-03-23,2024-03-23 10:43:59.559,card,ANON-0000-0000-0072,115.79,Serviço de Limpeza
2024-03-23,2024-03-23 10:45:07.157,card,ANON-0000-0000-0073,184.92,RAM 8GB DDR4
2024-03-23,2024-03-23 13:10:07.661,card,ANON-0000-0000-0074,1815.86,CPU i5-14600K
2024-03-23,2024-03-23 13:11:12.230,card,ANON-0000-0000-0074,287.9,RAM 16GB DDR4
2024-03-23,2024-03-23 14:44:41.276,card,ANON-0000-0000-0075,181.82,RAM 8GB DDR4
2024-03-23,2024-03-23 15:47:19.062,card,ANON-0000-0000-0076,121.93,Serviço de Limpeza
2024-03-23,2024-03-23 15:49:33.813,card,ANON-0000-0000-0076,185.26,RAM 8GB DDR4
2024-03-23,2024-03-23 16:00:58.386,card,ANON-0000-0000-0009,714.51,RAM 32GB DDR5
2024-03-24,2024-03-24 10:03:56.005,cash,,124.8,Serviço de Limpeza
2024-03-24,2024-03-24 18:45:08.397,card,ANON-0000-0000-0077,118.42,Serviço de Limpeza
2024-03-25,2024-03-25 10:31:47.250,card,ANON-0000-0000-0009,116.67,Serviço de Limpeza
2024-03-25,2024-03-25 11:16:25.671,cash,,177.13,RAM 8GB DDR4
2024-03-25,2024-03-25 14:27:09.163,card,ANON-0000-0000-0078,116.86,Serviço de Limpeza
2024-03-25,2024-03-25 14:29:25.343,card,ANON-0000-0000-0017,125.04,Serviço de Limpeza
2024-03-25,2024-03-25 18:37:30.650,card,ANON-0000-0000-0024,182.08,RAM 8GB DDR4
2024-03-25,2024-03-25 19:34:24.542,card,ANON-0000-0000-0079,1832.45,CPU i5-14600K
2024-03-26,2024-03-26 10:35:49.679,card,ANON-0000-0000-0055,305.47,RAM 16GB DDR4
2024-03-26,2024-03-26 10:36:36.151,card,ANON-0000-0000-0055,123.81,Serviço de Limpeza
2024-03-26,2024-03-26 10:42:30.170,card,ANON-0000-0000-0080,115.69,Serviço de Limpeza
2024-03-26,2024-03-26 11:11:47.335,card,ANON-0000-0000-0009,735.21,RAM 32GB DDR5
2024-03-26,2024-03-26 13:35:52.773,card,ANON-0000-0000-0003,244.61,Serviço de Montagem
2024-03-26,2024-03-26 13:36:49.644,card,ANON-0000-0000-0032,744.53,RAM 32GB DDR5
2024-03-26,2024-03-26 13:37:59.723,card,ANON-0000-0000-0059,747.16,RAM 32GB DDR5
2024-03-26,2024-03-26 13:57:53.677,card,ANON-0000-0000-0050,260.65,Serviço de Montagem
2024-03-26,2024-03-26 15:48:02.270,card,ANON-0000-0000-0081,116.51,Serviço de Limpeza
2024-03-26,2024-03-26 18:33:38.568,card,ANON-0000-0000-0024,119.58,Serviço de Limpeza
2024-03-26,2024-03-26 18:34:54.648,card,ANON-0000-0000-0009,147.64,Serviço de Formatação
2024-03-27,2024-03-27 11:04:51.174,card,ANON-0000-0000-0003,712.8,RAM 32GB DDR5
2024-03-27,2024-03-27 11:05:58.236,card,ANON-0000-0000-0003,175.21,RAM 8GB DDR4
2024-03-27,2024-03-27 12:57:00.462,card,ANON-0000-0000-0082,182.95,RAM 8GB DDR4
2024-03-27,2024-03-27 13:35:20.039,card,ANON-0000-0000-0083,154.32,Serviço de Formatação
2024-03-27,2024-03-27 14:22:31.662,card,ANON-0000-0000-0012,1828.99,CPU i5-14600K
2024-03-27,2024-03-27 14:23:35.380,card,ANON-0000-0000-0012,243.79,Serviço de Montagem
2024-03-27,2024-03-27 18:30:11.833,card,ANON-0000-0000-0084,760.49,RAM 32GB DDR5
2024-03-27,2024-03-27 19:31:12.442,cash,,118.57,Serviço de Limpeza
2024-03-28,2024-03-28 14:24:47.092,card,ANON-0000-0000-0085,780.7,RAM 32GB DDR5
2024-03-28,2024-03-28 17:24:46.244,card,ANON-0000-0000-0012,774.94,RAM 32GB DDR5
2024-03-28,2024-03-28 17:27:05.304,card,ANON-0000-0000-0012,257.67,Serviço de Montagem
2024-03-28,2024-03-28 17:32:44.652,card,ANON-0000-0000-0086,116.17,Serviço de Limpeza
2024-03-29,2024-03-29 10:56:19.495,card,ANON-0000-0000-0087,114.44,Serviço de Limpeza
2024-03-29,2024-03-29 12:34:17.383,card,ANON-0000-0000-0088,1866.79,CPU i5-14600K
2024-03-29,2024-03-29 12:41:32.125,card,ANON-0000-0000-0088,1864.86,CPU i5-14600K
2024-03-29,2024-03-29 13:22:44.618,cash,,1758.22,CPU i5-14600K
2024-03-30,2024-03-30 11:59:19.854,card,ANON-0000-0000-0069,121.63,Serviço de Limpeza
2024-03-30,2024-03-30 13:49:25.815,cash,,1870.28,CPU i5-14600K
2024-03-30,2024-03-30 16:12:31.786,card,ANON-0000-0000-0017,121.37,Serviço de Limpeza
2024-03-30,2024-03-30 16:36:40.513,card,ANON-0000-0000-0009,116.35,Serviço de Limpeza
2024-03-30,2024-03-30 16:37:57.553,card,ANON-0000-0000-0009,187.25,RAM 8GB DDR4
2024-03-31,2024-03-31 10:40:04.523,card,ANON-0000-0000-0089,1866.19,CPU i5-14600K
2024-03-31,2024-03-31 19:36:45.000,cash,,259.8,Serviço de Montagem
2024-04-01,2024-04-01 10:28:47.601,card,ANON-0000-0000-0004,247.45,Serviço de Montagem
2024-04-01,2024-04-01 10:29:42.318,card,ANON-0000-0000-0004,183.98,RAM 8GB DDR4
2024-04-01,2024-04-01 10:30:43.735,card,ANON-0000-0000-0004,177.7,RAM 8GB DDR4
2024-04-01,2024-04-01 11:15:43.836,card,ANON-0000-0000-0009,184.9,RAM 8GB DDR4
2024-04-01,2024-04-01 17:01:42.924,cash,,1877.94,CPU i5-14600K
2024-04-01,2024-04-01 18:18:42.372,card,ANON-0000-0000-0024,185.48,RAM 8GB DDR4
2024-04-01,2024-04-01 18:45:27.436,card,ANON-0000-0000-0090,146.51,Serviço de Formatação
2024-04-02,2024-04-02 10:01:14.022,card,ANON-0000-0000-0001,125.57,Serviço de Limpeza
2024-04-02,2024-04-02 16:18:34.169,card,ANON-0000-0000-0003,244.61,Serviço de Montagem
2024-04-02,2024-04-02 16:19:28.460,card,ANON-0000-0000-0003,786.97,RAM 32GB DDR5
2024-04-02,2024-04-02 19:59:31.942,cash,,1716.04,CPU i5-14600K
2024-04-03,2024-04-03 10:19:13.644,card,ANON-0000-0000-0003,771.29,RAM 32GB DDR5
2024-04-03,2024-04-03 10:20:07.655,card,ANON-0000-0000-0003,239.6,Serviço de Montagem
2024-04-03,2024-04-03 13:12:05.367,card,ANON-0000-0000-0012,1873.93,CPU i5-14600K
2024-04-03,2024-04-03 15:36:11.735,cash,,771.44,RAM 32GB DDR5
2024-04-04,2024-04-04 10:44:55.988,card,ANON-0000-0000-0091,118.12,Serviço de Limpeza
2024-04-04,2024-04-04 11:26:38.085,card,ANON-0000-0000-0092,120.08,Serviço de Limpeza
2024-04-04,2024-04-04 11:27:48.411,card,ANON-0000-0000-0093,1780.51,CPU i5-14600K
2024-04-04,2024-04-04 12:23:02.216,card,ANON-0000-0000-0094,730.23,RAM 32GB DDR5
2024-04-04,2024-04-04 19:42:07.740,cash,,119.5,Serviço de Limpeza
2024-04-05,2024-04-05 10:40:42.728,card,ANON-0000-0000-0095,251.8,Serviço de Montagem
2024-04-05,2024-04-05 10:42:06.204,card,ANON-0000-0000-0012,245.94,Serviço de Montagem
2024-04-05,2024-04-05 11:06:14.643,card,ANON-0000-0000-0096,733.49,RAM 32GB DDR5
2024-04-05,2024-04-05 12:14:27.975,card,ANON-0000-0000-0097,172.07,RAM 8GB DDR4
2024-04-05,2024-04-05 14:23:40.387,card,ANON-0000-0000-0098,125.28,Serviço de Limpeza
2024-04-05,2024-04-05 14:24:50.417,card,ANON-0000-0000-0098,733.13,RAM 32GB DDR5
2024-04-05,2024-04-05 15:30:50.383,cash,,119.17,Serviço de Limpeza
2024-04-05,2024-04-05 15:54:15.768,cash,,1735.56,CPU i5-14600K
2024-04-05,2024-04-05 15:55:30.947,cash,,243.04,Serviço de Montagem
2024-04-05,2024-04-05 16:17:43.975,cash,,299.08,RAM 16GB DDR4
2024-04-05,2024-04-05 16:18:23.558,card,ANON-0000-0000-0003,598.38,CPU i3-12100
2024-04-06,2024-04-06 12:32:31.398,card,ANON-0000-0000-0099,176.64,RAM 8GB DDR4
2024-04-06,2024-04-06 14:13:18.733,card,ANON-0000-0000-0040,1813.06,CPU i5-14600K
2024-04-06,2024-04-06 14:14:27.029,card,ANON-0000-0000-0040,252.41,Serviço de Montagem
2024-04-06,2024-04-06 14:49:50.183,card,ANON-0000-0000-0009,116.25,Serviço de Limpeza
2024-04-07,2024-04-07 10:12:53.204,card,ANON-0000-0000-0091,117.07,Serviço de Limpeza
2024-04-07,2024-04-07 12:44:31.936,card,ANON-0000-0000-0040,1767.7,CPU i5-14600K
2024-04-07,2024-04-07 12:46:05.118,card,ANON-0000-0000-0040,1749.68,CPU i5-14600K
2024-04-07,2024-04-07 14:16:24.949,card,ANON-0000-0000-0100,728.19,RAM 32GB DDR5
2024-04-07,2024-04-07 14:17:30.628,card,ANON-0000-0000-0100,586.63,CPU i3-12100
2024-04-07,2024-04-07 18:01:16.608,card,ANON-0000-0000-0101,149.99,Serviço de Formatação
2024-04-07,2024-04-07 18:02:03.878,card,ANON-0000-0000-0101,186.21,RAM 8GB DDR4
2024-04-08,2024-04-08 10:58:21.106,card,ANON-0000-0000-0102,181.39,RAM 8GB DDR4
2024-04-08,2024-04-08 10:59:27.558,card,ANON-0000-0000-0103,1827.39,CPU i5-14600K
2024-04-08,2024-04-08 11:01:20.464,card,ANON-0000-0000-0012,259.34,Serviço de Montagem
2024-04-08,2024-04-08 11:04:47.030,card,ANON-0000-0000-0104,1725.96,CPU i5-14600K
2024-04-08,2024-04-08 12:54:25.897,cash,,611.93,CPU i3-12100
2024-04-08,2024-04-08 15:43:36.881,cash,,187.04,RAM 8GB DDR4
2024-04-08,2024-04-08 16:41:37.806,card,ANON-0000-0000-0017,117.75,Serviço de Limpeza
2024-04-08,2024-04-08 18:18:09.713,card,ANON-0000-0000-0105,261.11,Serviço de Montagem
2024-04-08,2024-04-08 19:22:27.477,card,ANON-0000-0000-0024,182.1,RAM 8GB DDR4
2024-04-08,2024-04-08 19:23:59.268,card,ANON-0000-0000-0106,1790.32,CPU i5-14600K
2024-04-09,2024-04-09 10:22:27.359,cash,,1889.64,CPU i5-14600K
2024-04-09,2024-04-09 10:24:10.103,cash,,252.15,Serviço de Montagem
2024-04-09,2024-04-09 11:42:28.468,card,ANON-0000-0000-0091,123.06,Serviço de Limpeza
2024-04-09,2024-04-09 15:11:48.720,card,ANON-0000-0000-0107,153.28,Serviço de Formatação
2024-04-09,2024-04-09 17:25:23.936,card,ANON-0000-0000-0049,146.64,Serviço de Formatação
2024-04-10,2024-04-10 10:21:26.175,cash,,603.15,CPU i3-12100
2024-04-10,2024-04-10 17:55:07.018,cash,,142.95,Serviço de Formatação
2024-04-10,2024-04-10 17:55:31.244,card,ANON-0000-0000-0108,571.66,CPU i3-12100
2024-04-10,2024-04-10 18:24:59.290,card,ANON-0000-0000-0009,1862.05,CPU i5-14600K
2024-04-10,2024-04-10 20:04:05.386,card,ANON-0000-0000-0109,118.68,Serviço de Limpeza
2024-04-11,2024-04-11 10:41:23.155,card,ANON-0000-0000-0110,259.44,Serviço de Montagem
2024-04-11,2024-04-11 10:42:59.365,card,ANON-0000-0000-0110,262.46,Serviço de Montagem
2024-04-11,2024-04-11 16:35:23.069,card,ANON-0000-0000-0017,121.07,Serviço de Limpeza
2024-04-11,2024-04-11 19:16:56.588,card,ANON-0000-0000-0106,1800.64,CPU i5-14600K
2024-04-11,2024-04-11 19:18:36.619,card,ANON-0000-0000-0024,188.67,RAM 8GB DDR4
2024-04-12,2024-04-12 19:03:43.403,card,ANON-0000-0000-0019,153.71,Serviço de Formatação
2024-04-12,2024-04-12 19:38:23.189,card,ANON-0000-0000-0009,779.6,RAM 32GB DDR5
2024-04-13,2024-04-13 12:29:19.823,card,ANON-0000-0000-0009,114.38,Serviço de Limpeza
2024-04-13,2024-04-13 12:43:02.389,card,ANON-0000-0000-0012,244.79,Serviço de Montagem
2024-04-13,2024-04-13 15:06:52.292,cash,,146.81,Serviço de Formatação
2024-04-13,2024-04-13 15:07:55.966,cash,,145.67,Serviço de Formatação
2024-04-13,2024-04-13 16:18:03.938,card,ANON-0000-0000-0111,1788.85,CPU i5-14600K
2024-04-13,2024-04-13 16:19:39.799,card,ANON-0000-0000-0111,121.61,Serviço de Limpeza
2024-04-13,2024-04-13 17:51:26.026,card,ANON-0000-0000-0112,1818.38,CPU i5-14600K
2024-04-13,2024-04-13 17:53:19.237,card,ANON-0000-0000-0012,1784.65,CPU i5-14600K
2024-04-14,2024-04-14 10:55:27.406,cash,,115.6,Serviço de Limpeza
2024-04-14,2024-04-14 12:24:39.028,card,ANON-0000-0000-0113,1745.85,CPU i5-14600K
2024-04-14,2024-04-14 12:27:08.951,cash,,735.25,RAM 32GB DDR5
2024-04-14,2024-04-14 12:29:06.877,cash,,766.67,RAM 32GB DDR5
2024-04-14,2024-04-14 12:31:36.036,cash,,174.03,RAM 8GB DDR4
2024-04-14,2024-04-14 13:21:49.808,card,ANON-0000-0000-0114,781.02,RAM 32GB DDR5
2024-04-14,2024-04-14 14:23:31.631,card,ANON-0000-0000-0012,260.07,Serviço de Montagem
2024-04-14,2024-04-14 14:24:26.930,card,ANON-0000-0000-0012,248.27,Serviço de Montagem
2024-04-14,2024-04-14 14:25:18.122,card,ANON-0000-0000-0012,261.1,Serviço de Montagem
2024-04-14,2024-04-14 15:46:27.733,card,ANON-0000-0000-0017,1780.22,CPU i5-14600K
2024-04-14,2024-04-14 16:59:54.823,card,ANON-0000-0000-0012,724.97,RAM 32GB DDR5
2024-04-14,2024-04-14 17:00:45.387,card,ANON-0000-0000-0019,116.22,Serviço de Limpeza
2024-04-14,2024-04-14 18:38:19.649,card,ANON-0000-0000-0115,1854.19,CPU i5-14600K
2024-04-15,2024-04-15 11:45:24.619,card,ANON-0000-0000-0064,250.43,Serviço de Montagem
2024-04-15,2024-04-15 17:01:46.359,card,ANON-0000-0000-0003,261.16,Serviço de Montagem
2024-04-15,2024-04-15 17:02:49.748,card,ANON-0000-0000-0004,176.18,RAM 8GB DDR4
2024-04-15,2024-04-15 19:33:03.036,card,ANON-0000-0000-0009,173.06,RAM 8GB DDR4
2024-04-15,2024-04-15 19:41:58.112,cash,,619.75,CPU i3-12100
2024-04-16,2024-04-16 10:43:49.907,cash,,174.44,RAM 8GB DDR4
2024-04-16,2024-04-16 10:46:25.706,card,ANON-0000-0000-0116,175.85,RAM 8GB DDR4
2024-04-16,2024-04-16 12:40:47.675,card,ANON-0000-0000-0117,303.27,RAM 16GB DDR4
2024-04-16,2024-04-16 12:52:07.750,card,ANON-0000-0000-0064,746.92,RAM 32GB DDR5
2024-04-16,2024-04-16 15:03:16.889,card,ANON-0000-0000-0118,240.16,Serviço de Montagem
2024-04-16,2024-04-16 17:42:04.208,card,ANON-0000-0000-0024,175.92,RAM 8GB DDR4
2024-04-16,2024-04-16 17:43:22.960,card,ANON-0000-0000-0009,1814.93,CPU i5-14600K
2024-04-16,2024-04-16 18:09:05.273,card,ANON-0000-0000-0050,298.72,RAM 16GB DDR4
2024-04-17,2024-04-17 13:32:59.792,card,ANON-0000-0000-0012,261.12,Serviço de Montagem
2024-04-17,2024-04-17 13:44:00.181,card,ANON-0000-0000-0119,595.54,CPU i3-12100
2024-04-17,2024-04-17 16:13:24.310,cash,,1745.4,CPU i5-14600K
2024-04-17,2024-04-17 17:01:35.149,card,ANON-0000-0000-0120,1809.67,CPU i5-14600K
2024-04-17,2024-04-17 17:02:40.687,card,ANON-0000-0000-0120,1724.15,CPU i5-14600K
2024-04-17,2024-04-17 18:14:03.229,card,ANON-0000-0000-0121,764.03,RAM 32GB DDR5
2024-04-18,2024-04-18 11:19:01.693,card,ANON-0000-0000-0003,246.36,Serviço de Montagem
2024-04-18,2024-04-18 11:20:05.696,card,ANON-0000-0000-0003,239.43,Serviço de Montagem
2024-04-18,2024-04-18 13:49:12.720,card,ANON-0000-0000-0122,188.51,RAM 8GB DDR4
2024-04-18,2024-04-18 13:50:17.285,card,ANON-0000-0000-0122,743.16,RAM 32GB DDR5
2024-04-18,2024-04-18 14:34:19.818,card,ANON-0000-0000-0123,1712.52,CPU i5-14600K
2024-04-18,2024-04-18 14:35:49.354,card,ANON-0000-0000-0123,124.31,Serviço de Limpeza
2024-04-18,2024-04-18 17:44:15.791,card,ANON-0000-0000-0069,122.9,Serviço de Limpeza
2024-04-18,2024-04-18 18:21:05.945,card,ANON-0000-0000-0085,1842.38,CPU i5-14600K
2024-04-18,2024-04-18 19:39:51.193,card,ANON-0000-0000-0024,143.34,Serviço de Formatação
2024-04-18,2024-04-18 19:40:48.954,card,ANON-0000-0000-0009,144.72,Serviço de Formatação
2024-04-19,2024-04-19 10:10:36.254,card,ANON-0000-0000-0001,114.7,Serviço de Limpeza
2024-04-19,2024-04-19 13:11:47.848,card,ANON-0000-0000-0040,181.59,RAM 8GB DDR4
2024-04-19,2024-04-19 13:13:20.876,card,ANON-0000-0000-0040,1712.79,CPU i5-14600K
2024-04-19,2024-04-19 13:58:54.064,card,ANON-0000-0000-0124,155.84,Serviço de Formatação
2024-04-19,2024-04-19 13:59:49.690,card,ANON-0000-0000-0124,1824.95,CPU i5-14600K
2024-04-19,2024-04-19 18:23:19.311,card,ANON-0000-0000-0024,297.86,RAM 16GB DDR4
2024-04-19,2024-04-19 18:25:33.440,card,ANON-0000-0000-0009,180.94,RAM 8GB DDR4
2024-04-20,2024-04-20 11:24:42.681,cash,,179.64,RAM 8GB DDR4
2024-04-20,2024-04-20 12:08:35.701,card,ANON-0000-0000-0125,179.95,RAM 8GB DDR4
2024-04-20,2024-04-20 12:09:42.664,card,ANON-0000-0000-0125,185.99,RAM 8GB DDR4
2024-04-20,2024-04-20 13:08:37.378,card,ANON-0000-0000-0118,258.4,Serviço de Montagem
2024-04-20,2024-04-20 13:09:47.905,card,ANON-0000-0000-0118,181.33,RAM 8GB DDR4
2024-04-20,2024-04-20 13:10:55.151,card,ANON-0000-0000-0118,143.92,Serviço de Formatação
2024-04-20,2024-04-20 14:44:18.118,card,ANON-0000-0000-0040,1806.16,CPU i5-14600K
2024-04-20,2024-04-20 15:11:00.330,card,ANON-0000-0000-0009,181.15,RAM 8GB DDR4
2024-04-20,2024-04-20 15:22:40.717,card,ANON-0000-0000-0012,181.2,RAM 8GB DDR4
2024-04-20,2024-04-20 15:49:25.148,card,ANON-0000-0000-0126,182.52,RAM 8GB DDR4
2024-04-20,2024-04-20 17:07:57.969,cash,,294.02,RAM 16GB DDR4
2024-04-20,2024-04-20 18:27:41.496,card,ANON-0000-0000-0127,1818.21,CPU i5-14600K
2024-04-20,2024-04-20 18:28:46.900,card,ANON-0000-0000-0127,1808.23,CPU i5-14600K
2024-04-20,2024-04-20 19:30:55.317,card,ANON-0000-0000-0128,118.37,Serviço de Limpeza
2024-04-21,2024-04-21 11:16:45.707,card,ANON-0000-0000-0001,123.71,Serviço de Limpeza
2024-04-21,2024-04-21 14:15:37.541,card,ANON-0000-0000-0099,254.13,Serviço de Montagem
2024-04-21,2024-04-21 17:09:03.199,cash,,1888.19,CPU i5-14600K
2024-04-22,2024-04-22 11:09:16.412,card,ANON-0000-0000-0012,248.6,Serviço de Montagem
2024-04-22,2024-04-22 11:29:27.099,card,ANON-0000-0000-0129,179.05,RAM 8GB DDR4
2024-04-22,2024-04-22 18:40:33.024,cash,,114.46,Serviço de Limpeza
2024-04-22,2024-04-22 19:39:04.759,card,ANON-0000-0000-0009,119.01,Serviço de Limpeza
2024-04-22,2024-04-22 20:02:29.165,cash,,1776.87,CPU i5-14600K
2024-04-23,2024-04-23 14:22:35.995,card,ANON-0000-0000-0025,1777.79,CPU i5-14600K
2024-04-23,2024-04-23 14:23:53.144,card,ANON-0000-0000-0024,183.86,RAM 8GB DDR4
2024-04-23,2024-04-23 14:24:57.515,card,ANON-0000-0000-0009,1840.71,CPU i5-14600K
2024-04-23,2024-04-23 19:42:27.765,card,ANON-0000-0000-0130,183.85,RAM 8GB DDR4
2024-04-23,2024-04-23 19:43:26.234,card,ANON-0000-0000-0130,185.32,RAM 8GB DDR4
2024-04-24,2024-04-24 10:19:38.346,card,ANON-0000-0000-0001,114.76,Serviço de Limpeza
2024-04-24,2024-04-24 10:21:27.287,card,ANON-0000-0000-0131,178.74,RAM 8GB DDR4
2024-04-24,2024-04-24 11:23:46.102,card,ANON-0000-0000-0132,188.74,RAM 8GB DDR4
2024-04-24,2024-04-24 11:33:26.347,card,ANON-0000-0000-0133,172.85,RAM 8GB DDR4
2024-04-24,2024-04-24 12:39:09.298,card,ANON-0000-0000-0059,173.14,RAM 8GB DDR4
2024-04-24,2024-04-24 16:39:07.423,card,ANON-0000-0000-0009,175.14,RAM 8GB DDR4
2024-04-24,2024-04-24 19:39:49.983,card,ANON-0000-0000-0134,184.14,RAM 8GB DDR4
2024-04-24,2024-04-24 19:40:54.031,card,ANON-0000-0000-0134,1713.37,CPU i5-14600K
2024-04-25,2024-04-25 10:46:08.057,card,ANON-0000-0000-0135,262.27,Serviço de Montagem
2024-04-25,2024-04-25 15:18:26.971,card,ANON-0000-0000-0009,114.66,Serviço de Limpeza
2024-04-25,2024-04-25 17:09:43.534,card,ANON-0000-0000-0012,260.98,Serviço de Montagem
2024-04-25,2024-04-25 17:10:49.153,card,ANON-0000-0000-0012,248.48,Serviço de Montagem
2024-04-26,2024-04-26 10:12:50.618,card,ANON-0000-0000-0001,121.21,Serviço de Limpeza
2024-04-26,2024-04-26 12:01:30.580,card,ANON-0000-0000-0136,124.27,Serviço de Limpeza
2024-04-26,2024-04-26 13:31:28.297,card,ANON-0000-0000-0137,1873.06,CPU i5-14600K
2024-04-26,2024-04-26 15:32:35.390,card,ANON-0000-0000-0012,257.09,Serviço de Montagem
2024-04-26,2024-04-26 15:33:33.132,card,ANON-0000-0000-0012,242.17,Serviço de Montagem
2024-04-26,2024-04-26 16:23:26.514,card,ANON-0000-0000-0138,715.3,RAM 32GB DDR5
2024-04-26,2024-04-26 16:24:33.800,card,ANON-0000-0000-0139,254.42,Serviço de Montagem
2024-04-26,2024-04-26 19:32:07.112,card,ANON-0000-0000-0009,150.75,Serviço de Formatação
2024-04-26,2024-04-26 19:33:30.220,card,ANON-0000-0000-0009,312.92,RAM 16GB DDR4
2024-04-27,2024-04-27 15:27:00.680,card,ANON-0000-0000-0009,1889.25,CPU i5-14600K
2024-04-28,2024-04-28 10:32:52.479,card,ANON-0000-0000-0001,115.77,Serviço de Limpeza
2024-04-28,2024-04-28 12:30:09.749,card,ANON-0000-0000-0140,1808.54,CPU i5-14600K
2024-04-28,2024-04-28 18:27:08.230,card,ANON-0000-0000-0012,253.86,Serviço de Montagem
2024-04-28,2024-04-28 18:28:11.411,card,ANON-0000-0000-0012,245.28,Serviço de Montagem
2024-04-28,2024-04-28 18:29:02.374,card,ANON-0000-0000-0019,114.48,Serviço de Limpeza
2024-04-29,2024-04-29 11:26:31.871,card,ANON-0000-0000-0141,755.07,RAM 32GB DDR5
2024-04-29,2024-04-29 13:27:56.949,card,ANON-0000-0000-0003,250.34,Serviço de Montagem
2024-04-29,2024-04-29 13:28:53.899,card,ANON-0000-0000-0003,746.51,RAM 32GB DDR5
2024-04-29,2024-04-29 13:53:35.730,card,ANON-0000-0000-0141,782.81,RAM 32GB DDR5
2024-04-29,2024-04-29 13:54:24.357,card,ANON-0000-0000-0141,174.87,RAM 8GB DDR4
2024-04-29,2024-04-29 18:37:48.406,card,ANON-0000-0000-0140,1767.76,CPU i5-14600K
2024-04-29,2024-04-29 19:12:33.194,card,ANON-0000-0000-0134,1845.96,CPU i5-14600K
2024-04-29,2024-04-29 19:13:37.878,card,ANON-0000-0000-0134,1822.22,CPU i5-14600K
2024-04-30,2024-04-30 10:16:41.493,card,ANON-0000-0000-0142,125.78,Serviço de Limpeza
2024-04-30,2024-04-30 10:34:52.250,card,ANON-0000-0000-0142,171.2,RAM 8GB DDR4
2024-04-30,2024-04-30 10:35:47.617,card,ANON-0000-0000-0142,183.63,RAM 8GB DDR4
2024-04-30,2024-04-30 13:41:52.325,card,ANON-0000-0000-0142,245.88,Serviço de Montagem
2024-04-30,2024-04-30 13:42:59.977,card,ANON-0000-0000-0142,188.08,RAM 8GB DDR4
2024-04-30,2024-04-30 19:19:18.139,card,ANON-0000-0000-0142,1790.73,CPU i5-14600K
2024-04-30,2024-04-30 19:30:04.003,card,ANON-0000-0000-0142,181.62,RAM 8GB DDR4
2024-04-30,2024-04-30 19:31:20.952,card,ANON-0000-0000-0142,114.42,Serviço de Limpeza
2024-05-02,2024-05-02 10:33:55.746,card,ANON-0000-0000-0143,250.46,Serviço de Montagem
2024-05-02,2024-05-02 11:29:57.080,cash,,125.04,Serviço de Limpeza
2024-05-02,2024-05-02 13:49:39.898,card,ANON-0000-0000-0133,177.8,RAM 8GB DDR4
2024-05-02,2024-05-02 18:36:22.138,card,ANON-0000-0000-0144,1801.29,CPU i5-14600K
2024-05-02,2024-05-02 18:41:11.220,card,ANON-0000-0000-0024,181.08,RAM 8GB DDR4
2024-05-02,2024-05-02 19:18:33.084,card,ANON-0000-0000-0145,124.0,Serviço de Limpeza
2024-05-02,2024-05-02 19:19:56.359,card,ANON-0000-0000-0145,1865.07,CPU i5-14600K
2024-05-03,2024-05-03 10:11:53.399,cash,,122.77,Serviço de Limpeza
2024-05-03,2024-05-03 14:30:00.923,card,ANON-0000-0000-0146,122.43,Serviço de Limpeza
2024-05-03,2024-05-03 17:03:24.905,card,ANON-0000-0000-0147,114.26,Serviço de Limpeza
2024-05-06,2024-05-06 10:05:17.920,card,ANON-0000-0000-0148,245.51,Serviço de Montagem
2024-05-06,2024-05-06 10:06:51.625,card,ANON-0000-0000-0149,1849.77,CPU i5-14600K
2024-05-06,2024-05-06 10:08:05.863,card,ANON-0000-0000-0149,173.9,RAM 8GB DDR4
2024-05-06,2024-05-06 10:09:07.977,card,ANON-0000-0000-0150,254.52,Serviço de Montagem
2024-05-06,2024-05-06 10:39:12.641,card,ANON-0000-0000-0141,759.65,RAM 32GB DDR5
2024-05-06,2024-05-06 11:34:20.640,cash,,258.03,Serviço de Montagem
2024-05-06,2024-05-06 13:18:10.990,card,ANON-0000-0000-0148,785.43,RAM 32GB DDR5
2024-05-06,2024-05-06 13:19:00.811,card,ANON-0000-0000-0148,238.84,Serviço de Montagem
2024-05-06,2024-05-06 19:18:12.989,card,ANON-0000-0000-0151,1750.9,CPU i5-14600K
2024-05-06,2024-05-06 19:19:49.548,card,ANON-0000-0000-0151,1730.57,CPU i5-14600K
2024-05-07,2024-05-07 10:44:55.582,card,ANON-0000-0000-0148,294.58,RAM 16GB DDR4
2024-05-07,2024-05-07 11:21:58.493,card,ANON-0000-0000-0141,758.28,RAM 32GB DDR5
2024-05-07,2024-05-07 13:23:34.943,card,ANON-0000-0000-0077,758.05,RAM 32GB DDR5
2024-05-07,2024-05-07 16:42:07.900,card,ANON-0000-0000-0148,311.04,RAM 16GB DDR4
2024-05-07,2024-05-07 16:55:38.805,card,ANON-0000-0000-0152,243.07,Serviço de Montagem
2024-05-07,2024-05-07 17:37:46.412,card,ANON-0000-0000-0153,1790.1,CPU i5-14600K
2024-05-07,2024-05-07 17:38:48.195,card,ANON-0000-0000-0153,123.96,Serviço de Limpeza
2024-05-07,2024-05-07 18:35:37.235,cash,,173.08,RAM 8GB DDR4
2024-05-07,2024-05-07 19:12:12.524,card,ANON-0000-0000-0154,1799.01,CPU i5-14600K
2024-05-07,2024-05-07 19:13:12.195,card,ANON-0000-0000-0154,1810.39,CPU i5-14600K
2024-05-08,2024-05-08 10:07:28.863,card,ANON-0000-0000-0001,119.68,Serviço de Limpeza
2024-05-09,2024-05-09 12:54:21.812,card,ANON-0000-0000-0155,1889.03,CPU i5-14600K
2024-05-09,2024-05-09 13:03:58.556,card,ANON-0000-0000-0156,248.09,Serviço de Montagem
2024-05-09,2024-05-09 13:04:57.647,card,ANON-0000-0000-0156,123.8,Serviço de Limpeza
2024-05-09,2024-05-09 13:06:11.261,card,ANON-0000-0000-0156,114.83,Serviço de Limpeza
2024-05-09,2024-05-09 13:07:16.409,card,ANON-0000-0000-0156,122.37,Serviço de Limpeza
2024-05-09,2024-05-09 16:55:14.601,card,ANON-0000-0000-0118,256.81,Serviço de Montagem
2024-05-09,2024-05-09 16:56:14.989,card,ANON-0000-0000-0118,240.57,Serviço de Montagem
2024-05-09,2024-05-09 18:01:29.895,card,ANON-0000-0000-0157,251.85,Serviço de Montagem
2024-05-09,2024-05-09 18:13:56.226,card,ANON-0000-0000-0143,174.03,RAM 8GB DDR4
2024-05-10,2024-05-10 10:09:21.972,cash,,125.78,Serviço de Limpeza
2024-05-10,2024-05-10 15:46:21.511,card,ANON-0000-0000-0158,120.68,Serviço de Limpeza
2024-05-10,2024-05-10 15:47:32.508,card,ANON-0000-0000-0158,120.08,Serviço de Limpeza
2024-05-10,2024-05-10 16:20:15.084,cash,,184.76,RAM 8GB DDR4
2024-05-11,2024-05-11 11:39:52.878,card,ANON-0000-0000-0069,116.2,Serviço de Limpeza
2024-05-11,2024-05-11 17:02:43.648,cash,,120.97,Serviço de Limpeza
2024-05-11,2024-05-11 17:20:30.398,card,ANON-0000-0000-0009,188.39,RAM 8GB DDR4
2024-05-11,2024-05-11 17:21:56.117,card,ANON-0000-0000-0026,308.55,RAM 16GB DDR4
2024-05-11,2024-05-11 17:23:57.301,card,ANON-0000-0000-0040,1816.5,CPU i5-14600K
2024-05-11,2024-05-11 17:28:54.132,card,ANON-0000-0000-0012,180.47,RAM 8GB DDR4
2024-05-11,2024-05-11 18:35:40.257,card,ANON-0000-0000-0115,1769.09,CPU i5-14600K
2024-05-11,2024-05-11 19:38:16.096,card,ANON-0000-0000-0159,119.35,Serviço de Limpeza
2024-05-12,2024-05-12 10:20:42.512,card,ANON-0000-0000-0001,116.64,Serviço de Limpeza
2024-05-12,2024-05-12 13:24:03.465,card,ANON-0000-0000-0160,122.71,Serviço de Limpeza
2024-05-12,2024-05-12 13:27:39.043,card,ANON-0000-0000-0161,253.33,Serviço de Montagem
2024-05-12,2024-05-12 15:16:19.815,card,ANON-0000-0000-0077,119.19,Serviço de Limpeza
2024-05-12,2024-05-12 15:38:02.422,card,ANON-0000-0000-0162,188.34,RAM 8GB DDR4
2024-05-12,2024-05-12 15:52:14.871,card,ANON-0000-0000-0163,178.5,RAM 8GB DDR4
2024-05-12,2024-05-12 16:04:21.133,card,ANON-0000-0000-0012,184.79,RAM 8GB DDR4
2024-05-12,2024-05-12 19:41:30.569,card,ANON-0000-0000-0009,185.99,RAM 8GB DDR4
2024-05-13,2024-05-13 11:03:53.348,card,ANON-0000-0000-0164,177.12,RAM 8GB DDR4
2024-05-13,2024-05-13 15:31:10.763,cash,,239.84,Serviço de Montagem
2024-05-13,2024-05-13 15:31:50.907,cash,,242.94,Serviço de Montagem
2024-05-14,2024-05-14 08:38:14.581,card,ANON-0000-0000-0012,239.02,Serviço de Montagem
2024-05-14,2024-05-14 08:39:25.455,card,ANON-0000-0000-0012,239.25,Serviço de Montagem
2024-05-14,2024-05-14 08:40:17.484,card,ANON-0000-0000-0012,241.11,Serviço de Montagem
2024-05-14,2024-05-14 10:19:23.174,card,ANON-0000-0000-0012,1737.88,CPU i5-14600K
2024-05-14,2024-05-14 11:32:29.372,card,ANON-0000-0000-0165,114.97,Serviço de Limpeza
2024-05-14,2024-05-14 11:34:12.851,card,ANON-0000-0000-0165,1726.86,CPU i5-14600K
2024-05-14,2024-05-14 14:04:54.580,card,ANON-0000-0000-0025,1878.05,CPU i5-14600K
2024-05-14,2024-05-14 14:06:00.378,card,ANON-0000-0000-0009,171.72,RAM 8GB DDR4
2024-05-14,2024-05-14 15:01:54.785,card,ANON-0000-0000-0040,257.59,Serviço de Montagem
2024-05-14,2024-05-14 16:57:57.224,card,ANON-0000-0000-0166,182.0,RAM 8GB DDR4
2024-05-14,2024-05-14 16:59:10.194,card,ANON-0000-0000-0166,1835.4,CPU i5-14600K
2024-05-14,2024-05-14 22:51:25.227,card,ANON-0000-0000-0167,144.93,Serviço de Formatação
2024-05-15,2024-05-15 08:40:05.661,card,ANON-0000-0000-0168,124.2,Serviço de Limpeza
2024-05-15,2024-05-15 11:14:19.353,card,ANON-0000-0000-0012,582.64,CPU i3-12100
2024-05-15,2024-05-15 11:19:10.049,card,ANON-0000-0000-0012,248.04,Serviço de Montagem
2024-05-15,2024-05-15 13:34:35.102,card,ANON-0000-0000-0003,254.2,Serviço de Montagem
2024-05-15,2024-05-15 13:35:29.171,card,ANON-0000-0000-0003,259.65,Serviço de Montagem
2024-05-15,2024-05-15 13:36:27.339,card,ANON-0000-0000-0003,251.2,Serviço de Montagem
2024-05-15,2024-05-15 13:55:28.999,card,ANON-0000-0000-0164,171.35,RAM 8GB DDR4
2024-05-15,2024-05-15 14:38:10.847,cash,,249.76,Serviço de Montagem
2024-05-15,2024-05-15 14:38:52.347,card,ANON-0000-0000-0169,753.71,RAM 32GB DDR5
2024-05-15,2024-05-15 14:39:44.367,card,ANON-0000-0000-0012,770.31,RAM 32GB DDR5
2024-05-15,2024-05-15 17:28:58.620,card,ANON-0000-0000-0170,603.96,CPU i3-12100
2024-05-15,2024-05-15 20:20:34.769,card,ANON-0000-0000-0171,1836.74,CPU i5-14600K
2024-05-16,2024-05-16 10:38:42.458,card,ANON-0000-0000-0097,181.61,RAM 8GB DDR4
2024-05-16,2024-05-16 10:39:49.431,card,ANON-0000-0000-0172,180.08,RAM 8GB DDR4
2024-05-16,2024-05-16 11:42:50.285,cash,,117.9,Serviço de Limpeza
2024-05-16,2024-05-16 11:44:20.811,cash,,1792.05,CPU i5-14600K
2024-05-16,2024-05-16 12:14:00.097,card,ANON-0000-0000-0173,177.68,RAM 8GB DDR4
2024-05-16,2024-05-16 15:15:16.315,card,ANON-0000-0000-0174,142.81,Serviço de Formatação
2024-05-16,2024-05-16 17:44:31.548,card,ANON-0000-0000-0069,119.13,Serviço de Limpeza
2024-05-16,2024-05-16 18:12:56.934,card,ANON-0000-0000-0175,153.25,Serviço de Formatação
2024-05-16,2024-05-16 18:13:58.191,card,ANON-0000-0000-0175,122.61,Serviço de Limpeza
2024-05-17,2024-05-17 09:00:48.456,card,ANON-0000-0000-0033,248.63,Serviço de Montagem
2024-05-17,2024-05-17 11:30:27.553,card,ANON-0000-0000-0164,172.26,RAM 8GB DDR4
2024-05-17,2024-05-17 14:58:03.060,cash,,177.32,RAM 8GB DDR4
2024-05-17,2024-05-17 19:55:18.534,card,ANON-0000-0000-0012,175.88,RAM 8GB DDR4
2024-05-17,2024-05-17 19:56:46.751,card,ANON-0000-0000-0009,1883.41,CPU i5-14600K
2024-05-17,2024-05-17 20:37:52.930,card,ANON-0000-0000-0176,1886.83,CPU i5-14600K
2024-05-17,2024-05-17 22:34:50.797,card,ANON-0000-0000-0177,249.92,Serviço de Montagem
2024-05-17,2024-05-17 22:36:33.357,card,ANON-0000-0000-0178,114.16,Serviço de Limpeza
2024-05-17,2024-05-17 22:37:42.821,card,ANON-0000-0000-0179,118.11,Serviço de Limpeza
2024-05-18,2024-05-18 08:01:37.898,card,ANON-0000-0000-0180,1864.8,CPU i5-14600K
2024-05-18,2024-05-18 08:02:39.959,card,ANON-0000-0000-0180,1885.67,CPU i5-14600K
2024-05-18,2024-05-18 11:15:56.089,card,ANON-0000-0000-0181,183.57,RAM 8GB DDR4
2024-05-18,2024-05-18 16:48:29.374,card,ANON-0000-0000-0172,186.53,RAM 8GB DDR4
2024-05-18,2024-05-18 16:49:27.131,card,ANON-0000-0000-0097,188.01,RAM 8GB DDR4
2024-05-18,2024-05-18 19:58:44.210,card,ANON-0000-0000-0040,174.8,RAM 8GB DDR4
2024-05-18,2024-05-18 20:22:53.111,card,ANON-0000-0000-0009,118.89,Serviço de Limpeza
2024-05-18,2024-05-18 22:05:27.473,cash,,1764.15,CPU i5-14600K
2024-05-19,2024-05-19 07:58:38.312,card,ANON-0000-0000-0182,247.01,Serviço de Montagem
2024-05-19,2024-05-19 07:59:33.549,card,ANON-0000-0000-0182,244.59,Serviço de Montagem
2024-05-19,2024-05-19 08:00:35.061,card,ANON-0000-0000-0183,1866.7,CPU i5-14600K
2024-05-19,2024-05-19 09:28:49.723,cash,,581.49,CPU i3-12100
2024-05-19,2024-05-19 12:14:26.676,card,ANON-0000-0000-0184,180.92,RAM 8GB DDR4
2024-05-19,2024-05-19 14:43:40.049,card,ANON-0000-0000-0012,241.99,Serviço de Montagem
2024-05-19,2024-05-19 15:58:58.192,card,ANON-0000-0000-0185,188.18,RAM 8GB DDR4
2024-05-19,2024-05-19 18:12:36.304,card,ANON-0000-0000-0186,184.83,RAM 8GB DDR4
2024-05-19,2024-05-19 18:13:47.762,card,ANON-0000-0000-0186,596.36,CPU i3-12100
2024-05-19,2024-05-19 18:16:30.022,card,ANON-0000-0000-0186,144.82,Serviço de Formatação
2024-05-19,2024-05-19 19:51:06.979,card,ANON-0000-0000-0187,1856.05,CPU i5-14600K
2024-05-19,2024-05-19 21:15:41.761,card,ANON-0000-0000-0188,1871.54,CPU i5-14600K
2024-05-19,2024-05-19 21:18:36.101,card,ANON-0000-0000-0189,1738.26,CPU i5-14600K
2024-05-20,2024-05-20 10:05:59.163,card,ANON-0000-0000-0190,180.24,RAM 8GB DDR4
2024-05-20,2024-05-20 10:17:51.867,card,ANON-0000-0000-0191,116.0,Serviço de Limpeza
2024-05-20,2024-05-20 10:58:48.379,card,ANON-0000-0000-0001,120.28,Serviço de Limpeza
2024-05-20,2024-05-20 11:15:16.363,card,ANON-0000-0000-0143,258.12,Serviço de Montagem
2024-05-20,2024-05-20 11:16:19.637,card,ANON-0000-0000-0143,259.9,Serviço de Montagem
2024-05-20,2024-05-20 13:27:13.420,card,ANON-0000-0000-0003,250.67,Serviço de Montagem
2024-05-20,2024-05-20 13:28:10.440,card,ANON-0000-0000-0003,252.31,Serviço de Montagem
2024-05-20,2024-05-20 14:13:19.017,card,ANON-0000-0000-0192,177.77,RAM 8GB DDR4
2024-05-20,2024-05-20 14:14:31.354,card,ANON-0000-0000-0192,1836.16,CPU i5-14600K
2024-05-20,2024-05-20 14:32:21.252,cash,,258.61,Serviço de Montagem
2024-05-20,2024-05-20 17:12:51.121,card,ANON-0000-0000-0120,125.51,Serviço de Limpeza
2024-05-20,2024-05-20 17:13:56.897,card,ANON-0000-0000-0193,115.66,Serviço de Limpeza
2024-05-20,2024-05-20 20:36:48.320,card,ANON-0000-0000-0194,188.94,RAM 8GB DDR4
2024-05-20,2024-05-20 20:37:57.316,card,ANON-0000-0000-0194,306.31,RAM 16GB DDR4
2024-05-20,2024-05-20 20:46:52.085,card,ANON-0000-0000-0195,730.61,RAM 32GB DDR5
2024-05-20,2024-05-20 21:36:53.986,card,ANON-0000-0000-0012,181.03,RAM 8GB DDR4
2024-05-20,2024-05-20 21:37:57.777,card,ANON-0000-0000-0012,174.2,RAM 8GB DDR4
2024-05-21,2024-05-21 08:27:38.230,card,ANON-0000-0000-0196,115.9,Serviço de Limpeza
2024-05-21,2024-05-21 09:43:50.690,cash,,239.61,Serviço de Montagem
2024-05-21,2024-05-21 09:44:40.309,cash,,172.05,RAM 8GB DDR4
2024-05-21,2024-05-21 09:46:09.430,cash,,304.99,RAM 16GB DDR4
2024-05-21,2024-05-21 10:05:08.033,cash,,124.52,Serviço de Limpeza
2024-05-21,2024-05-21 16:10:19.956,card,ANON-0000-0000-0197,124.6,Serviço de Limpeza
2024-05-21,2024-05-21 18:13:23.998,card,ANON-0000-0000-0012,585.84,CPU i3-12100
2024-05-21,2024-05-21 19:11:09.212,card,ANON-0000-0000-0198,1728.87,CPU i5-14600K
2024-05-21,2024-05-21 20:13:48.358,card,ANON-0000-0000-0199,1793.91,CPU i5-14600K
2024-05-22,2024-05-22 09:34:41.818,card,ANON-0000-0000-0200,1766.35,CPU i5-14600K
2024-05-22,2024-05-22 10:49:47.044,card,ANON-0000-0000-0191,180.61,RAM 8GB DDR4
2024-05-22,2024-05-22 11:18:14.265,card,ANON-0000-0000-0141,739.14,RAM 32GB DDR5
2024-05-22,2024-05-22 11:34:54.968,card,ANON-0000-0000-0097,181.9,RAM 8GB DDR4
2024-05-22,2024-05-22 12:29:50.841,card,ANON-0000-0000-0012,243.63,Serviço de Montagem
2024-05-22,2024-05-22 12:30:43.347,card,ANON-0000-0000-0012,246.31,Serviço de Montagem
2024-05-22,2024-05-22 14:00:20.499,card,ANON-0000-0000-0009,184.01,RAM 8GB DDR4
2024-05-22,2024-05-22 19:24:58.098,card,ANON-0000-0000-0134,1871.27,CPU i5-14600K
2024-05-22,2024-05-22 19:25:58.574,card,ANON-0000-0000-0134,1812.57,CPU i5-14600K
2024-05-22,2024-05-22 21:23:53.000,card,ANON-0000-0000-0180,144.17,Serviço de Formatação
2024-05-22,2024-05-22 21:24:49.584,card,ANON-0000-0000-0180,1864.85,CPU i5-14600K
2024-05-23,2024-05-23 10:10:19.640,card,ANON-0000-0000-0201,1845.2,CPU i5-14600K
2024-05-23,2024-05-23 12:22:06.605,card,ANON-0000-0000-0202,624.02,CPU i3-12100
2024-05-23,2024-05-23 15:55:16.628,card,ANON-0000-0000-0180,1717.69,CPU i5-14600K
2024-05-23,2024-05-23 15:56:27.237,card,ANON-0000-0000-0203,1714.71,CPU i5-14600K
2024-05-23,2024-05-23 16:18:14.053,card,ANON-0000-0000-0180,1860.54,CPU i5-14600K
2024-05-23,2024-05-23 16:41:00.043,card,ANON-0000-0000-0077,124.13,Serviço de Limpeza
2024-05-23,2024-05-23 17:14:33.237,card,ANON-0000-0000-0153,1722.12,CPU i5-14600K
2024-05-23,2024-05-23 17:15:44.861,card,ANON-0000-0000-0153,122.17,Serviço de Limpeza
2024-05-23,2024-05-23 19:03:53.856,card,ANON-0000-0000-0204,739.68,RAM 32GB DDR5
2024-05-23,2024-05-23 19:17:28.431,card,ANON-0000-0000-0134,1716.69,CPU i5-14600K
2024-05-23,2024-05-23 19:18:26.418,card,ANON-0000-0000-0205,1845.6,CPU i5-14600K
2024-05-23,2024-05-23 19:42:31.546,card,ANON-0000-0000-0206,1786.62,CPU i5-14600K
2024-05-23,2024-05-23 20:15:01.429,card,ANON-0000-0000-0207,1726.72,CPU i5-14600K
2024-05-23,2024-05-23 20:16:24.205,card,ANON-0000-0000-0207,117.62,Serviço de Limpeza
2024-05-23,2024-05-23 22:48:10.813,card,ANON-0000-0000-0208,173.24,RAM 8GB DDR4
2024-05-23,2024-05-23 22:55:36.926,cash,,148.68,Serviço de Formatação
2024-05-24,2024-05-24 11:11:59.182,card,ANON-0000-0000-0141,726.75,RAM 32GB DDR5
2024-05-24,2024-05-24 11:15:08.341,card,ANON-0000-0000-0012,251.45,Serviço de Montagem
2024-05-24,2024-05-24 11:16:13.016,card,ANON-0000-0000-0012,246.67,Serviço de Montagem
2024-05-24,2024-05-24 16:07:19.816,card,ANON-0000-0000-0081,149.66,Serviço de Formatação
2024-05-24,2024-05-24 18:17:40.330,card,ANON-0000-0000-0209,734.51,RAM 32GB DDR5
2024-05-24,2024-05-24 18:18:36.698,card,ANON-0000-0000-0209,785.9,RAM 32GB DDR5
2024-05-24,2024-05-24 22:30:40.198,card,ANON-0000-0000-0210,183.17,RAM 8GB DDR4
2024-05-25,2024-05-25 07:40:58.818,cash,,240.1,Serviço de Montagem
2024-05-25,2024-05-25 12:13:53.388,card,ANON-0000-0000-0211,118.41,Serviço de Limpeza
2024-05-25,2024-05-25 12:40:23.587,cash,,249.24,Serviço de Montagem
2024-05-25,2024-05-25 12:42:10.258,card,ANON-0000-0000-0212,171.03,RAM 8GB DDR4
2024-05-25,2024-05-25 12:43:13.275,card,ANON-0000-0000-0212,171.65,RAM 8GB DDR4
2024-05-25,2024-05-25 12:58:12.049,card,ANON-0000-0000-0213,184.13,RAM 8GB DDR4
2024-05-25,2024-05-25 16:47:09.557,card,ANON-0000-0000-0040,187.46,RAM 8GB DDR4
2024-05-25,2024-05-25 16:48:16.834,card,ANON-0000-0000-0040,245.08,Serviço de Montagem
2024-05-26,2024-05-26 10:20:02.233,card,ANON-0000-0000-0001,123.16,Serviço de Limpeza
2024-05-26,2024-05-26 14:24:49.812,card,ANON-0000-0000-0214,174.05,RAM 8GB DDR4
2024-05-26,2024-05-26 14:26:05.248,card,ANON-0000-0000-0215,752.3,RAM 32GB DDR5
2024-05-26,2024-05-26 14:40:58.882,card,ANON-0000-0000-0216,175.22,RAM 8GB DDR4
2024-05-26,2024-05-26 17:19:15.521,card,ANON-0000-0000-0217,1880.53,CPU i5-14600K
2024-05-26,2024-05-26 18:09:52.843,card,ANON-0000-0000-0218,151.54,Serviço de Formatação
2024-05-26,2024-05-26 18:11:02.204,card,ANON-0000-0000-0218,152.71,Serviço de Formatação
2024-05-26,2024-05-26 18:13:14.299,card,ANON-0000-0000-0218,245.1,Serviço de Montagem
2024-05-26,2024-05-26 18:39:18.794,card,ANON-0000-0000-0219,116.32,Serviço de Limpeza
2024-05-26,2024-05-26 20:59:14.954,card,ANON-0000-0000-0220,154.23,Serviço de Formatação
2024-05-26,2024-05-26 21:00:05.568,card,ANON-0000-0000-0220,1790.69,CPU i5-14600K
2024-05-26,2024-05-26 21:02:36.935,card,ANON-0000-0000-0221,778.94,RAM 32GB DDR5
2024-05-26,2024-05-26 21:03:51.772,card,ANON-0000-0000-0222,1714.03,CPU i5-14600K
2024-05-26,2024-05-26 21:04:58.824,card,ANON-0000-0000-0221,121.15,Serviço de Limpeza
2024-05-26,2024-05-26 21:06:02.621,card,ANON-0000-0000-0223,1766.38,CPU i5-14600K
2024-05-27,2024-05-27 11:34:55.252,card,ANON-0000-0000-0012,243.6,Serviço de Montagem
2024-05-27,2024-05-27 14:05:21.688,card,ANON-0000-0000-0224,188.55,RAM 8GB DDR4
2024-05-27,2024-05-27 14:06:43.564,card,ANON-0000-0000-0224,285.96,RAM 16GB DDR4
2024-05-27,2024-05-27 15:11:34.061,card,ANON-0000-0000-0225,244.86,Serviço de Montagem
2024-05-27,2024-05-27 15:14:05.788,card,ANON-0000-0000-0225,247.5,Serviço de Montagem
2024-05-27,2024-05-27 17:50:55.763,card,ANON-0000-0000-0203,121.88,Serviço de Limpeza
2024-05-27,2024-05-27 18:00:50.983,card,ANON-0000-0000-0226,239.86,Serviço de Montagem
2024-05-27,2024-05-27 19:16:27.404,card,ANON-0000-0000-0227,123.42,Serviço de Limpeza
2024-05-27,2024-05-27 19:17:38.729,card,ANON-0000-0000-0228,124.99,Serviço de Limpeza
2024-05-27,2024-05-27 21:29:07.085,card,ANON-0000-0000-0192,182.18,RAM 8GB DDR4
2024-05-27,2024-05-27 21:30:19.772,card,ANON-0000-0000-0206,1807.78,CPU i5-14600K
2024-05-28,2024-05-28 08:37:09.028,card,ANON-0000-0000-0012,182.88,RAM 8GB DDR4
2024-05-28,2024-05-28 09:20:10.736,card,ANON-0000-0000-0097,179.78,RAM 8GB DDR4
2024-05-28,2024-05-28 11:48:18.494,card,ANON-0000-0000-0229,1809.53,CPU i5-14600K
2024-05-28,2024-05-28 13:14:40.435,card,ANON-0000-0000-0230,1743.9,CPU i5-14600K
2024-05-28,2024-05-28 14:10:53.691,card,ANON-0000-0000-0194,294.63,RAM 16GB DDR4
2024-05-28,2024-05-28 16:25:39.330,card,ANON-0000-0000-0141,743.41,RAM 32GB DDR5
2024-05-28,2024-05-28 17:21:43.967,cash,,1757.18,CPU i5-14600K
2024-05-28,2024-05-28 19:09:29.069,card,ANON-0000-0000-0231,247.51,Serviço de Montagem
2024-05-28,2024-05-28 19:10:31.070,card,ANON-0000-0000-0231,117.64,Serviço de Limpeza
2024-05-28,2024-05-28 20:24:32.205,card,ANON-0000-0000-0009,173.09,RAM 8GB DDR4
2024-05-28,2024-05-28 20:50:19.449,card,ANON-0000-0000-0012,237.68,Serviço de Montagem
2024-05-29,2024-05-29 09:14:43.704,card,ANON-0000-0000-0232,115.43,Serviço de Limpeza
2024-05-29,2024-05-29 10:48:46.781,cash,,115.49,Serviço de Limpeza
2024-05-29,2024-05-29 11:14:02.855,card,ANON-0000-0000-0233,150.22,Serviço de Formatação
2024-05-29,2024-05-29 15:10:48.545,card,ANON-0000-0000-0234,244.47,Serviço de Montagem
2024-05-29,2024-05-29 15:22:56.321,card,ANON-0000-0000-0235,115.29,Serviço de Limpeza
2024-05-29,2024-05-29 15:45:12.738,card,ANON-0000-0000-0236,1762.36,CPU i5-14600K
2024-05-29,2024-05-29 16:45:03.950,card,ANON-0000-0000-0237,117.61,Serviço de Limpeza
2024-05-29,2024-05-29 18:24:03.334,card,ANON-0000-0000-0238,775.48,RAM 32GB DDR5
2024-05-29,2024-05-29 18:24:59.311,card,ANON-0000-0000-0238,116.75,Serviço de Limpeza
2024-05-29,2024-05-29 20:30:42.240,card,ANON-0000-0000-0239,153.83,Serviço de Formatação
2024-05-29,2024-05-29 20:32:35.200,card,ANON-0000-0000-0240,312.06,RAM 16GB DDR4
2024-05-30,2024-05-30 08:29:06.277,card,ANON-0000-0000-0241,1862.29,CPU i5-14600K
2024-05-30,2024-05-30 08:30:21.586,card,ANON-0000-0000-0241,123.16,Serviço de Limpeza
2024-05-30,2024-05-30 08:37:05.382,card,ANON-0000-0000-0242,188.12,RAM 8GB DDR4
2024-05-30,2024-05-30 09:47:59.092,card,ANON-0000-0000-0001,121.04,Serviço de Limpeza
2024-05-30,2024-05-30 14:56:15.473,card,ANON-0000-0000-0097,171.81,RAM 8GB DDR4
2024-05-30,2024-05-30 15:16:15.665,card,ANON-0000-0000-0243,572.25,CPU i3-12100
2024-05-30,2024-05-30 15:17:38.656,card,ANON-0000-0000-0012,583.32,CPU i3-12100
2024-05-30,2024-05-30 19:53:11.189,card,ANON-0000-0000-0206,1857.86,CPU i5-14600K
2024-05-30,2024-05-30 20:31:05.430,card,ANON-0000-0000-0244,122.58,Serviço de Limpeza
2024-05-30,2024-05-30 20:46:13.835,card,ANON-0000-0000-0009,148.66,Serviço de Formatação
2024-05-30,2024-05-30 20:47:21.586,card,ANON-0000-0000-0009,179.79,RAM 8GB DDR4
2024-05-31,2024-05-31 07:53:57.274,card,ANON-0000-0000-0245,175.69,RAM 8GB DDR4
2024-05-31,2024-05-31 09:21:07.821,card,ANON-0000-0000-0246,124.27,Serviço de Limpeza
2024-05-31,2024-05-31 09:23:58.791,cash,,123.72,Serviço de Limpeza
2024-05-31,2024-05-31 10:38:07.861,card,ANON-0000-0000-0247,145.3,Serviço de Formatação
2024-05-31,2024-05-31 10:39:06.136,card,ANON-0000-0000-0248,300.67,RAM 16GB DDR4
2024-05-31,2024-05-31 14:50:12.976,card,ANON-0000-0000-0249,179.46,RAM 8GB DDR4
2024-05-31,2024-05-31 18:23:44.636,card,ANON-0000-0000-0250,116.45,Serviço de Limpeza
2024-05-31,2024-05-31 18:25:03.271,card,ANON-0000-0000-0250,123.06,Serviço de Limpeza
2024-05-31,2024-05-31 20:06:39.166,card,ANON-0000-0000-0180,1734.43,CPU i5-14600K
2024-05-31,2024-05-31 20:33:06.403,card,ANON-0000-0000-0134,177.27,RAM 8GB DDR4
2024-05-31,2024-05-31 20:34:32.903,card,ANON-0000-0000-0134,116.52,Serviço de Limpeza
2024-05-31,2024-05-31 22:05:47.070,card,ANON-0000-0000-0206,1727.9,CPU i5-14600K
2024-05-31,2024-05-31 22:06:52.490,card,ANON-0000-0000-0206,184.44,RAM 8GB DDR4
2024-05-31,2024-05-31 22:07:55.368,card,ANON-0000-0000-0206,729.78,RAM 32GB DDR5
2024-06-01,2024-06-01 08:27:01.745,card,ANON-0000-0000-0141,775.53,RAM 32GB DDR5
2024-06-01,2024-06-01 09:48:24.750,card,ANON-0000-0000-0232,122.08,Serviço de Limpeza
2024-06-01,2024-06-01 11:38:09.371,card,ANON-0000-0000-0250,121.49,Serviço de Limpeza
2024-06-01,2024-06-01 14:28:53.739,card,ANON-0000-0000-0097,183.8,RAM 8GB DDR4
2024-06-01,2024-06-01 18:20:12.780,card,ANON-0000-0000-0251,174.44,RAM 8GB DDR4
2024-06-01,2024-06-01 18:21:15.363,card,ANON-0000-0000-0251,180.97,RAM 8GB DDR4
2024-06-01,2024-06-01 20:50:10.488,card,ANON-0000-0000-0154,1746.37,CPU i5-14600K
2024-06-01,2024-06-01 20:51:13.565,card,ANON-0000-0000-0154,1734.89,CPU i5-14600K
2024-06-01,2024-06-01 20:54:59.267,cash,,291.09,RAM 16GB DDR4
2024-06-01,2024-06-01 20:59:09.689,card,ANON-0000-0000-0252,291.93,RAM 16GB DDR4
2024-06-01,2024-06-01 21:51:04.971,card,ANON-0000-0000-0009,180.01,RAM 8GB DDR4
2024-06-02,2024-06-02 20:03:25.799,card,ANON-0000-0000-0009,115.03,Serviço de Limpeza
2024-06-02,2024-06-02 20:24:02.449,card,ANON-0000-0000-0040,186.18,RAM 8GB DDR4
2024-06-02,2024-06-02 20:25:07.238,card,ANON-0000-0000-0040,1751.32,CPU i5-14600K
2024-06-02,2024-06-02 21:07:20.531,card,ANON-0000-0000-0097,174.53,RAM 8GB DDR4
2024-06-02,2024-06-02 21:30:12.430,card,ANON-0000-0000-0253,121.18,Serviço de Limpeza
2024-06-02,2024-06-02 22:43:10.636,cash,,180.01,RAM 8GB DDR4
2024-06-03,2024-06-03 10:12:04.141,card,ANON-0000-0000-0001,115.0,Serviço de Limpeza
2024-06-03,2024-06-03 10:27:49.797,card,ANON-0000-0000-0191,122.61,Serviço de Limpeza
2024-06-03,2024-06-03 14:31:42.338,card,ANON-0000-0000-0025,1856.39,CPU i5-14600K
2024-06-03,2024-06-03 14:33:00.952,card,ANON-0000-0000-0024,187.48,RAM 8GB DDR4
2024-06-03,2024-06-03 14:34:06.922,card,ANON-0000-0000-0009,122.6,Serviço de Limpeza
2024-06-03,2024-06-03 21:42:51.734,cash,,182.04,RAM 8GB DDR4
2024-06-03,2024-06-03 21:43:37.471,cash,,171.4,RAM 8GB DDR4
2024-06-04,2024-06-04 09:23:42.898,card,ANON-0000-0000-0141,746.84,RAM 32GB DDR5
2024-06-04,2024-06-04 10:27:13.975,card,ANON-0000-0000-0097,185.61,RAM 8GB DDR4
2024-06-04,2024-06-04 12:02:10.213,card,ANON-0000-0000-0254,124.27,Serviço de Limpeza
2024-06-04,2024-06-04 12:05:29.186,card,ANON-0000-0000-0254,142.92,Serviço de Formatação
2024-06-04,2024-06-04 15:30:32.455,card,ANON-0000-0000-0255,119.66,Serviço de Limpeza
2024-06-04,2024-06-04 17:46:36.661,card,ANON-0000-0000-0192,725.77,RAM 32GB DDR5
2024-06-04,2024-06-04 17:47:28.847,card,ANON-0000-0000-0192,1720.33,CPU i5-14600K
2024-06-04,2024-06-04 20:13:01.204,card,ANON-0000-0000-0256,146.99,Serviço de Formatação
2024-06-04,2024-06-04 20:50:33.896,card,ANON-0000-0000-0257,1828.41,CPU i5-14600K
2024-06-04,2024-06-04 21:31:58.908,card,ANON-0000-0000-0258,721.63,RAM 32GB DDR5
2024-06-04,2024-06-04 21:33:02.621,card,ANON-0000-0000-0259,177.9,RAM 8GB DDR4
2024-06-04,2024-06-04 21:34:55.667,card,ANON-0000-0000-0260,182.27,RAM 8GB DDR4
2024-06-04,2024-06-04 21:36:06.924,card,ANON-0000-0000-0260,174.19,RAM 8GB DDR4
2024-06-04,2024-06-04 21:37:15.164,card,ANON-0000-0000-0260,177.94,RAM 8GB DDR4
2024-06-05,2024-06-05 08:21:48.964,card,ANON-0000-0000-0261,1888.95,CPU i5-14600K
2024-06-05,2024-06-05 08:23:06.723,card,ANON-0000-0000-0261,1874.58,CPU i5-14600K
2024-06-05,2024-06-05 09:22:43.108,card,ANON-0000-0000-0262,261.74,Serviço de Montagem
2024-06-05,2024-06-05 10:28:50.620,card,ANON-0000-0000-0001,120.49,Serviço de Limpeza
2024-06-05,2024-06-05 10:40:53.188,card,ANON-0000-0000-0097,183.16,RAM 8GB DDR4
2024-06-05,2024-06-05 19:43:57.675,card,ANON-0000-0000-0263,172.59,RAM 8GB DDR4
2024-06-05,2024-06-05 19:59:53.527,card,ANON-0000-0000-0264,117.53,Serviço de Limpeza
2024-06-05,2024-06-05 20:10:47.623,card,ANON-0000-0000-0220,290.98,RAM 16GB DDR4
2024-06-05,2024-06-05 20:12:01.658,card,ANON-0000-0000-0220,751.71,RAM 32GB DDR5
2024-06-06,2024-06-06 08:52:56.351,card,ANON-0000-0000-0097,186.83,RAM 8GB DDR4
2024-06-06,2024-06-06 08:54:08.455,card,ANON-0000-0000-0097,188.26,RAM 8GB DDR4
2024-06-06,2024-06-06 10:36:09.667,card,ANON-0000-0000-0001,124.9,Serviço de Limpeza
2024-06-06,2024-06-06 12:17:41.474,card,ANON-0000-0000-0265,254.07,Serviço de Montagem
2024-06-06,2024-06-06 15:11:14.185,card,ANON-0000-0000-0224,178.37,RAM 8GB DDR4
2024-06-06,2024-06-06 15:24:06.221,card,ANON-0000-0000-0266,1878.59,CPU i5-14600K
2024-06-06,2024-06-06 21:14:05.102,card,ANON-0000-0000-0267,120.37,Serviço de Limpeza
2024-06-06,2024-06-06 21:15:42.227,card,ANON-0000-0000-0267,125.94,Serviço de Limpeza
2024-06-06,2024-06-06 21:18:26.713,card,ANON-0000-0000-0206,1877.33,CPU i5-14600K
2024-06-06,2024-06-06 21:19:30.436,card,ANON-0000-0000-0206,187.01,RAM 8GB DDR4
2024-06-06,2024-06-06 21:21:04.440,card,ANON-0000-0000-0267,119.1,Serviço de Limpeza
2024-06-07,2024-06-07 08:18:04.296,card,ANON-0000-0000-0268,1715.71,CPU i5-14600K
2024-06-07,2024-06-07 10:35:28.104,card,ANON-0000-0000-0269,579.46,CPU i3-12100
2024-06-07,2024-06-07 13:34:18.297,card,ANON-0000-0000-0164,173.1,RAM 8GB DDR4
2024-06-07,2024-06-07 16:45:42.218,card,ANON-0000-0000-0270,713.7,RAM 32GB DDR5
2024-06-07,2024-06-07 16:47:15.481,card,ANON-0000-0000-0270,720.45,RAM 32GB DDR5
2024-06-08,2024-06-08 09:04:20.016,card,ANON-0000-0000-0271,746.19,RAM 32GB DDR5
2024-06-08,2024-06-08 09:26:11.160,card,ANON-0000-0000-0097,175.65,RAM 8GB DDR4
2024-06-08,2024-06-08 20:24:54.320,card,ANON-0000-0000-0134,1774.15,CPU i5-14600K
2024-06-08,2024-06-08 20:25:56.316,card,ANON-0000-0000-0134,1761.93,CPU i5-14600K
2024-06-09,2024-06-09 08:15:52.760,card,ANON-0000-0000-0097,114.56,Serviço de Limpeza
2024-06-09,2024-06-09 10:30:04.461,card,ANON-0000-0000-0272,115.33,Serviço de Limpeza
2024-06-09,2024-06-09 10:52:05.797,card,ANON-0000-0000-0273,1838.16,CPU i5-14600K
2024-06-09,2024-06-09 11:04:41.306,card,ANON-0000-0000-0141,742.46,RAM 32GB DDR5
2024-06-09,2024-06-09 11:07:08.108,card,ANON-0000-0000-0274,586.01,CPU i3-12100
2024-06-09,2024-06-09 11:52:49.616,card,ANON-0000-0000-0275,1802.91,CPU i5-14600K
2024-06-09,2024-06-09 12:11:23.640,card,ANON-0000-0000-0276,176.29,RAM 8GB DDR4
2024-06-09,2024-06-09 12:13:08.067,card,ANON-0000-0000-0276,115.95,Serviço de Limpeza
2024-06-09,2024-06-09 12:14:10.783,card,ANON-0000-0000-0276,120.49,Serviço de Limpeza
2024-06-09,2024-06-09 15:10:30.692,card,ANON-0000-0000-0277,730.2,RAM 32GB DDR5
2024-06-09,2024-06-09 16:17:28.189,card,ANON-0000-0000-0278,1798.72,CPU i5-14600K
2024-06-09,2024-06-09 19:21:19.277,card,ANON-0000-0000-0279,186.62,RAM 8GB DDR4
2024-06-09,2024-06-09 21:05:08.844,card,ANON-0000-0000-0280,258.52,Serviço de Montagem
2024-06-10,2024-06-10 12:47:49.861,card,ANON-0000-0000-0281,1829.64,CPU i5-14600K
2024-06-10,2024-06-10 12:56:48.268,card,ANON-0000-0000-0097,114.19,Serviço de Limpeza
2024-06-10,2024-06-10 19:04:28.106,card,ANON-0000-0000-0282,151.47,Serviço de Formatação
2024-06-10,2024-06-10 19:05:22.770,card,ANON-0000-0000-0282,148.54,Serviço de Formatação
2024-06-10,2024-06-10 19:37:23.602,card,ANON-0000-0000-0283,120.91,Serviço de Limpeza
2024-06-10,2024-06-10 19:38:19.678,card,ANON-0000-0000-0283,115.3,Serviço de Limpeza
2024-06-11,2024-06-11 10:38:03.953,card,ANON-0000-0000-0284,185.39,RAM 8GB DDR4
2024-06-11,2024-06-11 18:48:25.292,card,ANON-0000-0000-0285,125.68,Serviço de Limpeza
2024-06-11,2024-06-11 18:49:36.428,card,ANON-0000-0000-0285,118.01,Serviço de Limpeza
2024-06-11,2024-06-11 21:17:03.344,card,ANON-0000-0000-0286,146.36,Serviço de Formatação
2024-06-11,2024-06-11 21:27:41.900,card,ANON-0000-0000-0287,181.93,RAM 8GB DDR4
2024-06-11,2024-06-11 21:28:50.220,card,ANON-0000-0000-0287,181.99,RAM 8GB DDR4
2024-06-12,2024-06-12 10:18:18.786,card,ANON-0000-0000-0288,156.92,Serviço de Formatação
2024-06-12,2024-06-12 11:51:43.858,card,ANON-0000-0000-0289,1817.55,CPU i5-14600K
2024-06-12,2024-06-12 17:41:17.179,card,ANON-0000-0000-0283,125.74,Serviço de Limpeza
2024-06-12,2024-06-12 17:47:27.878,card,ANON-0000-0000-0290,116.49,Serviço de Limpeza
2024-06-12,2024-06-12 20:16:33.648,card,ANON-0000-0000-0256,146.52,Serviço de Formatação
2024-06-12,2024-06-12 20:25:34.239,card,ANON-0000-0000-0291,175.75,RAM 8GB DDR4
2024-06-13,2024-06-13 08:54:24.207,card,ANON-0000-0000-0292,250.3,Serviço de Montagem
2024-06-13,2024-06-13 08:57:25.592,card,ANON-0000-0000-0097,125.95,Serviço de Limpeza
2024-06-13,2024-06-13 09:50:25.038,card,ANON-0000-0000-0293,174.39,RAM 8GB DDR4
2024-06-13,2024-06-13 09:57:11.518,card,ANON-0000-0000-0141,758.02,RAM 32GB DDR5
2024-06-13,2024-06-13 17:04:58.601,card,ANON-0000-0000-0294,181.32,RAM 8GB DDR4
2024-06-13,2024-06-13 17:27:46.626,card,ANON-0000-0000-0295,145.36,Serviço de Formatação
2024-06-13,2024-06-13 19:22:19.083,card,ANON-0000-0000-0296,117.22,Serviço de Limpeza
2024-06-13,2024-06-13 20:20:51.762,card,ANON-0000-0000-0012,176.62,RAM 8GB DDR4
2024-06-13,2024-06-13 20:43:45.991,card,ANON-0000-0000-0012,622.51,CPU i3-12100
2024-06-13,2024-06-13 20:45:00.615,card,ANON-0000-0000-0295,587.93,CPU i3-12100
2024-06-13,2024-06-13 20:48:17.902,card,ANON-0000-0000-0009,181.42,RAM 8GB DDR4
2024-06-13,2024-06-13 21:02:28.377,card,ANON-0000-0000-0009,180.25,RAM 8GB DDR4
2024-06-14,2024-06-14 07:46:13.238,card,ANON-0000-0000-0141,725.26,RAM 32GB DDR5
2024-06-14,2024-06-14 10:30:31.584,card,ANON-0000-0000-0297,253.68,Serviço de Montagem
2024-06-14,2024-06-14 12:14:41.696,card,ANON-0000-0000-0097,118.48,Serviço de Limpeza
2024-06-14,2024-06-14 18:29:53.399,card,ANON-0000-0000-0298,173.47,RAM 8GB DDR4
2024-06-15,2024-06-15 11:26:01.974,card,ANON-0000-0000-0299,1856.85,CPU i5-14600K
2024-06-15,2024-06-15 12:21:28.135,card,ANON-0000-0000-0300,123.37,Serviço de Limpeza
2024-06-15,2024-06-15 12:22:46.942,card,ANON-0000-0000-0300,187.26,RAM 8GB DDR4
2024-06-15,2024-06-15 12:23:52.166,card,ANON-0000-0000-0300,613.11,CPU i3-12100
2024-06-15,2024-06-15 12:24:35.130,card,ANON-0000-0000-0300,314.16,RAM 16GB DDR4
2024-06-15,2024-06-15 12:25:23.960,card,ANON-0000-0000-0300,181.1,RAM 8GB DDR4
2024-06-15,2024-06-15 16:03:29.909,card,ANON-0000-0000-0301,182.97,RAM 8GB DDR4
2024-06-15,2024-06-15 18:14:04.623,card,ANON-0000-0000-0302,240.21,Serviço de Montagem
2024-06-16,2024-06-16 10:43:51.456,card,ANON-0000-0000-0059,174.54,RAM 8GB DDR4
2024-06-16,2024-06-16 10:58:41.366,card,ANON-0000-0000-0303,116.51,Serviço de Limpeza
2024-06-16,2024-06-16 11:00:38.191,card,ANON-0000-0000-0303,143.88,Serviço de Formatação
2024-06-16,2024-06-16 11:01:41.488,card,ANON-0000-0000-0303,149.11,Serviço de Formatação
2024-06-16,2024-06-16 12:49:27.624,card,ANON-0000-0000-0276,175.13,RAM 8GB DDR4
2024-06-16,2024-06-16 14:00:38.992,card,ANON-0000-0000-0274,605.12,CPU i3-12100
2024-06-16,2024-06-16 15:02:36.332,card,ANON-0000-0000-0304,185.49,RAM 8GB DDR4
2024-06-16,2024-06-16 15:05:10.421,card,ANON-0000-0000-0304,176.13,RAM 8GB DDR4
2024-06-16,2024-06-16 15:43:59.593,card,ANON-0000-0000-0305,148.38,Serviço de Formatação
2024-06-16,2024-06-16 16:47:36.521,card,ANON-0000-0000-0306,153.62,Serviço de Formatação
2024-06-16,2024-06-16 17:45:17.267,card,ANON-0000-0000-0059,181.22,RAM 8GB DDR4
2024-06-16,2024-06-16 17:46:16.554,card,ANON-0000-0000-0059,173.73,RAM 8GB DDR4
2024-06-17,2024-06-17 08:57:24.044,card,ANON-0000-0000-0307,255.75,Serviço de Montagem
2024-06-17,2024-06-17 10:12:05.139,card,ANON-0000-0000-0308,746.96,RAM 32GB DDR5
2024-06-17,2024-06-17 10:13:37.575,card,ANON-0000-0000-0308,750.4,RAM 32GB DDR5
2024-06-17,2024-06-17 10:55:51.608,card,ANON-0000-0000-0042,1790.55,CPU i5-14600K
2024-06-17,2024-06-17 14:51:35.381,card,ANON-0000-0000-0164,1806.43,CPU i5-14600K
2024-06-17,2024-06-17 16:50:13.441,card,ANON-0000-0000-0012,1772.77,CPU i5-14600K
2024-06-17,2024-06-17 16:51:11.038,card,ANON-0000-0000-0012,1829.99,CPU i5-14600K
2024-06-17,2024-06-17 16:52:36.336,card,ANON-0000-0000-0012,248.35,Serviço de Montagem
2024-06-17,2024-06-17 18:51:19.631,card,ANON-0000-0000-0309,242.51,Serviço de Montagem
2024-06-17,2024-06-17 21:16:11.485,card,ANON-0000-0000-0009,175.81,RAM 8GB DDR4
2024-06-18,2024-06-18 14:04:06.125,card,ANON-0000-0000-0299,242.12,Serviço de Montagem
2024-06-18,2024-06-18 14:05:12.313,card,ANON-0000-0000-0299,1822.96,CPU i5-14600K
2024-06-18,2024-06-18 19:20:40.571,card,ANON-0000-0000-0154,1803.44,CPU i5-14600K
2024-06-18,2024-06-18 19:21:38.892,card,ANON-0000-0000-0154,1764.33,CPU i5-14600K
2024-06-18,2024-06-18 20:35:49.497,card,ANON-0000-0000-0310,735.74,RAM 32GB DDR5
2024-06-18,2024-06-18 21:20:49.526,card,ANON-0000-0000-0012,180.27,RAM 8GB DDR4
2024-06-18,2024-06-18 21:22:18.518,card,ANON-0000-0000-0012,188.56,RAM 8GB DDR4
2024-06-19,2024-06-19 07:47:19.833,card,ANON-0000-0000-0311,120.08,Serviço de Limpeza
2024-06-19,2024-06-19 08:17:54.508,card,ANON-0000-0000-0141,784.22,RAM 32GB DDR5
2024-06-19,2024-06-19 10:54:00.492,card,ANON-0000-0000-0312,249.27,Serviço de Montagem
2024-06-19,2024-06-19 11:11:27.807,card,ANON-0000-0000-0313,119.81,Serviço de Limpeza
2024-06-19,2024-06-19 11:12:31.412,card,ANON-0000-0000-0313,314.75,RAM 16GB DDR4
2024-06-19,2024-06-19 14:21:36.258,card,ANON-0000-0000-0164,183.48,RAM 8GB DDR4
2024-06-19,2024-06-19 18:28:43.437,card,ANON-0000-0000-0153,1879.76,CPU i5-14600K
2024-06-19,2024-06-19 18:29:58.961,card,ANON-0000-0000-0153,119.71,Serviço de Limpeza
2024-06-19,2024-06-19 19:31:31.293,card,ANON-0000-0000-0009,188.75,RAM 8GB DDR4
2024-06-19,2024-06-19 21:28:59.485,card,ANON-0000-0000-0192,1823.72,CPU i5-14600K
2024-06-19,2024-06-19 21:30:03.484,card,ANON-0000-0000-0192,185.26,RAM 8GB DDR4
2024-06-20,2024-06-20 10:50:06.453,card,ANON-0000-0000-0097,117.7,Serviço de Limpeza
2024-06-20,2024-06-20 18:59:02.082,card,ANON-0000-0000-0314,115.82,Serviço de Limpeza
2024-06-20,2024-06-20 19:00:00.237,card,ANON-0000-0000-0314,124.01,Serviço de Limpeza
2024-06-20,2024-06-20 21:39:10.013,card,ANON-0000-0000-0257,123.99,Serviço de Limpeza
2024-06-20,2024-06-20 21:57:40.554,card,ANON-0000-0000-0009,125.5,Serviço de Limpeza
2024-06-20,2024-06-20 21:59:17.598,card,ANON-0000-0000-0009,181.4,RAM 8GB DDR4
2024-06-21,2024-06-21 09:59:55.930,card,ANON-0000-0000-0311,124.16,Serviço de Limpeza
2024-06-21,2024-06-21 10:01:40.183,card,ANON-0000-0000-0315,254.25,Serviço de Montagem
2024-06-21,2024-06-21 13:19:19.416,card,ANON-0000-0000-0012,178.74,RAM 8GB DDR4
2024-06-21,2024-06-21 13:20:31.513,card,ANON-0000-0000-0012,174.17,RAM 8GB DDR4
2024-06-21,2024-06-21 18:12:16.064,card,ANON-0000-0000-0316,606.76,CPU i3-12100
2024-06-21,2024-06-21 19:30:26.651,card,ANON-0000-0000-0009,122.9,Serviço de Limpeza
2024-06-21,2024-06-21 19:47:06.201,card,ANON-0000-0000-0154,1794.88,CPU i5-14600K
2024-06-21,2024-06-21 19:48:06.713,card,ANON-0000-0000-0154,1815.45,CPU i5-14600K
2024-06-21,2024-06-21 19:49:54.505,card,ANON-0000-0000-0180,1844.39,CPU i5-14600K
2024-06-21,2024-06-21 19:51:00.211,card,ANON-0000-0000-0180,1794.08,CPU i5-14600K
2024-06-21,2024-06-21 19:52:18.775,card,ANON-0000-0000-0180,249.03,Serviço de Montagem
2024-06-21,2024-06-21 19:55:37.142,card,ANON-0000-0000-0311,174.45,RAM 8GB DDR4
2024-06-22,2024-06-22 08:39:50.273,card,ANON-0000-0000-0141,720.06,RAM 32GB DDR5
2024-06-22,2024-06-22 09:37:48.779,card,ANON-0000-0000-0311,180.43,RAM 8GB DDR4
2024-06-22,2024-06-22 12:53:15.541,card,ANON-0000-0000-0317,183.49,RAM 8GB DDR4
2024-06-22,2024-06-22 15:37:20.137,card,ANON-0000-0000-0009,115.26,Serviço de Limpeza
2024-06-22,2024-06-22 22:10:22.998,card,ANON-0000-0000-0318,1713.94,CPU i5-14600K
2024-06-23,2024-06-23 18:12:01.406,card,ANON-0000-0000-0012,181.73,RAM 8GB DDR4
2024-06-23,2024-06-23 18:13:50.638,card,ANON-0000-0000-0012,181.54,RAM 8GB DDR4
2024-06-23,2024-06-23 21:06:46.956,card,ANON-0000-0000-0319,1881.17,CPU i5-14600K
2024-06-23,2024-06-23 21:29:07.823,card,ANON-0000-0000-0320,117.11,Serviço de Limpeza
2024-06-23,2024-06-23 21:30:36.375,card,ANON-0000-0000-0320,1737.15,CPU i5-14600K
2024-06-24,2024-06-24 11:44:39.939,card,ANON-0000-0000-0164,185.32,RAM 8GB DDR4
2024-06-24,2024-06-24 11:49:36.044,card,ANON-0000-0000-0180,1824.04,CPU i5-14600K
2024-06-24,2024-06-24 11:50:44.080,card,ANON-0000-0000-0180,1818.83,CPU i5-14600K
2024-06-24,2024-06-24 15:02:28.995,card,ANON-0000-0000-0321,124.4,Serviço de Limpeza
2024-06-24,2024-06-24 16:46:00.573,card,ANON-0000-0000-0203,1826.58,CPU i5-14600K
2024-06-24,2024-06-24 16:47:00.409,card,ANON-0000-0000-0203,1749.5,CPU i5-14600K
2024-06-25,2024-06-25 08:19:24.244,card,ANON-0000-0000-0322,119.61,Serviço de Limpeza
2024-06-25,2024-06-25 10:28:26.408,card,ANON-0000-0000-0012,181.42,RAM 8GB DDR4
2024-06-25,2024-06-25 10:29:42.410,card,ANON-0000-0000-0040,178.51,RAM 8GB DDR4
2024-06-25,2024-06-25 11:34:52.296,card,ANON-0000-0000-0203,1722.64,CPU i5-14600K
2024-06-26,2024-06-26 09:33:01.706,card,ANON-0000-0000-0323,123.75,Serviço de Limpeza
2024-06-26,2024-06-26 16:32:29.453,card,ANON-0000-0000-0324,619.78,CPU i3-12100
2024-06-26,2024-06-26 16:34:01.607,card,ANON-0000-0000-0325,240.89,Serviço de Montagem
2024-06-26,2024-06-26 21:21:53.296,card,ANON-0000-0000-0009,120.85,Serviço de Limpeza
2024-06-26,2024-06-26 21:27:00.807,card,ANON-0000-0000-0009,1873.85,CPU i5-14600K
2024-06-26,2024-06-26 21:28:14.566,card,ANON-0000-0000-0206,178.98,RAM 8GB DDR4
2024-06-27,2024-06-27 09:15:43.173,card,ANON-0000-0000-0326,178.23,RAM 8GB DDR4
2024-06-27,2024-06-27 16:11:48.000,card,ANON-0000-0000-0327,772.71,RAM 32GB DDR5
2024-06-27,2024-06-27 21:44:03.372,card,ANON-0000-0000-0328,185.11,RAM 8GB DDR4
2024-06-27,2024-06-27 21:50:31.617,card,ANON-0000-0000-0329,1829.54,CPU i5-14600K
2024-06-28,2024-06-28 08:08:35.044,card,ANON-0000-0000-0141,741.9,RAM 32GB DDR5
2024-06-28,2024-06-28 17:51:53.993,card,ANON-0000-0000-0274,600.77,CPU i3-12100
2024-06-28,2024-06-28 21:50:55.375,card,ANON-0000-0000-0330,180.05,RAM 8GB DDR4
2024-06-28,2024-06-28 21:52:01.867,card,ANON-0000-0000-0331,115.24,Serviço de Limpeza
2024-06-28,2024-06-28 22:28:19.976,card,ANON-0000-0000-0332,1773.13,CPU i5-14600K
2024-06-29,2024-06-29 09:47:10.304,card,ANON-0000-0000-0097,180.47,RAM 8GB DDR4
2024-06-29,2024-06-29 11:40:19.582,card,ANON-0000-0000-0333,182.98,RAM 8GB DDR4
2024-06-29,2024-06-29 11:41:26.609,card,ANON-0000-0000-0333,173.57,RAM 8GB DDR4
2024-06-29,2024-06-29 12:30:24.358,card,ANON-0000-0000-0334,1868.47,CPU i5-14600K
2024-06-29,2024-06-29 12:31:42.582,card,ANON-0000-0000-0334,1782.18,CPU i5-14600K
2024-06-29,2024-06-29 17:23:43.583,card,ANON-0000-0000-0335,1870.57,CPU i5-14600K
2024-06-29,2024-06-29 17:24:52.377,card,ANON-0000-0000-0335,148.21,Serviço de Formatação
2024-06-29,2024-06-29 21:27:22.449,card,ANON-0000-0000-0009,116.55,Serviço de Limpeza
2024-06-30,2024-06-30 10:28:09.842,card,ANON-0000-0000-0336,124.0,Serviço de Limpeza
2024-06-30,2024-06-30 13:05:50.620,card,ANON-0000-0000-0337,579.43,CPU i3-12100
2024-06-30,2024-06-30 16:54:41.679,card,ANON-0000-0000-0009,149.13,Serviço de Formatação
2024-06-30,2024-06-30 21:04:09.746,card,ANON-0000-0000-0097,175.51,RAM 8GB DDR4
2024-07-01,2024-07-01 18:07:26.760,card,ANON-0000-0000-0012,595.67,CPU i3-12100
2024-07-01,2024-07-01 18:56:51.844,card,ANON-0000-0000-0338,1805.02,CPU i5-14600K
2024-07-01,2024-07-01 18:57:54.267,card,ANON-0000-0000-0339,1772.06,CPU i5-14600K
2024-07-02,2024-07-02 10:42:54.057,card,ANON-0000-0000-0304,183.6,RAM 8GB DDR4
2024-07-02,2024-07-02 10:45:00.617,card,ANON-0000-0000-0304,260.91,Serviço de Montagem
2024-07-02,2024-07-02 12:48:05.181,card,ANON-0000-0000-0019,118.4,Serviço de Limpeza
2024-07-02,2024-07-02 14:03:13.231,card,ANON-0000-0000-0340,238.41,Serviço de Montagem
2024-07-02,2024-07-02 16:31:24.337,card,ANON-0000-0000-0341,182.5,RAM 8GB DDR4
2024-07-02,2024-07-02 22:02:23.576,card,ANON-0000-0000-0329,178.1,RAM 8GB DDR4
2024-07-03,2024-07-03 13:51:14.935,card,ANON-0000-0000-0012,185.7,RAM 8GB DDR4
2024-07-03,2024-07-03 16:01:16.554,card,ANON-0000-0000-0342,1728.91,CPU i5-14600K
2024-07-03,2024-07-03 16:50:25.223,card,ANON-0000-0000-0343,1866.93,CPU i5-14600K
2024-07-03,2024-07-03 16:53:15.618,card,ANON-0000-0000-0270,181.68,RAM 8GB DDR4
2024-07-03,2024-07-03 16:54:22.907,card,ANON-0000-0000-0344,181.73,RAM 8GB DDR4
2024-07-03,2024-07-03 16:55:31.423,card,ANON-0000-0000-0270,118.26,Serviço de Limpeza
2024-07-03,2024-07-03 16:59:25.580,card,ANON-0000-0000-0345,586.08,CPU i3-12100
2024-07-03,2024-07-03 17:59:01.827,card,ANON-0000-0000-0346,1782.64,CPU i5-14600K
2024-07-03,2024-07-03 19:06:09.136,card,ANON-0000-0000-0009,117.27,Serviço de Limpeza
2024-07-04,2024-07-04 10:26:23.725,card,ANON-0000-0000-0143,185.05,RAM 8GB DDR4
2024-07-04,2024-07-04 10:27:30.261,card,ANON-0000-0000-0012,261.85,Serviço de Montagem
2024-07-05,2024-07-05 12:20:28.670,card,ANON-0000-0000-0058,293.87,RAM 16GB DDR4
2024-07-05,2024-07-05 13:43:43.134,card,ANON-0000-0000-0040,182.81,RAM 8GB DDR4
2024-07-05,2024-07-05 13:44:43.829,card,ANON-0000-0000-0347,187.06,RAM 8GB DDR4
2024-07-05,2024-07-05 18:55:56.308,card,ANON-0000-0000-0348,606.92,CPU i3-12100
2024-07-05,2024-07-05 19:55:07.812,card,ANON-0000-0000-0099,247.74,Serviço de Montagem
2024-07-05,2024-07-05 22:11:56.471,card,ANON-0000-0000-0349,572.85,CPU i3-12100
2024-07-05,2024-07-05 22:18:03.324,card,ANON-0000-0000-0350,256.72,Serviço de Montagem
2024-07-05,2024-07-05 22:18:56.945,card,ANON-0000-0000-0350,257.15,Serviço de Montagem
2024-07-05,2024-07-05 22:20:01.149,card,ANON-0000-0000-0351,1802.64,CPU i5-14600K
2024-07-05,2024-07-05 22:21:09.457,card,ANON-0000-0000-0351,184.52,RAM 8GB DDR4
2024-07-06,2024-07-06 10:28:06.826,card,ANON-0000-0000-0352,119.89,Serviço de Limpeza
2024-07-06,2024-07-06 17:15:46.042,card,ANON-0000-0000-0009,124.23,Serviço de Limpeza
2024-07-06,2024-07-06 17:17:01.046,card,ANON-0000-0000-0009,114.31,Serviço de Limpeza
2024-07-06,2024-07-06 19:09:46.107,card,ANON-0000-0000-0012,120.2,Serviço de Limpeza
2024-07-06,2024-07-06 19:10:39.580,card,ANON-0000-0000-0012,185.41,RAM 8GB DDR4
2024-07-07,2024-07-07 09:04:20.169,card,ANON-0000-0000-0303,1835.62,CPU i5-14600K
2024-07-07,2024-07-07 09:14:29.225,card,ANON-0000-0000-0353,180.79,RAM 8GB DDR4
2024-07-07,2024-07-07 09:15:36.815,card,ANON-0000-0000-0353,172.72,RAM 8GB DDR4
2024-07-07,2024-07-07 09:28:48.876,card,ANON-0000-0000-0354,1742.17,CPU i5-14600K
2024-07-07,2024-07-07 09:29:56.189,card,ANON-0000-0000-0354,1828.54,CPU i5-14600K
2024-07-07,2024-07-07 14:56:30.193,card,ANON-0000-0000-0355,150.52,Serviço de Formatação
2024-07-07,2024-07-07 14:57:47.411,card,ANON-0000-0000-0355,288.19,RAM 16GB DDR4
2024-07-07,2024-07-07 17:07:50.284,card,ANON-0000-0000-0356,120.34,Serviço de Limpeza
2024-07-07,2024-07-07 19:33:27.187,card,ANON-0000-0000-0357,1741.7,CPU i5-14600K
2024-07-07,2024-07-07 20:01:31.653,card,ANON-0000-0000-0358,150.32,Serviço de Formatação
2024-07-07,2024-07-07 22:33:36.255,card,ANON-0000-0000-0359,180.56,RAM 8GB DDR4
2024-07-08,2024-07-08 07:33:07.724,card,ANON-0000-0000-0360,114.09,Serviço de Limpeza
2024-07-08,2024-07-08 12:02:50.421,card,ANON-0000-0000-0361,240.94,Serviço de Montagem
2024-07-08,2024-07-08 14:40:24.350,card,ANON-0000-0000-0362,255.43,Serviço de Montagem
2024-07-08,2024-07-08 19:30:34.976,card,ANON-0000-0000-0363,174.78,RAM 8GB DDR4
2024-07-08,2024-07-08 22:14:46.180,card,ANON-0000-0000-0019,117.75,Serviço de Limpeza
2024-07-09,2024-07-09 10:26:52.138,card,ANON-0000-0000-0333,185.23,RAM 8GB DDR4
2024-07-09,2024-07-09 10:40:28.767,card,ANON-0000-0000-0276,178.08,RAM 8GB DDR4
2024-07-09,2024-07-09 11:21:36.103,card,ANON-0000-0000-0194,185.35,RAM 8GB DDR4
2024-07-09,2024-07-09 11:22:49.904,card,ANON-0000-0000-0194,1738.7,CPU i5-14600K
2024-07-09,2024-07-09 16:42:59.535,card,ANON-0000-0000-0364,173.19,RAM 8GB DDR4
2024-07-10,2024-07-10 11:10:41.690,card,ANON-0000-0000-0365,255.01,Serviço de Montagem
2024-07-10,2024-07-10 12:28:53.659,card,ANON-0000-0000-0366,182.67,RAM 8GB DDR4
2024-07-10,2024-07-10 22:13:10.049,card,ANON-0000-0000-0328,119.76,Serviço de Limpeza
2024-07-11,2024-07-11 11:27:27.562,card,ANON-0000-0000-0367,146.29,Serviço de Formatação
2024-07-11,2024-07-11 16:48:18.709,card,ANON-0000-0000-0368,171.62,RAM 8GB DDR4
2024-07-11,2024-07-11 22:22:13.648,card,ANON-0000-0000-0369,121.72,Serviço de Limpeza
2024-07-11,2024-07-11 22:30:58.541,card,ANON-0000-0000-0370,238.07,Serviço de Montagem
2024-07-12,2024-07-12 08:03:17.492,card,ANON-0000-0000-0371,766.86,RAM 32GB DDR5
2024-07-12,2024-07-12 11:48:33.381,card,ANON-0000-0000-0372,146.12,Serviço de Formatação
2024-07-12,2024-07-12 22:33:25.589,card,ANON-0000-0000-0178,147.1,Serviço de Formatação
2024-07-12,2024-07-12 22:34:14.307,card,ANON-0000-0000-0177,155.49,Serviço de Formatação
2024-07-12,2024-07-12 22:35:29.518,card,ANON-0000-0000-0179,145.29,Serviço de Formatação
2024-07-13,2024-07-13 10:38:10.273,card,ANON-0000-0000-0365,122.81,Serviço de Limpeza
2024-07-13,2024-07-13 11:41:38.089,card,ANON-0000-0000-0365,115.07,Serviço de Limpeza
2024-07-14,2024-07-14 10:54:24.307,card,ANON-0000-0000-0373,237.59,Serviço de Montagem
2024-07-14,2024-07-14 10:55:30.525,card,ANON-0000-0000-0373,172.06,RAM 8GB DDR4
2024-07-14,2024-07-14 10:56:30.251,card,ANON-0000-0000-0373,1758.52,CPU i5-14600K
2024-07-14,2024-07-14 10:57:54.062,card,ANON-0000-0000-0374,119.43,Serviço de Limpeza
2024-07-14,2024-07-14 11:02:11.798,card,ANON-0000-0000-0375,256.39,Serviço de Montagem
2024-07-14,2024-07-14 22:31:29.976,card,ANON-0000-0000-0376,115.6,Serviço de Limpeza
2024-07-15,2024-07-15 07:33:05.557,card,ANON-0000-0000-0377,1807.21,CPU i5-14600K
2024-07-16,2024-07-16 12:23:37.467,card,ANON-0000-0000-0378,183.58,RAM 8GB DDR4
2024-07-16,2024-07-16 19:29:25.485,card,ANON-0000-0000-0367,153.34,Serviço de Formatação
2024-07-17,2024-07-17 13:04:59.744,card,ANON-0000-0000-0379,181.98,RAM 8GB DDR4
2024-07-18,2024-07-18 11:10:13.393,card,ANON-0000-0000-0380,178.6,RAM 8GB DDR4
2024-07-18,2024-07-18 11:11:23.434,card,ANON-0000-0000-0381,611.0,CPU i3-12100
2024-07-18,2024-07-18 11:32:59.624,card,ANON-0000-0000-0059,251.52,Serviço de Montagem
2024-07-18,2024-07-18 11:34:48.437,card,ANON-0000-0000-0059,244.69,Serviço de Montagem
2024-07-18,2024-07-18 11:35:51.505,card,ANON-0000-0000-0059,722.92,RAM 32GB DDR5
2024-07-18,2024-07-18 13:23:33.812,card,ANON-0000-0000-0375,115.91,Serviço de Limpeza
2024-07-18,2024-07-18 18:18:23.378,card,ANON-0000-0000-0382,1786.87,CPU i5-14600K
2024-07-18,2024-07-18 19:30:50.562,card,ANON-0000-0000-0009,114.67,Serviço de Limpeza
2024-07-18,2024-07-18 21:19:41.814,card,ANON-0000-0000-0383,153.27,Serviço de Formatação
2024-07-18,2024-07-18 21:21:59.855,card,ANON-0000-0000-0383,119.46,Serviço de Limpeza
2024-07-18,2024-07-18 21:46:18.674,card,ANON-0000-0000-0384,118.56,Serviço de Limpeza
2024-07-19,2024-07-19 11:03:02.341,card,ANON-0000-0000-0375,253.49,Serviço de Montagem
2024-07-19,2024-07-19 11:16:20.509,card,ANON-0000-0000-0385,171.73,RAM 8GB DDR4
2024-07-19,2024-07-19 12:58:37.561,card,ANON-0000-0000-0386,125.15,Serviço de Limpeza
2024-07-19,2024-07-19 12:59:55.383,card,ANON-0000-0000-0386,185.89,RAM 8GB DDR4
2024-07-19,2024-07-19 14:09:20.716,card,ANON-0000-0000-0384,120.23,Serviço de Limpeza
2024-07-19,2024-07-19 14:11:22.105,card,ANON-0000-0000-0384,298.61,RAM 16GB DDR4
2024-07-19,2024-07-19 16:36:19.272,card,ANON-0000-0000-0384,120.14,Serviço de Limpeza
2024-07-19,2024-07-19 16:37:35.808,card,ANON-0000-0000-0384,125.91,Serviço de Limpeza
2024-07-20,2024-07-20 08:05:44.469,card,ANON-0000-0000-0387,252.09,Serviço de Montagem
2024-07-20,2024-07-20 08:06:48.685,card,ANON-0000-0000-0387,118.14,Serviço de Limpeza
2024-07-20,2024-07-20 08:07:51.433,card,ANON-0000-0000-0387,257.61,Serviço de Montagem
2024-07-20,2024-07-20 09:00:53.605,card,ANON-0000-0000-0388,116.76,Serviço de Limpeza
2024-07-20,2024-07-20 09:02:27.848,card,ANON-0000-0000-0389,119.23,Serviço de Limpeza
2024-07-20,2024-07-20 10:39:21.044,card,ANON-0000-0000-0390,246.97,Serviço de Montagem
2024-07-20,2024-07-20 15:15:09.221,card,ANON-0000-0000-0391,124.93,Serviço de Limpeza
2024-07-21,2024-07-21 10:30:55.818,card,ANON-0000-0000-0367,314.06,RAM 16GB DDR4
2024-07-21,2024-07-21 11:39:28.776,card,ANON-0000-0000-0392,1713.49,CPU i5-14600K
2024-07-21,2024-07-21 13:34:30.849,card,ANON-0000-0000-0393,724.64,RAM 32GB DDR5
2024-07-21,2024-07-21 13:42:31.444,card,ANON-0000-0000-0394,116.22,Serviço de Limpeza
2024-07-22,2024-07-22 08:13:23.147,card,ANON-0000-0000-0375,260.33,Serviço de Montagem
2024-07-22,2024-07-22 08:40:49.554,card,ANON-0000-0000-0395,249.39,Serviço de Montagem
2024-07-22,2024-07-22 10:15:37.266,card,ANON-0000-0000-0385,188.5,RAM 8GB DDR4
2024-07-22,2024-07-22 16:44:37.593,card,ANON-0000-0000-0396,119.35,Serviço de Limpeza
2024-07-23,2024-07-23 08:12:56.229,card,ANON-0000-0000-0197,123.35,Serviço de Limpeza
2024-07-23,2024-07-23 08:40:18.981,card,ANON-0000-0000-0395,254.56,Serviço de Montagem
2024-07-23,2024-07-23 08:44:53.816,card,ANON-0000-0000-0397,184.6,RAM 8GB DDR4
2024-07-23,2024-07-23 08:49:25.107,card,ANON-0000-0000-0398,311.34,RAM 16GB DDR4
2024-07-23,2024-07-23 08:51:10.365,card,ANON-0000-0000-0399,124.95,Serviço de Limpeza
2024-07-23,2024-07-23 09:01:45.707,card,ANON-0000-0000-0375,251.27,Serviço de Montagem
2024-07-23,2024-07-23 10:03:36.492,card,ANON-0000-0000-0400,172.7,RAM 8GB DDR4
2024-07-23,2024-07-23 15:20:04.971,card,ANON-0000-0000-0401,188.83,RAM 8GB DDR4
2024-07-23,2024-07-23 15:21:01.280,card,ANON-0000-0000-0401,125.12,Serviço de Limpeza
2024-07-23,2024-07-23 21:01:40.612,card,ANON-0000-0000-0009,121.97,Serviço de Limpeza
2024-07-23,2024-07-23 21:23:13.501,card,ANON-0000-0000-0012,258.85,Serviço de Montagem
2024-07-23,2024-07-23 21:24:22.609,card,ANON-0000-0000-0012,238.99,Serviço de Montagem
2024-07-24,2024-07-24 09:16:09.814,card,ANON-0000-0000-0097,188.46,RAM 8GB DDR4
2024-07-24,2024-07-24 09:38:55.007,card,ANON-0000-0000-0385,172.76,RAM 8GB DDR4
2024-07-24,2024-07-24 09:54:37.456,card,ANON-0000-0000-0402,577.02,CPU i3-12100
2024-07-24,2024-07-24 11:43:53.121,card,ANON-0000-0000-0379,1777.64,CPU i5-14600K
2024-07-24,2024-07-24 13:55:13.821,card,ANON-0000-0000-0399,118.71,Serviço de Limpeza
2024-07-24,2024-07-24 14:45:49.766,card,ANON-0000-0000-0012,618.23,CPU i3-12100
2024-07-24,2024-07-24 15:18:30.522,card,ANON-0000-0000-0009,118.63,Serviço de Limpeza
2024-07-24,2024-07-24 19:15:05.678,card,ANON-0000-0000-0205,1884.87,CPU i5-14600K
2024-07-24,2024-07-24 19:16:59.779,card,ANON-0000-0000-0205,1762.14,CPU i5-14600K
2024-07-24,2024-07-24 21:17:36.797,card,ANON-0000-0000-0040,174.17,RAM 8GB DDR4
2024-07-24,2024-07-24 21:18:41.294,card,ANON-0000-0000-0040,259.25,Serviço de Montagem
2024-07-24,2024-07-24 21:25:17.493,card,ANON-0000-0000-0012,250.2,Serviço de Montagem
2024-07-25,2024-07-25 07:54:47.935,card,ANON-0000-0000-0012,254.12,Serviço de Montagem
2024-07-25,2024-07-25 08:49:18.428,card,ANON-0000-0000-0399,119.94,Serviço de Limpeza
2024-07-25,2024-07-25 10:29:44.629,card,ANON-0000-0000-0385,181.31,RAM 8GB DDR4
2024-07-25,2024-07-25 11:26:04.701,card,ANON-0000-0000-0375,258.65,Serviço de Montagem
2024-07-25,2024-07-25 15:25:06.512,card,ANON-0000-0000-0403,1788.41,CPU i5-14600K
2024-07-25,2024-07-25 19:21:00.764,card,ANON-0000-0000-0257,1816.05,CPU i5-14600K
2024-07-25,2024-07-25 21:06:01.272,card,ANON-0000-0000-0404,717.23,RAM 32GB DDR5
2024-07-25,2024-07-25 21:06:50.002,card,ANON-0000-0000-0404,572.79,CPU i3-12100
2024-07-25,2024-07-25 22:38:51.330,card,ANON-0000-0000-0328,766.77,RAM 32GB DDR5
2024-07-25,2024-07-25 22:39:46.790,card,ANON-0000-0000-0405,297.77,RAM 16GB DDR4
2024-07-26,2024-07-26 08:33:01.273,card,ANON-0000-0000-0406,121.16,Serviço de Limpeza
2024-07-26,2024-07-26 09:19:37.376,card,ANON-0000-0000-0097,173.82,RAM 8GB DDR4
2024-07-26,2024-07-26 09:20:34.344,card,ANON-0000-0000-0059,602.78,CPU i3-12100
2024-07-26,2024-07-26 09:33:11.511,card,ANON-0000-0000-0407,724.77,RAM 32GB DDR5
2024-07-26,2024-07-26 09:34:16.633,card,ANON-0000-0000-0407,737.44,RAM 32GB DDR5
2024-07-26,2024-07-26 09:59:07.867,card,ANON-0000-0000-0408,115.46,Serviço de Limpeza
2024-07-26,2024-07-26 10:00:02.719,card,ANON-0000-0000-0408,122.62,Serviço de Limpeza
2024-07-26,2024-07-26 11:47:13.855,card,ANON-0000-0000-0385,181.71,RAM 8GB DDR4
2024-07-26,2024-07-26 12:07:01.670,card,ANON-0000-0000-0379,182.3,RAM 8GB DDR4
2024-07-26,2024-07-26 12:28:08.044,card,ANON-0000-0000-0339,1856.72,CPU i5-14600K
2024-07-26,2024-07-26 12:29:17.708,card,ANON-0000-0000-0339,1767.57,CPU i5-14600K
2024-07-26,2024-07-26 13:09:56.138,card,ANON-0000-0000-0409,118.51,Serviço de Limpeza
2024-07-26,2024-07-26 17:23:29.347,card,ANON-0000-0000-0410,239.23,Serviço de Montagem
2024-07-26,2024-07-26 17:58:29.217,card,ANON-0000-0000-0411,1735.15,CPU i5-14600K
2024-07-26,2024-07-26 21:15:09.612,card,ANON-0000-0000-0009,119.75,Serviço de Limpeza
2024-07-26,2024-07-26 22:49:52.318,card,ANON-0000-0000-0412,173.14,RAM 8GB DDR4
2024-07-27,2024-07-27 09:09:16.457,card,ANON-0000-0000-0097,1854.46,CPU i5-14600K
2024-07-27,2024-07-27 11:55:31.381,card,ANON-0000-0000-0413,185.0,RAM 8GB DDR4
2024-07-27,2024-07-27 12:25:10.115,card,ANON-0000-0000-0059,171.3,RAM 8GB DDR4
2024-07-27,2024-07-27 12:26:13.159,card,ANON-0000-0000-0040,570.75,CPU i3-12100
2024-07-27,2024-07-27 12:33:23.070,card,ANON-0000-0000-0059,176.99,RAM 8GB DDR4
2024-07-27,2024-07-27 14:28:41.904,card,ANON-0000-0000-0225,628.59,CPU i3-12100
2024-07-27,2024-07-27 14:51:53.196,card,ANON-0000-0000-0077,123.63,Serviço de Limpeza
2024-07-27,2024-07-27 17:02:33.358,card,ANON-0000-0000-0414,1733.7,CPU i5-14600K
2024-07-27,2024-07-27 17:03:39.112,card,ANON-0000-0000-0415,1728.5,CPU i5-14600K
2024-07-27,2024-07-27 17:09:00.424,card,ANON-0000-0000-0416,183.91,RAM 8GB DDR4
2024-07-27,2024-07-27 17:10:08.074,card,ANON-0000-0000-0416,173.83,RAM 8GB DDR4
2024-07-27,2024-07-27 20:55:20.175,card,ANON-0000-0000-0009,125.43,Serviço de Limpeza
2024-07-27,2024-07-27 22:56:23.915,card,ANON-0000-0000-0417,1879.35,CPU i5-14600K
2024-07-28,2024-07-28 11:07:25.920,card,ANON-0000-0000-0012,618.46,CPU i3-12100
2024-07-28,2024-07-28 14:17:54.205,card,ANON-0000-0000-0276,171.47,RAM 8GB DDR4
2024-07-28,2024-07-28 14:18:52.196,card,ANON-0000-0000-0276,116.36,Serviço de Limpeza
2024-07-29,2024-07-29 08:12:06.406,card,ANON-0000-0000-0418,119.97,Serviço de Limpeza
2024-07-29,2024-07-29 09:04:47.972,card,ANON-0000-0000-0012,244.17,Serviço de Montagem
2024-07-29,2024-07-29 09:15:46.155,card,ANON-0000-0000-0097,177.39,RAM 8GB DDR4
2024-07-29,2024-07-29 09:19:44.082,card,ANON-0000-0000-0003,239.73,Serviço de Montagem
2024-07-29,2024-07-29 09:51:24.747,card,ANON-0000-0000-0419,176.09,RAM 8GB DDR4
2024-07-29,2024-07-29 09:58:29.639,card,ANON-0000-0000-0420,1768.28,CPU i5-14600K
2024-07-29,2024-07-29 10:43:43.961,card,ANON-0000-0000-0421,145.93,Serviço de Formatação
2024-07-29,2024-07-29 10:44:55.846,card,ANON-0000-0000-0421,145.54,Serviço de Formatação
2024-07-29,2024-07-29 19:06:31.131,card,ANON-0000-0000-0422,1784.11,CPU i5-14600K
2024-07-29,2024-07-29 19:30:16.319,card,ANON-0000-0000-0099,241.98,Serviço de Montagem
2024-07-29,2024-07-29 21:57:34.419,card,ANON-0000-0000-0328,294.97,RAM 16GB DDR4
2024-07-30,2024-07-30 07:41:10.945,card,ANON-0000-0000-0423,187.26,RAM 8GB DDR4
2024-07-30,2024-07-30 08:05:07.216,card,ANON-0000-0000-0424,728.82,RAM 32GB DDR5
2024-07-30,2024-07-30 08:20:51.115,card,ANON-0000-0000-0425,1711.65,CPU i5-14600K
2024-07-30,2024-07-30 09:13:43.217,card,ANON-0000-0000-0097,171.49,RAM 8GB DDR4
2024-07-30,2024-07-30 10:17:11.147,card,ANON-0000-0000-0141,750.88,RAM 32GB DDR5
2024-07-30,2024-07-30 10:19:34.213,card,ANON-0000-0000-0276,188.96,RAM 8GB DDR4
2024-07-30,2024-07-30 10:23:20.120,card,ANON-0000-0000-0250,123.07,Serviço de Limpeza
2024-07-30,2024-07-30 11:12:07.359,card,ANON-0000-0000-0426,259.29,Serviço de Montagem
2024-07-30,2024-07-30 11:13:16.218,card,ANON-0000-0000-0426,602.64,CPU i3-12100
2024-07-30,2024-07-30 11:14:41.678,card,ANON-0000-0000-0427,175.24,RAM 8GB DDR4
2024-07-30,2024-07-30 11:16:01.630,card,ANON-0000-0000-0428,187.59,RAM 8GB DDR4
2024-07-30,2024-07-30 11:30:34.737,card,ANON-0000-0000-0429,173.09,RAM 8GB DDR4
2024-07-30,2024-07-30 11:31:40.809,card,ANON-0000-0000-0430,188.84,RAM 8GB DDR4
2024-07-30,2024-07-30 12:08:07.508,card,ANON-0000-0000-0431,114.12,Serviço de Limpeza
2024-07-30,2024-07-30 15:16:09.628,card,ANON-0000-0000-0432,177.6,RAM 8GB DDR4
2024-07-30,2024-07-30 16:08:52.876,card,ANON-0000-0000-0433,715.86,RAM 32GB DDR5
2024-07-30,2024-07-30 16:09:43.627,card,ANON-0000-0000-0433,188.94,RAM 8GB DDR4
2024-07-30,2024-07-30 20:24:19.874,card,ANON-0000-0000-0434,597.22,CPU i3-12100
2024-07-30,2024-07-30 20:53:51.866,card,ANON-0000-0000-0097,172.61,RAM 8GB DDR4
2024-07-30,2024-07-30 20:54:46.316,card,ANON-0000-0000-0097,175.52,RAM 8GB DDR4
2024-07-30,2024-07-30 20:57:02.324,card,ANON-0000-0000-0347,175.82,RAM 8GB DDR4
2024-07-30,2024-07-30 21:33:19.198,card,ANON-0000-0000-0435,118.06,Serviço de Limpeza
2024-07-30,2024-07-30 22:15:21.484,card,ANON-0000-0000-0436,241.58,Serviço de Montagem
2024-07-30,2024-07-30 22:16:19.260,card,ANON-0000-0000-0436,1793.04,CPU i5-14600K
2024-07-31,2024-07-31 07:59:52.098,card,ANON-0000-0000-0423,187.25,RAM 8GB DDR4
2024-07-31,2024-07-31 08:37:41.943,card,ANON-0000-0000-0437,179.3,RAM 8GB DDR4
2024-07-31,2024-07-31 08:38:38.236,card,ANON-0000-0000-0437,173.37,RAM 8GB DDR4
2024-07-31,2024-07-31 09:54:45.315,card,ANON-0000-0000-0388,254.69,Serviço de Montagem
2024-07-31,2024-07-31 09:55:45.142,card,ANON-0000-0000-0388,249.91,Serviço de Montagem
2024-07-31,2024-07-31 09:58:15.863,card,ANON-0000-0000-0276,176.26,RAM 8GB DDR4
2024-07-31,2024-07-31 13:11:42.609,card,ANON-0000-0000-0384,295.4,RAM 16GB DDR4
2024-07-31,2024-07-31 13:14:00.286,card,ANON-0000-0000-0384,124.89,Serviço de Limpeza
2024-07-31,2024-07-31 13:24:49.437,card,ANON-0000-0000-0438,174.71,RAM 8GB DDR4
2024-07-31,2024-07-31 17:48:06.787,card,ANON-0000-0000-0439,786.07,RAM 32GB DDR5
2024-07-31,2024-07-31 18:04:14.972,card,ANON-0000-0000-0440,118.63,Serviço de Limpeza
2024-07-31,2024-07-31 19:22:38.883,card,ANON-0000-0000-0441,738.01,RAM 32GB DDR5
2024-07-31,2024-07-31 19:28:45.141,card,ANON-0000-0000-0009,124.37,Serviço de Limpeza
2024-07-31,2024-07-31 20:46:42.418,card,ANON-0000-0000-0442,309.7,RAM 16GB DDR4
2024-07-31,2024-07-31 20:50:07.411,card,ANON-0000-0000-0443,714.79,RAM 32GB DDR5
2024-07-31,2024-07-31 20:51:10.383,card,ANON-0000-0000-0443,119.78,Serviço de Limpeza
2024-07-31,2024-07-31 20:52:14.802,card,ANON-0000-0000-0153,1852.25,CPU i5-14600K
2024-07-31,2024-07-31 20:53:35.077,card,ANON-0000-0000-0443,766.62,RAM 32GB DDR5
2024-07-31,2024-07-31 20:59:25.013,card,ANON-0000-0000-0040,182.15,RAM 8GB DDR4
2024-07-31,2024-07-31 21:26:26.000,card,ANON-0000-0000-0444,123.09,Serviço de Limpeza
2024-07-31,2024-07-31 21:54:11.824,card,ANON-0000-0000-0445,114.08,Serviço de Limpeza
2024-07-31,2024-07-31 21:55:16.570,card,ANON-0000-0000-0446,115.3,Serviço de Limpeza
2024-08-01,2024-08-01 07:31:00.085,card,ANON-0000-0000-0423,187.13,RAM 8GB DDR4
2024-08-01,2024-08-01 09:25:20.060,card,ANON-0000-0000-0276,183.14,RAM 8GB DDR4
2024-08-01,2024-08-01 11:04:14.067,card,ANON-0000-0000-0097,182.62,RAM 8GB DDR4
2024-08-01,2024-08-01 11:22:46.369,card,ANON-0000-0000-0447,173.1,RAM 8GB DDR4
2024-08-01,2024-08-01 13:22:46.601,card,ANON-0000-0000-0448,774.99,RAM 32GB DDR5
2024-08-01,2024-08-01 13:23:37.314,card,ANON-0000-0000-0448,1837.38,CPU i5-14600K
2024-08-01,2024-08-01 13:49:07.265,card,ANON-0000-0000-0449,1889.43,CPU i5-14600K
2024-08-01,2024-08-01 15:43:43.820,card,ANON-0000-0000-0423,179.76,RAM 8GB DDR4
2024-08-01,2024-08-01 16:24:00.663,card,ANON-0000-0000-0450,177.93,RAM 8GB DDR4
2024-08-01,2024-08-01 16:26:07.331,card,ANON-0000-0000-0450,241.79,Serviço de Montagem
2024-08-01,2024-08-01 17:23:35.238,card,ANON-0000-0000-0451,255.84,Serviço de Montagem
2024-08-01,2024-08-01 20:41:28.118,card,ANON-0000-0000-0452,1714.9,CPU i5-14600K
2024-08-02,2024-08-02 09:01:54.165,card,ANON-0000-0000-0453,183.14,RAM 8GB DDR4
2024-08-02,2024-08-02 09:35:02.899,card,ANON-0000-0000-0097,175.46,RAM 8GB DDR4
2024-08-02,2024-08-02 11:09:19.465,card,ANON-0000-0000-0141,742.05,RAM 32GB DDR5
2024-08-02,2024-08-02 18:08:35.282,card,ANON-0000-0000-0454,171.8,RAM 8GB DDR4
2024-08-02,2024-08-02 21:23:04.359,card,ANON-0000-0000-0009,116.79,Serviço de Limpeza
2024-08-03,2024-08-03 08:53:46.651,card,ANON-0000-0000-0097,174.25,RAM 8GB DDR4
2024-08-03,2024-08-03 09:37:19.213,card,ANON-0000-0000-0401,175.38,RAM 8GB DDR4
2024-08-03,2024-08-03 09:38:41.010,card,ANON-0000-0000-0401,178.04,RAM 8GB DDR4
2024-08-03,2024-08-03 10:12:25.650,card,ANON-0000-0000-0304,177.38,RAM 8GB DDR4
2024-08-03,2024-08-03 11:20:26.571,card,ANON-0000-0000-0455,713.27,RAM 32GB DDR5
2024-08-03,2024-08-03 11:21:22.000,card,ANON-0000-0000-0455,715.14,RAM 32GB DDR5
2024-08-03,2024-08-03 11:56:36.628,card,ANON-0000-0000-0040,610.23,CPU i3-12100
2024-08-03,2024-08-03 11:57:31.273,card,ANON-0000-0000-0040,183.16,RAM 8GB DDR4
2024-08-03,2024-08-03 12:03:35.777,card,ANON-0000-0000-0040,175.33,RAM 8GB DDR4
2024-08-03,2024-08-03 16:53:59.927,card,ANON-0000-0000-0322,177.72,RAM 8GB DDR4
2024-08-03,2024-08-03 18:38:42.026,card,ANON-0000-0000-0456,1878.99,CPU i5-14600K
2024-08-03,2024-08-03 21:30:48.958,card,ANON-0000-0000-0457,116.31,Serviço de Limpeza
2024-08-03,2024-08-03 21:33:06.265,card,ANON-0000-0000-0457,120.17,Serviço de Limpeza
2024-08-04,2024-08-04 08:18:37.314,card,ANON-0000-0000-0458,1796.43,CPU i5-14600K
2024-08-04,2024-08-04 10:37:51.103,card,ANON-0000-0000-0040,179.92,RAM 8GB DDR4
2024-08-04,2024-08-04 11:50:54.603,card,ANON-0000-0000-0258,1837.58,CPU i5-14600K
2024-08-04,2024-08-04 11:52:33.017,card,ANON-0000-0000-0258,171.89,RAM 8GB DDR4
2024-08-04,2024-08-04 15:33:52.137,card,ANON-0000-0000-0268,1880.04,CPU i5-14600K
2024-08-04,2024-08-04 15:35:05.906,card,ANON-0000-0000-0268,1765.66,CPU i5-14600K
2024-08-05,2024-08-05 08:50:05.753,card,ANON-0000-0000-0459,776.71,RAM 32GB DDR5
2024-08-05,2024-08-05 09:19:19.176,card,ANON-0000-0000-0097,187.81,RAM 8GB DDR4
2024-08-05,2024-08-05 11:20:47.444,card,ANON-0000-0000-0375,747.46,RAM 32GB DDR5
2024-08-05,2024-08-05 13:45:22.454,card,ANON-0000-0000-0460,1773.19,CPU i5-14600K
2024-08-05,2024-08-05 16:05:57.738,card,ANON-0000-0000-0461,122.73,Serviço de Limpeza
2024-08-05,2024-08-05 16:07:18.837,card,ANON-0000-0000-0461,115.82,Serviço de Limpeza
2024-08-05,2024-08-05 17:44:24.506,card,ANON-0000-0000-0462,120.56,Serviço de Limpeza
2024-08-05,2024-08-05 17:45:32.117,card,ANON-0000-0000-0462,180.34,RAM 8GB DDR4
2024-08-05,2024-08-05 19:20:02.677,card,ANON-0000-0000-0019,125.55,Serviço de Limpeza
2024-08-05,2024-08-05 19:34:51.484,card,ANON-0000-0000-0009,117.37,Serviço de Limpeza
2024-08-05,2024-08-05 20:49:30.945,card,ANON-0000-0000-0463,314.29,RAM 16GB DDR4
2024-08-05,2024-08-05 20:50:21.919,card,ANON-0000-0000-0463,292.51,RAM 16GB DDR4
2024-08-05,2024-08-05 22:43:48.193,card,ANON-0000-0000-0464,180.15,RAM 8GB DDR4
2024-08-06,2024-08-06 10:21:03.320,card,ANON-0000-0000-0375,714.14,RAM 32GB DDR5
2024-08-06,2024-08-06 10:32:32.335,card,ANON-0000-0000-0465,151.54,Serviço de Formatação
2024-08-06,2024-08-06 17:40:49.201,card,ANON-0000-0000-0466,1713.0,CPU i5-14600K
2024-08-06,2024-08-06 17:42:52.700,card,ANON-0000-0000-0466,120.59,Serviço de Limpeza
2024-08-06,2024-08-06 17:44:05.067,card,ANON-0000-0000-0466,298.91,RAM 16GB DDR4
2024-08-06,2024-08-06 19:04:04.544,card,ANON-0000-0000-0019,124.08,Serviço de Limpeza
2024-08-06,2024-08-06 19:05:23.110,card,ANON-0000-0000-0467,182.86,RAM 8GB DDR4
2024-08-06,2024-08-06 20:04:27.133,card,ANON-0000-0000-0468,123.09,Serviço de Limpeza
2024-08-07,2024-08-07 08:55:48.455,card,ANON-0000-0000-0453,179.28,RAM 8GB DDR4
2024-08-07,2024-08-07 12:12:26.800,card,ANON-0000-0000-0003,247.95,Serviço de Montagem
2024-08-07,2024-08-07 12:13:40.664,card,ANON-0000-0000-0003,242.1,Serviço de Montagem
2024-08-07,2024-08-07 13:11:16.155,card,ANON-0000-0000-0469,623.64,CPU i3-12100
2024-08-07,2024-08-07 16:19:01.657,card,ANON-0000-0000-0470,242.26,Serviço de Montagem
2024-08-07,2024-08-07 19:36:22.739,card,ANON-0000-0000-0009,120.33,Serviço de Limpeza
2024-08-07,2024-08-07 20:40:09.281,card,ANON-0000-0000-0442,312.63,RAM 16GB DDR4
2024-08-07,2024-08-07 21:18:11.990,card,ANON-0000-0000-0328,1743.98,CPU i5-14600K
2024-08-07,2024-08-07 22:28:56.686,card,ANON-0000-0000-0471,122.22,Serviço de Limpeza
2024-08-07,2024-08-07 22:32:15.971,card,ANON-0000-0000-0472,116.63,Serviço de Limpeza
2024-08-08,2024-08-08 08:46:36.204,card,ANON-0000-0000-0141,622.05,CPU i3-12100
2024-08-08,2024-08-08 08:47:28.686,card,ANON-0000-0000-0141,750.27,RAM 32GB DDR5
2024-08-08,2024-08-08 12:27:05.373,card,ANON-0000-0000-0420,180.61,RAM 8GB DDR4
2024-08-08,2024-08-08 12:43:19.558,card,ANON-0000-0000-0141,736.1,RAM 32GB DDR5
2024-08-08,2024-08-08 12:44:14.953,card,ANON-0000-0000-0141,759.73,RAM 32GB DDR5
2024-08-08,2024-08-08 16:57:53.266,card,ANON-0000-0000-0473,1758.98,CPU i5-14600K
2024-08-08,2024-08-08 17:17:51.749,card,ANON-0000-0000-0474,1825.52,CPU i5-14600K
2024-08-08,2024-08-08 21:25:59.265,card,ANON-0000-0000-0311,177.08,RAM 8GB DDR4
2024-08-09,2024-08-09 07:35:22.340,card,ANON-0000-0000-0475,115.33,Serviço de Limpeza
2024-08-09,2024-08-09 09:53:34.553,card,ANON-0000-0000-0476,241.65,Serviço de Montagem
2024-08-09,2024-08-09 10:13:07.537,card,ANON-0000-0000-0141,753.71,RAM 32GB DDR5
2024-08-09,2024-08-09 10:26:47.174,card,ANON-0000-0000-0311,176.75,RAM 8GB DDR4
2024-08-09,2024-08-09 11:28:08.722,card,ANON-0000-0000-0475,116.66,Serviço de Limpeza
2024-08-09,2024-08-09 11:29:48.682,card,ANON-0000-0000-0477,246.25,Serviço de Montagem
2024-08-09,2024-08-09 18:56:27.712,card,ANON-0000-0000-0478,245.21,Serviço de Montagem
2024-08-09,2024-08-09 19:03:06.611,card,ANON-0000-0000-0479,151.18,Serviço de Formatação
2024-08-10,2024-08-10 08:36:44.628,card,ANON-0000-0000-0480,1881.46,CPU i5-14600K
2024-08-10,2024-08-10 08:37:57.069,card,ANON-0000-0000-0480,172.49,RAM 8GB DDR4
2024-08-10,2024-08-10 08:45:09.019,card,ANON-0000-0000-0141,759.47,RAM 32GB DDR5
2024-08-10,2024-08-10 11:52:33.836,card,ANON-0000-0000-0012,727.57,RAM 32GB DDR5
2024-08-10,2024-08-10 11:54:23.534,card,ANON-0000-0000-0012,250.8,Serviço de Montagem
2024-08-10,2024-08-10 12:15:10.927,card,ANON-0000-0000-0481,117.79,Serviço de Limpeza
2024-08-10,2024-08-10 12:33:12.454,card,ANON-0000-0000-0463,187.0,RAM 8GB DDR4
2024-08-10,2024-08-10 16:06:12.085,card,ANON-0000-0000-0009,122.47,Serviço de Limpeza
2024-08-10,2024-08-10 21:16:48.562,card,ANON-0000-0000-0482,314.04,RAM 16GB DDR4
2024-08-10,2024-08-10 21:17:41.087,card,ANON-0000-0000-0482,304.0,RAM 16GB DDR4
2024-08-10,2024-08-10 21:37:41.517,card,ANON-0000-0000-0442,293.82,RAM 16GB DDR4
2024-08-11,2024-08-11 09:52:36.590,card,ANON-0000-0000-0440,120.95,Serviço de Limpeza
2024-08-11,2024-08-11 09:53:43.564,card,ANON-0000-0000-0440,119.23,Serviço de Limpeza
2024-08-11,2024-08-11 10:17:23.636,card,ANON-0000-0000-0347,179.3,RAM 8GB DDR4
2024-08-11,2024-08-11 11:56:41.144,card,ANON-0000-0000-0480,1882.83,CPU i5-14600K
2024-08-11,2024-08-11 11:57:41.269,card,ANON-0000-0000-0480,178.37,RAM 8GB DDR4
2024-08-11,2024-08-11 12:20:19.570,card,ANON-0000-0000-0141,783.96,RAM 32GB DDR5
2024-08-11,2024-08-11 15:53:51.552,card,ANON-0000-0000-0483,125.22,Serviço de Limpeza
2024-08-11,2024-08-11 15:55:14.853,card,ANON-0000-0000-0484,177.97,RAM 8GB DDR4
2024-08-11,2024-08-11 15:56:27.697,card,ANON-0000-0000-0484,294.07,RAM 16GB DDR4
2024-08-11,2024-08-11 16:27:35.126,card,ANON-0000-0000-0414,1776.25,CPU i5-14600K
2024-08-11,2024-08-11 16:28:38.296,card,ANON-0000-0000-0485,606.81,CPU i3-12100
2024-08-11,2024-08-11 21:30:32.549,card,ANON-0000-0000-0486,740.37,RAM 32GB DDR5
2024-08-11,2024-08-11 21:41:09.070,card,ANON-0000-0000-0475,118.53,Serviço de Limpeza
2024-08-11,2024-08-11 21:43:10.108,card,ANON-0000-0000-0487,118.95,Serviço de Limpeza
2024-08-11,2024-08-11 22:39:29.913,card,ANON-0000-0000-0488,1863.19,CPU i5-14600K
2024-08-12,2024-08-12 08:26:19.458,card,ANON-0000-0000-0367,155.84,Serviço de Formatação
2024-08-12,2024-08-12 11:15:04.771,card,ANON-0000-0000-0489,181.44,RAM 8GB DDR4
2024-08-12,2024-08-12 11:19:29.513,card,ANON-0000-0000-0490,261.9,Serviço de Montagem
2024-08-12,2024-08-12 11:20:23.640,card,ANON-0000-0000-0490,119.18,Serviço de Limpeza
2024-08-12,2024-08-12 11:44:28.384,card,ANON-0000-0000-0491,123.63,Serviço de Limpeza
2024-08-12,2024-08-12 14:04:03.399,card,ANON-0000-0000-0492,579.34,CPU i3-12100
2024-08-12,2024-08-12 14:05:06.931,card,ANON-0000-0000-0492,178.95,RAM 8GB DDR4
2024-08-12,2024-08-12 15:33:33.110,card,ANON-0000-0000-0493,174.49,RAM 8GB DDR4
2024-08-12,2024-08-12 18:05:04.830,card,ANON-0000-0000-0097,174.71,RAM 8GB DDR4
2024-08-12,2024-08-12 21:25:49.351,card,ANON-0000-0000-0097,181.46,RAM 8GB DDR4
2024-08-12,2024-08-12 21:37:38.041,card,ANON-0000-0000-0494,117.11,Serviço de Limpeza
2024-08-12,2024-08-12 22:58:20.072,card,ANON-0000-0000-0134,1878.48,CPU i5-14600K
2024-08-12,2024-08-12 22:59:18.544,card,ANON-0000-0000-0134,1833.91,CPU i5-14600K
2024-08-13,2024-08-13 08:44:30.187,card,ANON-0000-0000-0495,184.99,RAM 8GB DDR4
2024-08-13,2024-08-13 09:14:21.598,card,ANON-0000-0000-0097,184.21,RAM 8GB DDR4
2024-08-13,2024-08-13 09:45:56.370,card,ANON-0000-0000-0385,184.83,RAM 8GB DDR4
2024-08-13,2024-08-13 10:42:08.773,card,ANON-0000-0000-0141,724.79,RAM 32GB DDR5
2024-08-13,2024-08-13 11:59:47.612,card,ANON-0000-0000-0496,114.79,Serviço de Limpeza
2024-08-13,2024-08-13 13:01:41.487,card,ANON-0000-0000-0497,181.59,RAM 8GB DDR4
2024-08-13,2024-08-13 14:45:39.689,card,ANON-0000-0000-0494,125.06,Serviço de Limpeza
2024-08-13,2024-08-13 15:47:56.703,card,ANON-0000-0000-0498,1881.7,CPU i5-14600K
2024-08-13,2024-08-13 15:55:29.579,card,ANON-0000-0000-0097,172.48,RAM 8GB DDR4
2024-08-13,2024-08-13 20:29:34.531,card,ANON-0000-0000-0499,121.22,Serviço de Limpeza
2024-08-13,2024-08-13 20:30:37.150,card,ANON-0000-0000-0499,310.39,RAM 16GB DDR4
2024-08-13,2024-08-13 20:44:22.991,card,ANON-0000-0000-0500,1804.44,CPU i5-14600K
2024-08-13,2024-08-13 21:00:44.688,card,ANON-0000-0000-0501,782.17,RAM 32GB DDR5
2024-08-14,2024-08-14 07:35:48.103,card,ANON-0000-0000-0475,120.34,Serviço de Limpeza
2024-08-14,2024-08-14 07:36:55.599,card,ANON-0000-0000-0472,1872.41,CPU i5-14600K
2024-08-14,2024-08-14 10:09:29.125,card,ANON-0000-0000-0141,748.16,RAM 32GB DDR5
2024-08-14,2024-08-14 11:39:07.882,card,ANON-0000-0000-0095,606.4,CPU i3-12100
2024-08-14,2024-08-14 12:49:16.951,card,ANON-0000-0000-0502,240.66,Serviço de Montagem
2024-08-14,2024-08-14 12:51:04.870,card,ANON-0000-0000-0450,255.76,Serviço de Montagem
2024-08-14,2024-08-14 15:21:27.260,card,ANON-0000-0000-0503,114.37,Serviço de Limpeza
2024-08-14,2024-08-14 17:24:22.788,card,ANON-0000-0000-0504,243.1,Serviço de Montagem
2024-08-14,2024-08-14 18:10:03.723,card,ANON-0000-0000-0505,739.75,RAM 32GB DDR5
2024-08-14,2024-08-14 18:59:18.279,card,ANON-0000-0000-0506,183.85,RAM 8GB DDR4
2024-08-14,2024-08-14 19:34:51.731,card,ANON-0000-0000-0012,118.6,Serviço de Limpeza
2024-08-14,2024-08-14 19:35:48.545,card,ANON-0000-0000-0012,714.71,RAM 32GB DDR5
2024-08-14,2024-08-14 21:41:33.021,card,ANON-0000-0000-0507,123.08,Serviço de Limpeza
2024-08-15,2024-08-15 09:36:11.153,card,ANON-0000-0000-0141,744.03,RAM 32GB DDR5
2024-08-15,2024-08-15 09:37:02.172,card,ANON-0000-0000-0508,1884.24,CPU i5-14600K
2024-08-15,2024-08-15 09:38:04.903,card,ANON-0000-0000-0509,149.97,Serviço de Formatação
2024-08-15,2024-08-15 09:38:49.735,card,ANON-0000-0000-0509,124.23,Serviço de Limpeza
2024-08-15,2024-08-15 12:38:37.563,card,ANON-0000-0000-0232,124.93,Serviço de Limpeza
2024-08-15,2024-08-15 13:48:13.601,card,ANON-0000-0000-0510,120.48,Serviço de Limpeza
2024-08-15,2024-08-15 14:17:48.183,card,ANON-0000-0000-0012,253.65,Serviço de Montagem
2024-08-15,2024-08-15 14:18:50.777,card,ANON-0000-0000-0012,621.05,CPU i3-12100
2024-08-15,2024-08-15 17:53:52.225,card,ANON-0000-0000-0511,182.71,RAM 8GB DDR4
2024-08-15,2024-08-15 19:10:58.222,card,ANON-0000-0000-0512,147.79,Serviço de Formatação
2024-08-15,2024-08-15 19:11:54.036,card,ANON-0000-0000-0512,179.08,RAM 8GB DDR4
2024-08-15,2024-08-15 19:41:30.244,card,ANON-0000-0000-0513,176.25,RAM 8GB DDR4
2024-08-15,2024-08-15 19:42:37.987,card,ANON-0000-0000-0513,261.72,Serviço de Montagem
2024-08-15,2024-08-15 20:40:41.516,card,ANON-0000-0000-0514,1795.78,CPU i5-14600K
2024-08-15,2024-08-15 21:35:20.080,card,ANON-0000-0000-0040,618.17,CPU i3-12100
2024-08-15,2024-08-15 21:36:11.033,card,ANON-0000-0000-0040,182.1,RAM 8GB DDR4
2024-08-16,2024-08-16 12:29:16.732,card,ANON-0000-0000-0513,122.64,Serviço de Limpeza
2024-08-16,2024-08-16 12:54:17.452,card,ANON-0000-0000-0515,250.63,Serviço de Montagem
2024-08-16,2024-08-16 13:36:12.798,card,ANON-0000-0000-0429,171.55,RAM 8GB DDR4
2024-08-16,2024-08-16 15:18:51.737,card,ANON-0000-0000-0012,603.1,CPU i3-12100
2024-08-16,2024-08-16 15:19:39.274,card,ANON-0000-0000-0012,622.6,CPU i3-12100
2024-08-17,2024-08-17 09:16:53.491,card,ANON-0000-0000-0097,183.28,RAM 8GB DDR4
2024-08-17,2024-08-17 09:18:08.983,card,ANON-0000-0000-0516,1844.01,CPU i5-14600K
2024-08-17,2024-08-17 10:53:41.327,card,ANON-0000-0000-0517,185.12,RAM 8GB DDR4
2024-08-17,2024-08-17 11:58:41.649,card,ANON-0000-0000-0141,732.68,RAM 32GB DDR5
2024-08-17,2024-08-17 11:59:28.298,card,ANON-0000-0000-0141,735.03,RAM 32GB DDR5
2024-08-17,2024-08-17 13:18:40.184,card,ANON-0000-0000-0518,179.29,RAM 8GB DDR4
2024-08-17,2024-08-17 16:31:54.837,card,ANON-0000-0000-0277,721.6,RAM 32GB DDR5
2024-08-17,2024-08-17 16:33:48.977,card,ANON-0000-0000-0192,116.3,Serviço de Limpeza
2024-08-17,2024-08-17 18:48:58.852,card,ANON-0000-0000-0456,1813.75,CPU i5-14600K
2024-08-17,2024-08-17 21:18:56.806,card,ANON-0000-0000-0040,184.83,RAM 8GB DDR4
2024-08-17,2024-08-17 22:42:39.351,card,ANON-0000-0000-0519,124.51,Serviço de Limpeza
2024-08-18,2024-08-18 08:09:42.601,card,ANON-0000-0000-0520,1753.93,CPU i5-14600K
2024-08-18,2024-08-18 08:32:05.597,card,ANON-0000-0000-0521,1808.66,CPU i5-14600K
2024-08-18,2024-08-18 08:41:06.249,card,ANON-0000-0000-0141,743.02,RAM 32GB DDR5
2024-08-18,2024-08-18 08:56:01.292,card,ANON-0000-0000-0522,172.29,RAM 8GB DDR4
2024-08-18,2024-08-18 12:31:40.892,card,ANON-0000-0000-0463,1868.73,CPU i5-14600K
2024-08-18,2024-08-18 14:30:21.605,card,ANON-0000-0000-0040,175.15,RAM 8GB DDR4
2024-08-18,2024-08-18 18:24:10.776,card,ANON-0000-0000-0523,181.45,RAM 8GB DDR4
2024-08-18,2024-08-18 18:26:03.786,card,ANON-0000-0000-0523,182.82,RAM 8GB DDR4
2024-08-18,2024-08-18 18:27:17.553,card,ANON-0000-0000-0523,248.9,Serviço de Montagem
2024-08-18,2024-08-18 18:28:13.069,card,ANON-0000-0000-0523,239.7,Serviço de Montagem
2024-08-19,2024-08-19 15:09:48.982,card,ANON-0000-0000-0524,188.55,RAM 8GB DDR4
2024-08-19,2024-08-19 15:10:51.212,card,ANON-0000-0000-0524,179.46,RAM 8GB DDR4
2024-08-19,2024-08-19 21:21:12.081,card,ANON-0000-0000-0507,124.65,Serviço de Limpeza
2024-08-19,2024-08-19 21:31:57.036,card,ANON-0000-0000-0491,313.25,RAM 16GB DDR4
2024-08-20,2024-08-20 08:27:16.408,card,ANON-0000-0000-0141,768.87,RAM 32GB DDR5
2024-08-20,2024-08-20 08:29:14.916,card,ANON-0000-0000-0525,119.87,Serviço de Limpeza
2024-08-20,2024-08-20 08:49:47.474,card,ANON-0000-0000-0526,581.33,CPU i3-12100
2024-08-20,2024-08-20 08:50:36.343,card,ANON-0000-0000-0526,716.57,RAM 32GB DDR5
2024-08-20,2024-08-20 09:14:54.885,card,ANON-0000-0000-0097,171.14,RAM 8GB DDR4
2024-08-20,2024-08-20 11:09:55.575,card,ANON-0000-0000-0527,239.69,Serviço de Montagem
2024-08-20,2024-08-20 11:11:39.083,card,ANON-0000-0000-0528,259.33,Serviço de Montagem
2024-08-20,2024-08-20 11:12:31.181,card,ANON-0000-0000-0529,243.84,Serviço de Montagem
2024-08-20,2024-08-20 11:42:20.000,card,ANON-0000-0000-0141,116.21,Serviço de Limpeza
2024-08-20,2024-08-20 20:42:40.873,card,ANON-0000-0000-0530,117.14,Serviço de Limpeza
2024-08-20,2024-08-20 20:44:14.852,card,ANON-0000-0000-0531,120.24,Serviço de Limpeza
2024-08-20,2024-08-20 20:45:12.346,card,ANON-0000-0000-0531,119.62,Serviço de Limpeza
2024-08-20,2024-08-20 20:46:03.989,card,ANON-0000-0000-0532,115.99,Serviço de Limpeza
2024-08-21,2024-08-21 07:59:13.098,card,ANON-0000-0000-0533,182.84,RAM 8GB DDR4
2024-08-21,2024-08-21 08:40:27.393,card,ANON-0000-0000-0141,767.33,RAM 32GB DDR5
2024-08-21,2024-08-21 10:13:32.404,card,ANON-0000-0000-0375,251.26,Serviço de Montagem
2024-08-21,2024-08-21 10:38:44.527,card,ANON-0000-0000-0276,185.39,RAM 8GB DDR4
2024-08-21,2024-08-21 11:51:41.439,card,ANON-0000-0000-0141,755.88,RAM 32GB DDR5
2024-08-21,2024-08-21 13:17:10.750,card,ANON-0000-0000-0534,114.02,Serviço de Limpeza
2024-08-21,2024-08-21 19:42:03.523,card,ANON-0000-0000-0507,115.81,Serviço de Limpeza
2024-08-22,2024-08-22 09:22:26.297,card,ANON-0000-0000-0141,760.92,RAM 32GB DDR5
2024-08-22,2024-08-22 10:09:23.470,card,ANON-0000-0000-0419,181.6,RAM 8GB DDR4
2024-08-22,2024-08-22 10:47:59.356,card,ANON-0000-0000-0535,178.87,RAM 8GB DDR4
2024-08-22,2024-08-22 14:16:12.066,card,ANON-0000-0000-0510,125.15,Serviço de Limpeza
2024-08-22,2024-08-22 14:26:58.298,card,ANON-0000-0000-0536,120.77,Serviço de Limpeza
2024-08-22,2024-08-22 15:07:07.427,card,ANON-0000-0000-0537,1782.08,CPU i5-14600K
2024-08-22,2024-08-22 15:27:27.317,card,ANON-0000-0000-0538,246.5,Serviço de Montagem
2024-08-23,2024-08-23 07:43:16.127,card,ANON-0000-0000-0475,120.6,Serviço de Limpeza
2024-08-23,2024-08-23 08:21:48.054,card,ANON-0000-0000-0141,728.52,RAM 32GB DDR5
2024-08-23,2024-08-23 08:22:56.567,card,ANON-0000-0000-0425,115.85,Serviço de Limpeza
2024-08-23,2024-08-23 08:33:38.712,card,ANON-0000-0000-0225,242.82,Serviço de Montagem
2024-08-23,2024-08-23 08:34:35.002,card,ANON-0000-0000-0225,241.74,Serviço de Montagem
2024-08-23,2024-08-23 09:14:52.024,card,ANON-0000-0000-0419,181.36,RAM 8GB DDR4
2024-08-23,2024-08-23 10:10:58.704,card,ANON-0000-0000-0539,307.57,RAM 16GB DDR4
2024-08-23,2024-08-23 10:11:55.469,card,ANON-0000-0000-0539,239.77,Serviço de Montagem
2024-08-23,2024-08-23 10:39:12.279,card,ANON-0000-0000-0141,745.34,RAM 32GB DDR5
2024-08-23,2024-08-23 11:12:59.387,card,ANON-0000-0000-0540,151.79,Serviço de Formatação
2024-08-23,2024-08-23 13:24:54.748,card,ANON-0000-0000-0541,245.46,Serviço de Montagem
2024-08-23,2024-08-23 15:28:52.779,card,ANON-0000-0000-0542,239.26,Serviço de Montagem
2024-08-23,2024-08-23 19:48:02.807,card,ANON-0000-0000-0507,125.78,Serviço de Limpeza
2024-08-24,2024-08-24 08:13:42.270,card,ANON-0000-0000-0141,785.85,RAM 32GB DDR5
2024-08-24,2024-08-24 08:14:47.637,card,ANON-0000-0000-0141,779.5,RAM 32GB DDR5
2024-08-24,2024-08-24 08:44:11.575,card,ANON-0000-0000-0543,734.95,RAM 32GB DDR5
2024-08-24,2024-08-24 10:18:09.485,card,ANON-0000-0000-0544,620.05,CPU i3-12100
2024-08-24,2024-08-24 10:18:52.263,card,ANON-0000-0000-0544,615.12,CPU i3-12100
2024-08-24,2024-08-24 10:19:49.243,card,ANON-0000-0000-0544,245.63,Serviço de Montagem
2024-08-25,2024-08-25 08:14:37.382,card,ANON-0000-0000-0141,742.69,RAM 32GB DDR5
2024-08-25,2024-08-25 08:26:27.671,card,ANON-0000-0000-0408,261.51,Serviço de Montagem
2024-08-25,2024-08-25 08:27:36.405,card,ANON-0000-0000-0408,247.0,Serviço de Montagem
2024-08-25,2024-08-25 09:24:22.265,card,ANON-0000-0000-0545,1866.9,CPU i5-14600K
2024-08-25,2024-08-25 12:41:42.703,card,ANON-0000-0000-0546,1827.43,CPU i5-14600K
2024-08-25,2024-08-25 14:53:02.699,card,ANON-0000-0000-0077,120.62,Serviço de Limpeza
2024-08-26,2024-08-26 08:11:47.295,card,ANON-0000-0000-0141,747.46,RAM 32GB DDR5
2024-08-26,2024-08-26 08:16:09.611,card,ANON-0000-0000-0408,238.79,Serviço de Montagem
2024-08-26,2024-08-26 08:17:23.209,card,ANON-0000-0000-0408,261.31,Serviço de Montagem
2024-08-26,2024-08-26 09:21:36.706,card,ANON-0000-0000-0097,172.4,RAM 8GB DDR4
2024-08-26,2024-08-26 10:37:44.464,card,ANON-0000-0000-0547,119.23,Serviço de Limpeza
2024-08-26,2024-08-26 10:38:49.037,card,ANON-0000-0000-0548,1796.75,CPU i5-14600K
2024-08-26,2024-08-26 12:45:13.158,card,ANON-0000-0000-0003,242.27,Serviço de Montagem
2024-08-26,2024-08-26 12:46:23.644,card,ANON-0000-0000-0003,245.23,Serviço de Montagem
2024-08-26,2024-08-26 18:53:27.790,card,ANON-0000-0000-0549,178.96,RAM 8GB DDR4
2024-08-26,2024-08-26 18:54:31.291,card,ANON-0000-0000-0549,115.33,Serviço de Limpeza
2024-08-26,2024-08-26 22:55:39.905,card,ANON-0000-0000-0550,188.56,RAM 8GB DDR4
2024-08-27,2024-08-27 10:04:04.563,card,ANON-0000-0000-0375,117.92,Serviço de Limpeza
2024-08-28,2024-08-28 12:08:18.772,card,ANON-0000-0000-0551,177.49,RAM 8GB DDR4
2024-08-28,2024-08-28 12:10:04.139,card,ANON-0000-0000-0551,1799.28,CPU i5-14600K
2024-08-28,2024-08-28 12:35:06.944,card,ANON-0000-0000-0375,260.2,Serviço de Montagem
2024-08-28,2024-08-28 13:48:35.199,card,ANON-0000-0000-0552,171.23,RAM 8GB DDR4
2024-08-29,2024-08-29 07:29:30.319,card,ANON-0000-0000-0553,240.68,Serviço de Montagem
2024-08-30,2024-08-30 17:13:30.487,card,ANON-0000-0000-0554,122.07,Serviço de Limpeza
2024-08-30,2024-08-30 17:14:32.791,card,ANON-0000-0000-0554,173.53,RAM 8GB DDR4
2024-08-30,2024-08-30 17:15:35.449,card,ANON-0000-0000-0554,172.07,RAM 8GB DDR4
2024-08-31,2024-08-31 09:08:32.487,card,ANON-0000-0000-0371,763.51,RAM 32GB DDR5
2024-08-31,2024-08-31 10:02:08.193,card,ANON-0000-0000-0555,186.67,RAM 8GB DDR4
2024-08-31,2024-08-31 10:22:26.877,card,ANON-0000-0000-0556,613.47,CPU i3-12100
2024-08-31,2024-08-31 11:29:54.571,card,ANON-0000-0000-0557,182.41,RAM 8GB DDR4
2024-08-31,2024-08-31 11:33:39.916,card,ANON-0000-0000-0141,743.07,RAM 32GB DDR5
2024-08-31,2024-08-31 11:34:32.934,card,ANON-0000-0000-0141,779.26,RAM 32GB DDR5
2024-09-01,2024-09-01 09:34:15.229,card,ANON-0000-0000-0141,738.07,RAM 32GB DDR5
2024-09-01,2024-09-01 12:11:24.745,card,ANON-0000-0000-0558,1862.37,CPU i5-14600K
2024-09-01,2024-09-01 12:30:08.620,card,ANON-0000-0000-0181,180.46,RAM 8GB DDR4
2024-09-01,2024-09-01 12:32:22.007,card,ANON-0000-0000-0181,250.13,Serviço de Montagem
2024-09-01,2024-09-01 12:50:17.448,card,ANON-0000-0000-0559,186.45,RAM 8GB DDR4
2024-09-01,2024-09-01 13:57:33.948,card,ANON-0000-0000-0560,115.51,Serviço de Limpeza
2024-09-01,2024-09-01 14:44:04.027,card,ANON-0000-0000-0385,186.07,RAM 8GB DDR4
2024-09-01,2024-09-01 17:20:46.327,card,ANON-0000-0000-0561,125.13,Serviço de Limpeza
2024-09-01,2024-09-01 17:23:13.869,card,ANON-0000-0000-0562,123.63,Serviço de Limpeza
2024-09-01,2024-09-01 17:24:49.689,card,ANON-0000-0000-0563,116.46,Serviço de Limpeza
2024-09-02,2024-09-02 08:24:39.805,card,ANON-0000-0000-0425,117.87,Serviço de Limpeza
2024-09-02,2024-09-02 08:50:17.646,card,ANON-0000-0000-0564,180.51,RAM 8GB DDR4
2024-09-02,2024-09-02 08:51:33.148,card,ANON-0000-0000-0565,114.99,Serviço de Limpeza
2024-09-02,2024-09-02 14:58:47.143,card,ANON-0000-0000-0566,172.59,RAM 8GB DDR4
2024-09-02,2024-09-02 20:09:43.923,card,ANON-0000-0000-0567,1803.52,CPU i5-14600K
2024-09-02,2024-09-02 20:11:17.936,card,ANON-0000-0000-0179,299.04,RAM 16GB DDR4
2024-09-02,2024-09-02 20:52:31.984,card,ANON-0000-0000-0568,241.56,Serviço de Montagem
2024-09-02,2024-09-02 20:53:29.090,card,ANON-0000-0000-0568,255.11,Serviço de Montagem
2024-09-03,2024-09-03 08:22:15.368,card,ANON-0000-0000-0569,311.28,RAM 16GB DDR4
2024-09-03,2024-09-03 08:28:12.430,card,ANON-0000-0000-0168,1889.49,CPU i5-14600K
2024-09-03,2024-09-03 08:41:11.698,card,ANON-0000-0000-0570,114.3,Serviço de Limpeza
2024-09-03,2024-09-03 09:03:12.473,card,ANON-0000-0000-0571,180.81,RAM 8GB DDR4
2024-09-03,2024-09-03 09:04:11.750,card,ANON-0000-0000-0571,1788.25,CPU i5-14600K
2024-09-03,2024-09-03 09:12:48.154,card,ANON-0000-0000-0572,300.91,RAM 16GB DDR4
2024-09-03,2024-09-03 09:13:33.655,card,ANON-0000-0000-0572,293.81,RAM 16GB DDR4
2024-09-03,2024-09-03 09:17:02.210,card,ANON-0000-0000-0385,188.15,RAM 8GB DDR4
2024-09-03,2024-09-03 09:20:17.170,card,ANON-0000-0000-0573,187.37,RAM 8GB DDR4
2024-09-03,2024-09-03 09:37:52.322,card,ANON-0000-0000-0574,115.97,Serviço de Limpeza
2024-09-03,2024-09-03 09:38:56.399,card,ANON-0000-0000-0575,308.41,RAM 16GB DDR4
2024-09-03,2024-09-03 12:56:53.409,card,ANON-0000-0000-0576,733.0,RAM 32GB DDR5
2024-09-03,2024-09-03 14:14:51.711,card,ANON-0000-0000-0333,185.98,RAM 8GB DDR4
2024-09-03,2024-09-03 14:16:17.337,card,ANON-0000-0000-0333,182.67,RAM 8GB DDR4
2024-09-03,2024-09-03 18:48:34.747,card,ANON-0000-0000-0333,177.47,RAM 8GB DDR4
2024-09-03,2024-09-03 19:11:12.312,card,ANON-0000-0000-0467,119.94,Serviço de Limpeza
2024-09-03,2024-09-03 19:17:13.808,card,ANON-0000-0000-0467,177.5,RAM 8GB DDR4
2024-09-04,2024-09-04 11:11:21.574,card,ANON-0000-0000-0577,175.33,RAM 8GB DDR4
2024-09-04,2024-09-04 11:33:36.598,card,ANON-0000-0000-0510,118.29,Serviço de Limpeza
2024-09-04,2024-09-04 11:48:03.543,card,ANON-0000-0000-0019,247.54,Serviço de Montagem
2024-09-04,2024-09-04 11:55:34.487,card,ANON-0000-0000-0578,176.4,RAM 8GB DDR4
2024-09-04,2024-09-04 12:53:31.320,card,ANON-0000-0000-0565,118.1,Serviço de Limpeza
2024-09-04,2024-09-04 13:03:50.610,card,ANON-0000-0000-0579,125.79,Serviço de Limpeza
2024-09-04,2024-09-04 13:05:16.100,card,ANON-0000-0000-0579,184.16,RAM 8GB DDR4
2024-09-04,2024-09-04 18:03:46.925,card,ANON-0000-0000-0580,1816.95,CPU i5-14600K
2024-09-04,2024-09-04 19:41:41.962,card,ANON-0000-0000-0097,177.37,RAM 8GB DDR4
2024-09-04,2024-09-04 21:19:35.649,card,ANON-0000-0000-0494,125.27,Serviço de Limpeza
2024-09-05,2024-09-05 09:31:17.020,card,ANON-0000-0000-0385,183.24,RAM 8GB DDR4
2024-09-05,2024-09-05 10:28:56.227,card,ANON-0000-0000-0581,174.56,RAM 8GB DDR4
2024-09-05,2024-09-05 11:06:30.599,card,ANON-0000-0000-0019,256.16,Serviço de Montagem
2024-09-05,2024-09-05 14:00:27.732,card,ANON-0000-0000-0582,125.86,Serviço de Limpeza
2024-09-05,2024-09-05 15:25:12.342,card,ANON-0000-0000-0583,125.63,Serviço de Limpeza
2024-09-05,2024-09-05 16:38:50.385,card,ANON-0000-0000-0584,239.89,Serviço de Montagem
2024-09-05,2024-09-05 16:39:59.634,card,ANON-0000-0000-0585,185.05,RAM 8GB DDR4
2024-09-05,2024-09-05 17:04:28.905,card,ANON-0000-0000-0586,1751.45,CPU i5-14600K
2024-09-05,2024-09-05 17:05:31.684,card,ANON-0000-0000-0586,1768.34,CPU i5-14600K
2024-09-05,2024-09-05 20:30:14.964,card,ANON-0000-0000-0587,1783.17,CPU i5-14600K
2024-09-05,2024-09-05 20:54:24.429,card,ANON-0000-0000-0588,255.0,Serviço de Montagem
2024-09-05,2024-09-05 20:55:31.429,card,ANON-0000-0000-0588,1881.36,CPU i5-14600K
2024-09-05,2024-09-05 21:26:28.836,card,ANON-0000-0000-0040,172.96,RAM 8GB DDR4
2024-09-05,2024-09-05 21:27:29.969,card,ANON-0000-0000-0040,176.53,RAM 8GB DDR4
2024-09-06,2024-09-06 08:25:33.870,card,ANON-0000-0000-0582,1777.99,CPU i5-14600K
2024-09-06,2024-09-06 08:34:46.827,card,ANON-0000-0000-0425,114.56,Serviço de Limpeza
2024-09-06,2024-09-06 08:54:41.950,card,ANON-0000-0000-0589,246.46,Serviço de Montagem
2024-09-06,2024-09-06 09:50:39.949,card,ANON-0000-0000-0590,606.21,CPU i3-12100
2024-09-06,2024-09-06 09:51:52.216,card,ANON-0000-0000-0590,122.73,Serviço de Limpeza
2024-09-06,2024-09-06 10:30:06.049,card,ANON-0000-0000-0591,154.9,Serviço de Formatação
2024-09-06,2024-09-06 11:23:25.390,card,ANON-0000-0000-0095,596.3,CPU i3-12100
2024-09-06,2024-09-06 11:24:29.254,card,ANON-0000-0000-0467,576.74,CPU i3-12100
2024-09-06,2024-09-06 20:00:12.025,card,ANON-0000-0000-0283,125.63,Serviço de Limpeza
2024-09-06,2024-09-06 21:09:31.247,card,ANON-0000-0000-0507,123.38,Serviço de Limpeza
2024-09-07,2024-09-07 08:48:57.014,card,ANON-0000-0000-0592,115.08,Serviço de Limpeza
2024-09-07,2024-09-07 09:52:02.999,card,ANON-0000-0000-0543,748.13,RAM 32GB DDR5
2024-09-07,2024-09-07 09:53:03.575,card,ANON-0000-0000-0543,746.55,RAM 32GB DDR5
2024-09-07,2024-09-07 09:54:41.613,card,ANON-0000-0000-0593,715.35,RAM 32GB DDR5
2024-09-07,2024-09-07 09:57:47.652,card,ANON-0000-0000-0276,175.74,RAM 8GB DDR4
2024-09-07,2024-09-07 09:59:02.310,card,ANON-0000-0000-0276,177.36,RAM 8GB DDR4
2024-09-07,2024-09-07 10:00:19.683,card,ANON-0000-0000-0141,755.18,RAM 32GB DDR5
2024-09-07,2024-09-07 10:22:44.518,card,ANON-0000-0000-0594,257.32,Serviço de Montagem
2024-09-07,2024-09-07 10:37:52.335,card,ANON-0000-0000-0595,593.06,CPU i3-12100
2024-09-07,2024-09-07 10:40:12.607,card,ANON-0000-0000-0595,616.84,CPU i3-12100
2024-09-07,2024-09-07 10:53:32.221,card,ANON-0000-0000-0596,119.18,Serviço de Limpeza
2024-09-07,2024-09-07 11:18:56.767,card,ANON-0000-0000-0012,177.58,RAM 8GB DDR4
2024-09-07,2024-09-07 11:20:00.022,card,ANON-0000-0000-0019,247.18,Serviço de Montagem
2024-09-07,2024-09-07 11:20:57.101,card,ANON-0000-0000-0012,573.92,CPU i3-12100
2024-09-07,2024-09-07 15:55:08.533,card,ANON-0000-0000-0597,116.19,Serviço de Limpeza
2024-09-07,2024-09-07 16:20:01.025,card,ANON-0000-0000-0019,261.38,Serviço de Montagem
2024-09-07,2024-09-07 16:20:59.312,card,ANON-0000-0000-0012,598.04,CPU i3-12100
2024-09-07,2024-09-07 19:35:04.937,card,ANON-0000-0000-0283,298.6,RAM 16GB DDR4
2024-09-07,2024-09-07 19:36:05.056,card,ANON-0000-0000-0283,125.36,Serviço de Limpeza
2024-09-07,2024-09-07 19:37:15.515,card,ANON-0000-0000-0283,119.01,Serviço de Limpeza
2024-09-07,2024-09-07 20:13:51.672,card,ANON-0000-0000-0598,123.79,Serviço de Limpeza
2024-09-07,2024-09-07 20:14:59.212,card,ANON-0000-0000-0598,116.01,Serviço de Limpeza
2024-09-08,2024-09-08 08:15:40.805,card,ANON-0000-0000-0141,734.64,RAM 32GB DDR5
2024-09-08,2024-09-08 09:18:17.027,card,ANON-0000-0000-0543,778.56,RAM 32GB DDR5
2024-09-08,2024-09-08 09:19:12.416,card,ANON-0000-0000-0543,748.25,RAM 32GB DDR5
2024-09-08,2024-09-08 10:05:56.145,card,ANON-0000-0000-0543,773.79,RAM 32GB DDR5
2024-09-08,2024-09-08 12:43:28.027,card,ANON-0000-0000-0486,783.46,RAM 32GB DDR5
2024-09-08,2024-09-08 20:13:32.864,card,ANON-0000-0000-0347,252.93,Serviço de Montagem
2024-09-09,2024-09-09 07:51:13.564,card,ANON-0000-0000-0599,115.91,Serviço de Limpeza
2024-09-09,2024-09-09 07:53:51.556,card,ANON-0000-0000-0582,1801.49,CPU i5-14600K
2024-09-09,2024-09-09 07:55:21.584,card,ANON-0000-0000-0599,185.97,RAM 8GB DDR4
2024-09-09,2024-09-09 07:56:37.669,card,ANON-0000-0000-0570,121.34,Serviço de Limpeza
2024-09-09,2024-09-09 09:49:50.704,card,ANON-0000-0000-0583,119.32,Serviço de Limpeza
2024-09-09,2024-09-09 09:50:51.738,card,ANON-0000-0000-0583,149.66,Serviço de Formatação
2024-09-09,2024-09-09 09:59:10.750,card,ANON-0000-0000-0494,123.08,Serviço de Limpeza
2024-09-09,2024-09-09 11:11:36.122,card,ANON-0000-0000-0600,178.21,RAM 8GB DDR4
2024-09-09,2024-09-09 11:12:50.640,card,ANON-0000-0000-0601,175.87,RAM 8GB DDR4
2024-09-09,2024-09-09 11:29:49.243,card,ANON-0000-0000-0602,121.97,Serviço de Limpeza
2024-09-09,2024-09-09 12:06:59.657,card,ANON-0000-0000-0603,583.08,CPU i3-12100
2024-09-09,2024-09-09 15:12:13.766,card,ANON-0000-0000-0604,115.08,Serviço de Limpeza
2024-09-09,2024-09-09 15:13:24.517,card,ANON-0000-0000-0604,244.89,Serviço de Montagem
2024-09-09,2024-09-09 17:24:10.388,card,ANON-0000-0000-0605,119.45,Serviço de Limpeza
2024-09-09,2024-09-09 18:13:46.320,card,ANON-0000-0000-0507,118.82,Serviço de Limpeza
2024-09-09,2024-09-09 20:07:36.198,card,ANON-0000-0000-0268,1789.51,CPU i5-14600K
2024-09-09,2024-09-09 20:13:43.524,card,ANON-0000-0000-0606,114.39,Serviço de Limpeza
2024-09-10,2024-09-10 08:12:02.450,card,ANON-0000-0000-0607,150.34,Serviço de Formatação
2024-09-10,2024-09-10 09:32:46.786,card,ANON-0000-0000-0608,1874.82,CPU i5-14600K
2024-09-10,2024-09-10 15:21:54.387,card,ANON-0000-0000-0543,745.46,RAM 32GB DDR5
2024-09-10,2024-09-10 15:23:05.946,card,ANON-0000-0000-0543,714.37,RAM 32GB DDR5
2024-09-10,2024-09-10 18:43:41.760,card,ANON-0000-0000-0609,1828.83,CPU i5-14600K
2024-09-10,2024-09-10 18:45:22.624,card,ANON-0000-0000-0610,171.48,RAM 8GB DDR4
2024-09-10,2024-09-10 19:02:43.027,card,ANON-0000-0000-0611,116.3,Serviço de Limpeza
2024-09-10,2024-09-10 19:03:53.257,card,ANON-0000-0000-0611,115.18,Serviço de Limpeza
2024-09-10,2024-09-10 21:29:34.556,card,ANON-0000-0000-0012,180.34,RAM 8GB DDR4
2024-09-10,2024-09-10 21:30:27.036,card,ANON-0000-0000-0012,261.29,Serviço de Montagem
2024-09-11,2024-09-11 08:47:22.305,card,ANON-0000-0000-0612,124.43,Serviço de Limpeza
2024-09-11,2024-09-11 09:28:46.757,card,ANON-0000-0000-0097,174.02,RAM 8GB DDR4
2024-09-11,2024-09-11 10:52:09.177,card,ANON-0000-0000-0613,121.19,Serviço de Limpeza
2024-09-11,2024-09-11 19:53:12.537,card,ANON-0000-0000-0614,1829.54,CPU i5-14600K
2024-09-11,2024-09-11 20:13:14.887,card,ANON-0000-0000-0531,185.52,RAM 8GB DDR4
2024-09-11,2024-09-11 20:14:18.886,card,ANON-0000-0000-0531,118.6,Serviço de Limpeza
2024-09-11,2024-09-11 20:15:19.350,card,ANON-0000-0000-0531,119.74,Serviço de Limpeza
2024-09-11,2024-09-11 21:01:34.225,card,ANON-0000-0000-0584,720.56,RAM 32GB DDR5
2024-09-12,2024-09-12 10:57:25.619,card,ANON-0000-0000-0347,602.72,CPU i3-12100
2024-09-12,2024-09-12 10:58:19.807,card,ANON-0000-0000-0347,188.33,RAM 8GB DDR4
2024-09-12,2024-09-12 11:27:36.065,card,ANON-0000-0000-0615,174.74,RAM 8GB DDR4
2024-09-12,2024-09-12 12:08:22.158,card,ANON-0000-0000-0565,1868.54,CPU i5-14600K
2024-09-12,2024-09-12 12:31:06.997,card,ANON-0000-0000-0616,741.05,RAM 32GB DDR5
2024-09-12,2024-09-12 12:32:22.981,card,ANON-0000-0000-0616,765.41,RAM 32GB DDR5
2024-09-12,2024-09-12 12:37:20.423,card,ANON-0000-0000-0141,782.63,RAM 32GB DDR5
2024-09-12,2024-09-12 12:38:09.735,card,ANON-0000-0000-0141,768.11,RAM 32GB DDR5
2024-09-12,2024-09-12 17:01:25.224,card,ANON-0000-0000-0617,119.11,Serviço de Limpeza
2024-09-12,2024-09-12 21:09:10.412,card,ANON-0000-0000-0618,253.46,Serviço de Montagem
2024-09-12,2024-09-12 21:10:21.159,card,ANON-0000-0000-0618,1888.58,CPU i5-14600K
2024-09-12,2024-09-12 21:13:16.808,card,ANON-0000-0000-0319,715.1,RAM 32GB DDR5
2024-09-13,2024-09-13 07:56:53.763,card,ANON-0000-0000-0570,119.11,Serviço de Limpeza
2024-09-13,2024-09-13 08:41:02.985,card,ANON-0000-0000-0425,122.47,Serviço de Limpeza
2024-09-13,2024-09-13 08:54:15.814,card,ANON-0000-0000-0375,116.06,Serviço de Limpeza
2024-09-13,2024-09-13 09:51:19.387,card,ANON-0000-0000-0619,121.43,Serviço de Limpeza
2024-09-13,2024-09-13 15:38:18.869,card,ANON-0000-0000-0242,171.69,RAM 8GB DDR4
2024-09-13,2024-09-13 15:50:53.892,card,ANON-0000-0000-0552,186.08,RAM 8GB DDR4
2024-09-14,2024-09-14 16:29:19.359,card,ANON-0000-0000-0543,1786.2,CPU i5-14600K
2024-09-14,2024-09-14 16:30:16.873,card,ANON-0000-0000-0543,1711.91,CPU i5-14600K
2024-09-15,2024-09-15 08:42:40.941,card,ANON-0000-0000-0347,606.23,CPU i3-12100
2024-09-15,2024-09-15 09:49:38.741,card,ANON-0000-0000-0620,177.03,RAM 8GB DDR4
2024-09-15,2024-09-15 13:49:37.387,card,ANON-0000-0000-0304,239.53,Serviço de Montagem
2024-09-15,2024-09-15 14:36:19.287,card,ANON-0000-0000-0141,740.08,RAM 32GB DDR5
2024-09-15,2024-09-15 14:37:20.597,card,ANON-0000-0000-0141,777.82,RAM 32GB DDR5
2024-09-15,2024-09-15 14:53:18.708,card,ANON-0000-0000-0543,1830.1,CPU i5-14600K
2024-09-16,2024-09-16 13:32:22.875,card,ANON-0000-0000-0621,116.32,Serviço de Limpeza
2024-09-16,2024-09-16 13:33:36.767,card,ANON-0000-0000-0584,183.69,RAM 8GB DDR4
2024-09-16,2024-09-16 15:23:19.260,card,ANON-0000-0000-0621,121.81,Serviço de Limpeza
2024-09-16,2024-09-16 17:16:05.734,card,ANON-0000-0000-0622,185.04,RAM 8GB DDR4
2024-09-16,2024-09-16 17:18:03.251,card,ANON-0000-0000-0623,125.4,Serviço de Limpeza
2024-09-16,2024-09-16 18:54:45.448,card,ANON-0000-0000-0624,122.51,Serviço de Limpeza
2024-09-16,2024-09-16 18:56:05.275,card,ANON-0000-0000-0625,115.31,Serviço de Limpeza
2024-09-16,2024-09-16 21:10:18.693,card,ANON-0000-0000-0626,181.85,RAM 8GB DDR4
2024-09-16,2024-09-16 21:11:32.500,card,ANON-0000-0000-0626,118.19,Serviço de Limpeza
2024-09-16,2024-09-16 21:37:47.308,card,ANON-0000-0000-0287,181.75,RAM 8GB DDR4
2024-09-16,2024-09-16 21:38:48.666,card,ANON-0000-0000-0097,187.46,RAM 8GB DDR4
2024-09-17,2024-09-17 07:54:57.927,card,ANON-0000-0000-0627,766.68,RAM 32GB DDR5
2024-09-17,2024-09-17 08:09:00.896,card,ANON-0000-0000-0621,119.29,Serviço de Limpeza
2024-09-17,2024-09-17 08:37:37.553,card,ANON-0000-0000-0276,184.03,RAM 8GB DDR4
2024-09-17,2024-09-17 08:42:31.474,card,ANON-0000-0000-0141,751.19,RAM 32GB DDR5
2024-09-17,2024-09-17 09:10:03.755,card,ANON-0000-0000-0554,1781.53,CPU i5-14600K
2024-09-17,2024-09-17 09:11:08.221,card,ANON-0000-0000-0554,184.44,RAM 8GB DDR4
2024-09-17,2024-09-17 09:34:56.760,card,ANON-0000-0000-0620,177.59,RAM 8GB DDR4
2024-09-17,2024-09-17 12:38:33.768,card,ANON-0000-0000-0628,584.26,CPU i3-12100
2024-09-17,2024-09-17 12:39:33.682,card,ANON-0000-0000-0628,177.19,RAM 8GB DDR4
2024-09-17,2024-09-17 12:44:15.152,card,ANON-0000-0000-0629,121.29,Serviço de Limpeza
2024-09-17,2024-09-17 13:54:23.032,card,ANON-0000-0000-0554,179.64,RAM 8GB DDR4
2024-09-17,2024-09-17 13:55:31.241,card,ANON-0000-0000-0630,718.04,RAM 32GB DDR5
2024-09-17,2024-09-17 16:29:37.216,card,ANON-0000-0000-0554,1848.88,CPU i5-14600K
2024-09-17,2024-09-17 16:31:00.716,card,ANON-0000-0000-0630,120.05,Serviço de Limpeza
2024-09-17,2024-09-17 18:54:23.783,card,ANON-0000-0000-0631,151.68,Serviço de Formatação
2024-09-17,2024-09-17 19:00:45.913,card,ANON-0000-0000-0632,188.45,RAM 8GB DDR4
2024-09-17,2024-09-17 19:03:53.274,card,ANON-0000-0000-0633,180.79,RAM 8GB DDR4
2024-09-17,2024-09-17 19:12:47.905,card,ANON-0000-0000-0634,121.66,Serviço de Limpeza
2024-09-17,2024-09-17 19:13:59.742,card,ANON-0000-0000-0634,173.18,RAM 8GB DDR4
2024-09-17,2024-09-17 19:14:59.513,card,ANON-0000-0000-0634,173.55,RAM 8GB DDR4
2024-09-17,2024-09-17 19:31:57.368,card,ANON-0000-0000-0635,183.87,RAM 8GB DDR4
2024-09-17,2024-09-17 22:19:35.981,card,ANON-0000-0000-0636,153.69,Serviço de Formatação
2024-09-17,2024-09-17 22:20:19.450,card,ANON-0000-0000-0637,154.28,Serviço de Formatação
2024-09-18,2024-09-18 14:29:48.898,card,ANON-0000-0000-0638,114.84,Serviço de Limpeza
2024-09-18,2024-09-18 17:34:19.665,card,ANON-0000-0000-0639,119.68,Serviço de Limpeza
2024-09-18,2024-09-18 21:15:38.758,card,ANON-0000-0000-0040,176.31,RAM 8GB DDR4
2024-09-18,2024-09-18 21:18:21.554,card,ANON-0000-0000-0040,184.75,RAM 8GB DDR4
2024-09-19,2024-09-19 08:17:18.665,card,ANON-0000-0000-0276,173.16,RAM 8GB DDR4
2024-09-19,2024-09-19 08:30:29.047,card,ANON-0000-0000-0627,723.42,RAM 32GB DDR5
2024-09-19,2024-09-19 10:01:30.579,card,ANON-0000-0000-0494,123.65,Serviço de Limpeza
2024-09-19,2024-09-19 12:59:33.614,card,ANON-0000-0000-0004,251.53,Serviço de Montagem
2024-09-19,2024-09-19 13:00:33.616,card,ANON-0000-0000-0004,183.58,RAM 8GB DDR4
2024-09-19,2024-09-19 13:45:42.367,card,ANON-0000-0000-0640,719.09,RAM 32GB DDR5
2024-09-20,2024-09-20 08:34:56.930,card,ANON-0000-0000-0276,188.54,RAM 8GB DDR4
2024-09-20,2024-09-20 09:46:15.400,card,ANON-0000-0000-0641,176.4,RAM 8GB DDR4
2024-09-20,2024-09-20 13:39:55.465,card,ANON-0000-0000-0333,185.4,RAM 8GB DDR4
2024-09-20,2024-09-20 16:03:29.611,card,ANON-0000-0000-0642,123.46,Serviço de Limpeza
2024-09-20,2024-09-20 20:39:23.129,card,ANON-0000-0000-0643,241.63,Serviço de Montagem
2024-09-20,2024-09-20 21:31:36.580,card,ANON-0000-0000-0287,184.56,RAM 8GB DDR4
2024-09-20,2024-09-20 21:32:43.025,card,ANON-0000-0000-0287,178.76,RAM 8GB DDR4
2024-09-21,2024-09-21 11:01:14.948,card,ANON-0000-0000-0644,122.15,Serviço de Limpeza
2024-09-21,2024-09-21 11:02:13.802,card,ANON-0000-0000-0644,299.34,RAM 16GB DDR4
2024-09-21,2024-09-21 11:37:47.243,card,ANON-0000-0000-0543,736.41,RAM 32GB DDR5
2024-09-21,2024-09-21 11:38:44.997,card,ANON-0000-0000-0543,750.75,RAM 32GB DDR5
2024-09-21,2024-09-21 15:10:09.368,card,ANON-0000-0000-0645,1864.3,CPU i5-14600K
2024-09-21,2024-09-21 15:36:13.609,card,ANON-0000-0000-0646,115.72,Serviço de Limpeza
2024-09-21,2024-09-21 18:16:28.701,card,ANON-0000-0000-0507,125.35,Serviço de Limpeza
2024-09-21,2024-09-21 18:17:30.686,card,ANON-0000-0000-0507,122.56,Serviço de Limpeza
2024-09-21,2024-09-21 20:29:42.939,card,ANON-0000-0000-0040,237.69,Serviço de Montagem
2024-09-21,2024-09-21 20:30:38.882,card,ANON-0000-0000-0040,256.47,Serviço de Montagem
2024-09-21,2024-09-21 20:33:58.175,card,ANON-0000-0000-0602,116.98,Serviço de Limpeza
2024-09-21,2024-09-21 20:35:30.169,card,ANON-0000-0000-0602,116.64,Serviço de Limpeza
2024-09-21,2024-09-21 22:18:46.088,card,ANON-0000-0000-0647,173.39,RAM 8GB DDR4
2024-09-21,2024-09-21 22:19:50.128,card,ANON-0000-0000-0647,259.69,Serviço de Montagem
2024-09-21,2024-09-21 22:20:48.360,card,ANON-0000-0000-0647,249.58,Serviço de Montagem
2024-09-22,2024-09-22 08:32:54.172,card,ANON-0000-0000-0648,253.22,Serviço de Montagem
2024-09-22,2024-09-22 10:12:09.764,card,ANON-0000-0000-0649,185.32,RAM 8GB DDR4
2024-09-22,2024-09-22 10:13:08.586,card,ANON-0000-0000-0649,122.14,Serviço de Limpeza
2024-09-22,2024-09-22 11:06:26.307,card,ANON-0000-0000-0650,723.08,RAM 32GB DDR5
2024-09-22,2024-09-22 11:07:36.380,card,ANON-0000-0000-0650,738.07,RAM 32GB DDR5
2024-09-22,2024-09-22 11:51:59.888,card,ANON-0000-0000-0651,184.32,RAM 8GB DDR4
2024-09-22,2024-09-22 11:55:12.923,card,ANON-0000-0000-0099,251.76,Serviço de Montagem
2024-09-22,2024-09-22 12:07:20.767,card,ANON-0000-0000-0276,187.65,RAM 8GB DDR4
2024-09-22,2024-09-22 13:28:14.663,card,ANON-0000-0000-0333,176.22,RAM 8GB DDR4
2024-09-22,2024-09-22 13:29:35.917,card,ANON-0000-0000-0333,184.62,RAM 8GB DDR4
2024-09-22,2024-09-22 13:33:34.561,card,ANON-0000-0000-0510,171.06,RAM 8GB DDR4
2024-09-22,2024-09-22 15:34:10.099,card,ANON-0000-0000-0652,118.68,Serviço de Limpeza
2024-09-22,2024-09-22 15:35:24.234,card,ANON-0000-0000-0652,182.99,RAM 8GB DDR4
2024-09-22,2024-09-22 16:25:03.468,card,ANON-0000-0000-0653,300.46,RAM 16GB DDR4
2024-09-22,2024-09-22 20:19:10.082,card,ANON-0000-0000-0654,119.31,Serviço de Limpeza
2024-09-22,2024-09-22 20:20:35.589,card,ANON-0000-0000-0654,1875.39,CPU i5-14600K
2024-09-22,2024-09-22 20:46:26.208,card,ANON-0000-0000-0455,174.11,RAM 8GB DDR4
2024-09-22,2024-09-22 20:47:35.096,card,ANON-0000-0000-0455,188.27,RAM 8GB DDR4
2024-09-22,2024-09-22 21:07:04.794,card,ANON-0000-0000-0655,171.88,RAM 8GB DDR4
2024-09-22,2024-09-22 21:08:14.798,card,ANON-0000-0000-0655,174.07,RAM 8GB DDR4
2024-09-22,2024-09-22 21:54:04.098,card,ANON-0000-0000-0637,149.13,Serviço de Formatação
2024-09-22,2024-09-22 21:54:54.497,card,ANON-0000-0000-0637,145.99,Serviço de Formatação
2024-09-22,2024-09-22 22:37:02.384,card,ANON-0000-0000-0656,237.99,Serviço de Montagem
2024-09-22,2024-09-22 22:37:58.406,card,ANON-0000-0000-0657,172.88,RAM 8GB DDR4
2024-09-23,2024-09-23 09:03:36.954,card,ANON-0000-0000-0276,186.65,RAM 8GB DDR4
2024-09-23,2024-09-23 10:04:17.268,card,ANON-0000-0000-0141,776.35,RAM 32GB DDR5
2024-09-23,2024-09-23 12:11:04.352,card,ANON-0000-0000-0584,256.4,Serviço de Montagem
2024-09-23,2024-09-23 14:08:51.946,card,ANON-0000-0000-0573,184.34,RAM 8GB DDR4
2024-09-23,2024-09-23 17:27:47.591,card,ANON-0000-0000-0658,1716.61,CPU i5-14600K
2024-09-23,2024-09-23 18:48:30.436,card,ANON-0000-0000-0659,245.36,Serviço de Montagem
2024-09-23,2024-09-23 19:47:21.950,card,ANON-0000-0000-0507,118.73,Serviço de Limpeza
2024-09-23,2024-09-23 20:09:45.867,card,ANON-0000-0000-0206,1767.27,CPU i5-14600K
2024-09-23,2024-09-23 22:13:30.513,card,ANON-0000-0000-0641,188.45,RAM 8GB DDR4
2024-09-23,2024-09-23 22:15:14.958,card,ANON-0000-0000-0641,172.78,RAM 8GB DDR4
2024-09-24,2024-09-24 08:33:32.613,card,ANON-0000-0000-0276,183.02,RAM 8GB DDR4
2024-09-24,2024-09-24 12:23:56.963,card,ANON-0000-0000-0634,115.02,Serviço de Limpeza
2024-09-24,2024-09-24 12:24:54.750,card,ANON-0000-0000-0634,116.72,Serviço de Limpeza
2024-09-24,2024-09-24 12:46:44.403,card,ANON-0000-0000-0660,119.1,Serviço de Limpeza
2024-09-24,2024-09-24 12:47:49.424,card,ANON-0000-0000-0660,115.55,Serviço de Limpeza
2024-09-24,2024-09-24 14:11:39.339,card,ANON-0000-0000-0661,116.21,Serviço de Limpeza
2024-09-24,2024-09-24 14:31:28.741,card,ANON-0000-0000-0662,758.26,RAM 32GB DDR5
2024-09-24,2024-09-24 15:37:23.698,card,ANON-0000-0000-0510,1757.59,CPU i5-14600K
2024-09-24,2024-09-24 16:38:48.296,card,ANON-0000-0000-0583,120.56,Serviço de Limpeza
2024-09-24,2024-09-24 18:43:02.935,card,ANON-0000-0000-0408,251.72,Serviço de Montagem
2024-09-24,2024-09-24 18:43:54.082,card,ANON-0000-0000-0408,260.67,Serviço de Montagem
2024-09-24,2024-09-24 20:15:50.396,card,ANON-0000-0000-0663,153.82,Serviço de Formatação
2024-09-24,2024-09-24 21:05:14.190,card,ANON-0000-0000-0631,122.83,Serviço de Limpeza
2024-09-24,2024-09-24 21:06:32.402,card,ANON-0000-0000-0531,171.11,RAM 8GB DDR4
2024-09-24,2024-09-24 21:07:34.965,card,ANON-0000-0000-0531,185.84,RAM 8GB DDR4
2024-09-25,2024-09-25 07:51:21.100,card,ANON-0000-0000-0664,1860.99,CPU i5-14600K
2024-09-25,2024-09-25 11:35:32.533,card,ANON-0000-0000-0141,748.78,RAM 32GB DDR5
2024-09-25,2024-09-25 11:51:15.212,card,ANON-0000-0000-0665,179.18,RAM 8GB DDR4
2024-09-25,2024-09-25 11:52:53.371,card,ANON-0000-0000-0665,124.5,Serviço de Limpeza
2024-09-25,2024-09-25 13:54:51.454,card,ANON-0000-0000-0666,185.44,RAM 8GB DDR4
2024-09-25,2024-09-25 13:55:59.258,card,ANON-0000-0000-0666,179.49,RAM 8GB DDR4
2024-09-25,2024-09-25 17:36:37.182,card,ANON-0000-0000-0667,182.04,RAM 8GB DDR4
2024-09-25,2024-09-25 17:37:31.840,card,ANON-0000-0000-0667,184.37,RAM 8GB DDR4
2024-09-25,2024-09-25 21:34:41.289,card,ANON-0000-0000-0668,260.25,Serviço de Montagem
2024-09-25,2024-09-25 22:18:51.754,card,ANON-0000-0000-0475,175.67,RAM 8GB DDR4
2024-09-26,2024-09-26 08:43:35.049,card,ANON-0000-0000-0570,123.42,Serviço de Limpeza
2024-09-26,2024-09-26 10:37:06.485,card,ANON-0000-0000-0333,188.93,RAM 8GB DDR4
2024-09-26,2024-09-26 10:55:52.407,card,ANON-0000-0000-0669,593.07,CPU i3-12100
2024-09-26,2024-09-26 11:34:48.571,card,ANON-0000-0000-0670,1806.35,CPU i5-14600K
2024-09-26,2024-09-26 12:48:01.368,card,ANON-0000-0000-0671,119.55,Serviço de Limpeza
2024-09-26,2024-09-26 18:21:55.733,card,ANON-0000-0000-0672,114.96,Serviço de Limpeza
2024-09-26,2024-09-26 22:45:15.081,card,ANON-0000-0000-0673,124.81,Serviço de Limpeza
2024-09-26,2024-09-26 22:46:17.637,card,ANON-0000-0000-0673,773.71,RAM 32GB DDR5
2024-09-26,2024-09-26 22:47:24.867,card,ANON-0000-0000-0472,188.37,RAM 8GB DDR4
2024-09-27,2024-09-27 09:29:45.646,card,ANON-0000-0000-0276,185.64,RAM 8GB DDR4
2024-09-27,2024-09-27 09:33:43.977,card,ANON-0000-0000-0141,744.79,RAM 32GB DDR5
2024-09-27,2024-09-27 09:41:04.732,card,ANON-0000-0000-0674,1877.71,CPU i5-14600K
2024-09-27,2024-09-27 10:46:56.620,card,ANON-0000-0000-0333,180.83,RAM 8GB DDR4
2024-09-27,2024-09-27 11:35:00.282,card,ANON-0000-0000-0333,179.76,RAM 8GB DDR4
2024-09-27,2024-09-27 13:20:31.055,card,ANON-0000-0000-0675,1829.0,CPU i5-14600K
2024-09-27,2024-09-27 13:25:05.272,card,ANON-0000-0000-0676,1771.4,CPU i5-14600K
2024-09-27,2024-09-27 13:28:33.107,card,ANON-0000-0000-0676,257.61,Serviço de Montagem
2024-09-27,2024-09-27 13:33:52.455,card,ANON-0000-0000-0677,176.75,RAM 8GB DDR4
2024-09-27,2024-09-27 18:07:43.705,card,ANON-0000-0000-0678,116.14,Serviço de Limpeza
2024-09-27,2024-09-27 18:08:58.239,card,ANON-0000-0000-0678,115.13,Serviço de Limpeza
2024-09-27,2024-09-27 18:37:45.891,card,ANON-0000-0000-0679,1764.51,CPU i5-14600K
2024-09-27,2024-09-27 18:40:53.757,card,ANON-0000-0000-0680,1822.29,CPU i5-14600K
2024-09-27,2024-09-27 20:18:13.287,card,ANON-0000-0000-0408,1795.77,CPU i5-14600K
2024-09-27,2024-09-27 20:19:14.319,card,ANON-0000-0000-0408,1741.17,CPU i5-14600K
2024-09-27,2024-09-27 20:58:14.967,card,ANON-0000-0000-0681,185.71,RAM 8GB DDR4
2024-09-28,2024-09-28 08:06:45.469,card,ANON-0000-0000-0666,180.3,RAM 8GB DDR4
2024-09-28,2024-09-28 09:31:14.759,card,ANON-0000-0000-0682,177.64,RAM 8GB DDR4
2024-09-28,2024-09-28 14:25:47.337,card,ANON-0000-0000-0507,124.27,Serviço de Limpeza
2024-09-28,2024-09-28 16:57:20.118,card,ANON-0000-0000-0683,119.55,Serviço de Limpeza
2024-09-28,2024-09-28 17:26:16.704,card,ANON-0000-0000-0684,184.69,RAM 8GB DDR4
2024-09-28,2024-09-28 20:34:31.110,card,ANON-0000-0000-0445,121.59,Serviço de Limpeza
2024-09-28,2024-09-28 20:38:36.502,card,ANON-0000-0000-0685,121.08,Serviço de Limpeza
2024-09-28,2024-09-28 22:16:36.777,card,ANON-0000-0000-0686,1814.4,CPU i5-14600K
2024-09-28,2024-09-28 22:17:29.587,card,ANON-0000-0000-0686,305.1,RAM 16GB DDR4
2024-09-28,2024-09-28 22:18:16.072,card,ANON-0000-0000-0687,754.23,RAM 32GB DDR5
2024-09-28,2024-09-28 22:19:13.029,card,ANON-0000-0000-0687,146.74,Serviço de Formatação
2024-09-29,2024-09-29 10:48:45.050,card,ANON-0000-0000-0467,248.89,Serviço de Montagem
2024-09-29,2024-09-29 10:50:05.258,card,ANON-0000-0000-0172,1830.54,CPU i5-14600K
2024-09-29,2024-09-29 10:51:03.253,card,ANON-0000-0000-0172,1736.05,CPU i5-14600K
2024-09-29,2024-09-29 10:52:23.021,card,ANON-0000-0000-0172,1714.31,CPU i5-14600K
2024-09-29,2024-09-29 10:53:42.331,card,ANON-0000-0000-0333,184.94,RAM 8GB DDR4
2024-09-29,2024-09-29 12:35:43.442,card,ANON-0000-0000-0683,120.17,Serviço de Limpeza
2024-09-29,2024-09-29 12:50:58.444,card,ANON-0000-0000-0141,756.55,RAM 32GB DDR5
2024-09-29,2024-09-29 12:54:15.385,card,ANON-0000-0000-0602,120.44,Serviço de Limpeza
2024-09-29,2024-09-29 12:55:21.637,card,ANON-0000-0000-0688,121.67,Serviço de Limpeza
2024-09-29,2024-09-29 18:02:27.296,card,ANON-0000-0000-0689,1874.57,CPU i5-14600K
2024-09-29,2024-09-29 22:31:02.815,card,ANON-0000-0000-0690,124.34,Serviço de Limpeza
2024-09-30,2024-09-30 08:08:47.516,card,ANON-0000-0000-0141,767.03,RAM 32GB DDR5
2024-09-30,2024-09-30 08:58:54.669,card,ANON-0000-0000-0691,742.14,RAM 32GB DDR5
2024-09-30,2024-09-30 09:00:04.917,card,ANON-0000-0000-0692,154.5,Serviço de Formatação
2024-09-30,2024-09-30 10:01:09.168,card,ANON-0000-0000-0276,187.99,RAM 8GB DDR4
2024-09-30,2024-09-30 10:05:18.351,card,ANON-0000-0000-0141,718.09,RAM 32GB DDR5
2024-09-30,2024-09-30 11:32:54.558,card,ANON-0000-0000-0693,184.45,RAM 8GB DDR4
2024-09-30,2024-09-30 16:45:44.460,card,ANON-0000-0000-0333,176.09,RAM 8GB DDR4
2024-09-30,2024-09-30 19:32:18.200,card,ANON-0000-0000-0507,115.72,Serviço de Limpeza
2024-09-30,2024-09-30 19:53:14.092,card,ANON-0000-0000-0694,188.36,RAM 8GB DDR4
2024-09-30,2024-09-30 19:54:17.620,card,ANON-0000-0000-0694,738.85,RAM 32GB DDR5
2024-09-30,2024-09-30 19:59:18.993,card,ANON-0000-0000-0631,119.67,Serviço de Limpeza
2024-09-30,2024-09-30 20:00:42.135,card,ANON-0000-0000-0531,182.92,RAM 8GB DDR4
2024-09-30,2024-09-30 20:01:42.191,card,ANON-0000-0000-0633,172.51,RAM 8GB DDR4
2024-09-30,2024-09-30 21:41:07.527,card,ANON-0000-0000-0695,172.36,RAM 8GB DDR4
2024-10-01,2024-10-01 07:47:08.449,card,ANON-0000-0000-0696,114.65,Serviço de Limpeza
2024-10-01,2024-10-01 09:48:30.777,card,ANON-0000-0000-0276,183.32,RAM 8GB DDR4
2024-10-01,2024-10-01 10:02:26.778,card,ANON-0000-0000-0333,174.94,RAM 8GB DDR4
2024-10-01,2024-10-01 10:03:47.115,card,ANON-0000-0000-0333,178.73,RAM 8GB DDR4
2024-10-01,2024-10-01 11:55:31.853,card,ANON-0000-0000-0697,180.7,RAM 8GB DDR4
2024-10-01,2024-10-01 12:12:48.446,card,ANON-0000-0000-0698,176.3,RAM 8GB DDR4
2024-10-01,2024-10-01 12:14:23.382,card,ANON-0000-0000-0698,178.67,RAM 8GB DDR4
2024-10-01,2024-10-01 14:17:34.957,card,ANON-0000-0000-0699,253.94,Serviço de Montagem
2024-10-01,2024-10-01 14:18:52.558,card,ANON-0000-0000-0699,178.18,RAM 8GB DDR4
2024-10-01,2024-10-01 16:08:38.999,card,ANON-0000-0000-0637,149.23,Serviço de Formatação
2024-10-01,2024-10-01 16:41:54.481,card,ANON-0000-0000-0700,261.01,Serviço de Montagem
2024-10-01,2024-10-01 18:08:26.545,card,ANON-0000-0000-0701,123.93,Serviço de Limpeza
2024-10-01,2024-10-01 18:23:11.460,card,ANON-0000-0000-0702,116.63,Serviço de Limpeza
2024-10-01,2024-10-01 18:24:14.252,card,ANON-0000-0000-0702,142.77,Serviço de Formatação
2024-10-01,2024-10-01 20:03:22.143,card,ANON-0000-0000-0585,157.29,Serviço de Formatação
2024-10-02,2024-10-02 07:57:18.793,card,ANON-0000-0000-0703,116.94,Serviço de Limpeza
2024-10-02,2024-10-02 08:42:44.642,card,ANON-0000-0000-0141,741.94,RAM 32GB DDR5
2024-10-02,2024-10-02 09:19:17.053,card,ANON-0000-0000-0276,184.88,RAM 8GB DDR4
2024-10-02,2024-10-02 10:22:01.523,card,ANON-0000-0000-0375,120.33,Serviço de Limpeza
2024-10-02,2024-10-02 10:23:55.272,card,ANON-0000-0000-0704,175.23,RAM 8GB DDR4
2024-10-02,2024-10-02 11:28:53.893,card,ANON-0000-0000-0705,1754.82,CPU i5-14600K
2024-10-02,2024-10-02 15:13:42.142,card,ANON-0000-0000-0706,1836.48,CPU i5-14600K
2024-10-02,2024-10-02 18:31:07.153,card,ANON-0000-0000-0255,153.72,Serviço de Formatação
2024-10-02,2024-10-02 22:18:55.379,card,ANON-0000-0000-0637,154.34,Serviço de Formatação
2024-10-02,2024-10-02 22:19:40.694,card,ANON-0000-0000-0637,153.81,Serviço de Formatação
2024-10-02,2024-10-02 22:20:23.651,card,ANON-0000-0000-0707,142.56,Serviço de Formatação
2024-10-03,2024-10-03 13:47:35.922,card,ANON-0000-0000-0708,287.49,RAM 16GB DDR4
2024-10-03,2024-10-03 15:12:05.160,card,ANON-0000-0000-0709,178.79,RAM 8GB DDR4
2024-10-03,2024-10-03 20:12:57.761,card,ANON-0000-0000-0710,728.26,RAM 32GB DDR5
2024-10-03,2024-10-03 20:14:04.781,card,ANON-0000-0000-0710,143.87,Serviço de Formatação
2024-10-03,2024-10-03 21:21:06.296,card,ANON-0000-0000-0637,154.76,Serviço de Formatação
2024-10-03,2024-10-03 21:21:46.778,card,ANON-0000-0000-0637,152.86,Serviço de Formatação
2024-10-03,2024-10-03 21:29:03.390,card,ANON-0000-0000-0711,1803.62,CPU i5-14600K
2024-10-03,2024-10-03 21:31:00.451,card,ANON-0000-0000-0712,150.23,Serviço de Formatação
2024-10-04,2024-10-04 08:44:00.873,card,ANON-0000-0000-0440,241.56,Serviço de Montagem
2024-10-04,2024-10-04 08:45:38.952,card,ANON-0000-0000-0440,254.09,Serviço de Montagem
2024-10-04,2024-10-04 09:30:22.038,card,ANON-0000-0000-0004,173.95,RAM 8GB DDR4
2024-10-04,2024-10-04 09:31:27.071,card,ANON-0000-0000-0003,237.51,Serviço de Montagem
2024-10-04,2024-10-04 09:53:58.577,card,ANON-0000-0000-0650,766.17,RAM 32GB DDR5
2024-10-04,2024-10-04 09:55:04.557,card,ANON-0000-0000-0650,785.78,RAM 32GB DDR5
2024-10-04,2024-10-04 17:35:14.809,card,ANON-0000-0000-0713,121.3,Serviço de Limpeza
2024-10-04,2024-10-04 17:42:22.181,card,ANON-0000-0000-0714,154.87,Serviço de Formatação
2024-10-04,2024-10-04 17:44:36.370,card,ANON-0000-0000-0714,302.58,RAM 16GB DDR4
2024-10-05,2024-10-05 09:00:46.861,card,ANON-0000-0000-0141,725.56,RAM 32GB DDR5
2024-10-05,2024-10-05 09:01:42.669,card,ANON-0000-0000-0141,724.61,RAM 32GB DDR5
2024-10-05,2024-10-05 09:35:44.903,card,ANON-0000-0000-0715,311.04,RAM 16GB DDR4
2024-10-05,2024-10-05 13:12:13.285,card,ANON-0000-0000-0206,1742.23,CPU i5-14600K
2024-10-05,2024-10-05 20:08:38.058,card,ANON-0000-0000-0012,260.28,Serviço de Montagem
2024-10-05,2024-10-05 20:09:33.647,card,ANON-0000-0000-0012,246.68,Serviço de Montagem
2024-10-06,2024-10-06 08:22:56.721,card,ANON-0000-0000-0141,773.61,RAM 32GB DDR5
2024-10-06,2024-10-06 10:05:43.642,card,ANON-0000-0000-0195,1757.73,CPU i5-14600K
2024-10-06,2024-10-06 10:06:47.136,card,ANON-0000-0000-0195,718.92,RAM 32GB DDR5
2024-10-06,2024-10-06 11:55:28.846,card,ANON-0000-0000-0716,115.49,Serviço de Limpeza
2024-10-06,2024-10-06 12:09:03.852,card,ANON-0000-0000-0665,124.38,Serviço de Limpeza
2024-10-06,2024-10-06 12:10:17.343,card,ANON-0000-0000-0665,1830.86,CPU i5-14600K
2024-10-06,2024-10-06 12:11:43.360,card,ANON-0000-0000-0665,177.04,RAM 8GB DDR4
2024-10-06,2024-10-06 13:46:03.675,card,ANON-0000-0000-0717,244.9,Serviço de Montagem
2024-10-06,2024-10-06 13:47:01.953,card,ANON-0000-0000-0717,1812.86,CPU i5-14600K
2024-10-06,2024-10-06 13:50:00.140,card,ANON-0000-0000-0718,177.01,RAM 8GB DDR4
2024-10-06,2024-10-06 13:51:04.250,card,ANON-0000-0000-0718,116.41,Serviço de Limpeza
2024-10-06,2024-10-06 13:51:56.283,card,ANON-0000-0000-0718,1875.78,CPU i5-14600K
2024-10-06,2024-10-06 16:31:33.588,card,ANON-0000-0000-0719,1782.05,CPU i5-14600K
2024-10-06,2024-10-06 16:35:45.625,card,ANON-0000-0000-0720,623.83,CPU i3-12100
2024-10-06,2024-10-06 18:17:44.975,card,ANON-0000-0000-0721,176.05,RAM 8GB DDR4
2024-10-06,2024-10-06 18:35:16.468,card,ANON-0000-0000-0722,148.84,Serviço de Formatação
2024-10-06,2024-10-06 21:09:12.889,card,ANON-0000-0000-0723,154.4,Serviço de Formatação
2024-10-06,2024-10-06 21:10:00.476,card,ANON-0000-0000-0723,142.97,Serviço de Formatação
2024-10-06,2024-10-06 21:10:45.254,card,ANON-0000-0000-0636,153.73,Serviço de Formatação
2024-10-06,2024-10-06 21:16:48.876,card,ANON-0000-0000-0637,117.3,Serviço de Limpeza
2024-10-07,2024-10-07 08:33:36.423,card,ANON-0000-0000-0724,119.82,Serviço de Limpeza
2024-10-07,2024-10-07 08:49:36.477,card,ANON-0000-0000-0385,120.82,Serviço de Limpeza
2024-10-07,2024-10-07 08:50:41.668,card,ANON-0000-0000-0385,182.88,RAM 8GB DDR4
2024-10-07,2024-10-07 09:05:28.091,card,ANON-0000-0000-0725,303.78,RAM 16GB DDR4
2024-10-07,2024-10-07 09:09:58.323,card,ANON-0000-0000-0726,120.89,Serviço de Limpeza
2024-10-07,2024-10-07 12:17:56.717,card,ANON-0000-0000-0727,178.41,RAM 8GB DDR4
2024-10-07,2024-10-07 14:31:45.258,card,ANON-0000-0000-0728,253.35,Serviço de Montagem
2024-10-07,2024-10-07 14:32:38.765,card,ANON-0000-0000-0728,248.06,Serviço de Montagem
2024-10-07,2024-10-07 17:48:55.006,card,ANON-0000-0000-0494,121.51,Serviço de Limpeza
2024-10-07,2024-10-07 21:14:42.130,card,ANON-0000-0000-0636,149.98,Serviço de Formatação
2024-10-07,2024-10-07 21:15:20.122,card,ANON-0000-0000-0636,152.21,Serviço de Formatação
2024-10-07,2024-10-07 21:40:48.515,card,ANON-0000-0000-0598,122.49,Serviço de Limpeza
2024-10-08,2024-10-08 08:11:50.884,card,ANON-0000-0000-0703,123.66,Serviço de Limpeza
2024-10-08,2024-10-08 09:05:14.027,card,ANON-0000-0000-0276,183.92,RAM 8GB DDR4
2024-10-08,2024-10-08 10:22:31.374,card,ANON-0000-0000-0700,259.46,Serviço de Montagem
2024-10-08,2024-10-08 10:27:08.817,card,ANON-0000-0000-0683,120.22,Serviço de Limpeza
2024-10-08,2024-10-08 11:30:10.253,card,ANON-0000-0000-0726,122.47,Serviço de Limpeza
2024-10-08,2024-10-08 12:48:04.520,card,ANON-0000-0000-0225,253.87,Serviço de Montagem
2024-10-08,2024-10-08 12:49:04.581,card,ANON-0000-0000-0225,242.66,Serviço de Montagem
2024-10-08,2024-10-08 13:04:00.905,card,ANON-0000-0000-0729,123.46,Serviço de Limpeza
2024-10-08,2024-10-08 13:04:59.444,card,ANON-0000-0000-0729,123.89,Serviço de Limpeza
2024-10-08,2024-10-08 14:42:52.425,card,ANON-0000-0000-0507,122.99,Serviço de Limpeza
2024-10-08,2024-10-08 15:13:41.150,card,ANON-0000-0000-0475,124.98,Serviço de Limpeza
2024-10-08,2024-10-08 15:19:52.103,card,ANON-0000-0000-0050,242.26,Serviço de Montagem
2024-10-08,2024-10-08 15:50:43.122,card,ANON-0000-0000-0730,172.31,RAM 8GB DDR4
2024-10-08,2024-10-08 20:40:40.459,card,ANON-0000-0000-0731,156.55,Serviço de Formatação
2024-10-08,2024-10-08 20:41:33.464,card,ANON-0000-0000-0731,1872.79,CPU i5-14600K
2024-10-08,2024-10-08 20:51:08.722,card,ANON-0000-0000-0732,115.71,Serviço de Limpeza
2024-10-08,2024-10-08 21:24:32.037,card,ANON-0000-0000-0040,181.15,RAM 8GB DDR4
2024-10-08,2024-10-08 21:25:32.000,card,ANON-0000-0000-0040,178.34,RAM 8GB DDR4
2024-10-09,2024-10-09 07:54:42.599,card,ANON-0000-0000-0570,125.16,Serviço de Limpeza
2024-10-09,2024-10-09 08:25:57.509,card,ANON-0000-0000-0276,185.84,RAM 8GB DDR4
2024-10-09,2024-10-09 09:43:21.029,card,ANON-0000-0000-0424,180.47,RAM 8GB DDR4
2024-10-09,2024-10-09 09:59:39.971,card,ANON-0000-0000-0494,121.06,Serviço de Limpeza
2024-10-09,2024-10-09 10:37:56.926,card,ANON-0000-0000-0733,605.31,CPU i3-12100
2024-10-09,2024-10-09 11:18:02.138,card,ANON-0000-0000-0734,243.32,Serviço de Montagem
2024-10-09,2024-10-09 13:03:08.514,card,ANON-0000-0000-0726,121.51,Serviço de Limpeza
2024-10-09,2024-10-09 13:52:34.736,card,ANON-0000-0000-0735,186.83,RAM 8GB DDR4
2024-10-09,2024-10-09 17:26:44.371,card,ANON-0000-0000-0658,1810.88,CPU i5-14600K
2024-10-09,2024-10-09 17:27:48.880,card,ANON-0000-0000-0658,251.92,Serviço de Montagem
2024-10-09,2024-10-09 17:49:59.552,card,ANON-0000-0000-0736,590.27,CPU i3-12100
2024-10-09,2024-10-09 20:49:12.500,card,ANON-0000-0000-0737,1771.92,CPU i5-14600K
2024-10-10,2024-10-10 08:48:06.900,card,ANON-0000-0000-0003,257.84,Serviço de Montagem
2024-10-10,2024-10-10 09:23:20.118,card,ANON-0000-0000-0276,185.61,RAM 8GB DDR4
2024-10-10,2024-10-10 09:51:44.211,card,ANON-0000-0000-0738,145.69,Serviço de Formatação
2024-10-10,2024-10-10 10:05:09.494,card,ANON-0000-0000-0375,125.24,Serviço de Limpeza
2024-10-10,2024-10-10 10:42:43.045,card,ANON-0000-0000-0141,742.3,RAM 32GB DDR5
2024-10-10,2024-10-10 10:43:30.026,card,ANON-0000-0000-0141,750.5,RAM 32GB DDR5
2024-10-10,2024-10-10 10:55:32.616,card,ANON-0000-0000-0739,122.39,Serviço de Limpeza
2024-10-10,2024-10-10 11:04:19.349,card,ANON-0000-0000-0740,125.2,Serviço de Limpeza
2024-10-10,2024-10-10 15:05:42.898,card,ANON-0000-0000-0510,1726.98,CPU i5-14600K
2024-10-10,2024-10-10 17:40:44.384,card,ANON-0000-0000-0741,118.34,Serviço de Limpeza
2024-10-10,2024-10-10 18:18:32.711,card,ANON-0000-0000-0742,260.23,Serviço de Montagem
2024-10-10,2024-10-10 18:56:30.698,card,ANON-0000-0000-0713,188.3,RAM 8GB DDR4
2024-10-10,2024-10-10 18:57:35.249,card,ANON-0000-0000-0713,122.31,Serviço de Limpeza
2024-10-10,2024-10-10 22:33:16.976,card,ANON-0000-0000-0637,147.94,Serviço de Formatação
2024-10-10,2024-10-10 22:33:59.729,card,ANON-0000-0000-0637,143.35,Serviço de Formatação
2024-10-11,2024-10-11 07:54:51.580,card,ANON-0000-0000-0276,181.47,RAM 8GB DDR4
2024-10-11,2024-10-11 08:00:50.938,card,ANON-0000-0000-0703,124.07,Serviço de Limpeza
2024-10-11,2024-10-11 08:12:20.254,card,ANON-0000-0000-0141,726.53,RAM 32GB DDR5
2024-10-11,2024-10-11 08:28:18.876,card,ANON-0000-0000-0570,125.26,Serviço de Limpeza
2024-10-11,2024-10-11 08:29:22.390,card,ANON-0000-0000-0570,292.44,RAM 16GB DDR4
2024-10-11,2024-10-11 08:55:43.787,card,ANON-0000-0000-0725,287.34,RAM 16GB DDR4
2024-10-11,2024-10-11 08:56:58.778,card,ANON-0000-0000-0726,176.77,RAM 8GB DDR4
2024-10-11,2024-10-11 08:58:09.102,card,ANON-0000-0000-0743,145.59,Serviço de Formatação
2024-10-11,2024-10-11 09:31:42.338,card,ANON-0000-0000-0744,178.05,RAM 8GB DDR4
2024-10-11,2024-10-11 09:38:46.927,card,ANON-0000-0000-0402,784.7,RAM 32GB DDR5
2024-10-11,2024-10-11 10:00:40.375,card,ANON-0000-0000-0375,244.13,Serviço de Montagem
2024-10-11,2024-10-11 10:01:54.873,card,ANON-0000-0000-0375,242.34,Serviço de Montagem
2024-10-11,2024-10-11 10:30:35.971,card,ANON-0000-0000-0242,182.31,RAM 8GB DDR4
2024-10-11,2024-10-11 13:05:01.403,card,ANON-0000-0000-0740,114.89,Serviço de Limpeza
2024-10-11,2024-10-11 13:29:02.457,card,ANON-0000-0000-0012,240.9,Serviço de Montagem
2024-10-11,2024-10-11 13:30:09.021,card,ANON-0000-0000-0012,261.56,Serviço de Montagem
2024-10-11,2024-10-11 14:33:40.535,card,ANON-0000-0000-0745,309.41,RAM 16GB DDR4
2024-10-11,2024-10-11 14:35:29.312,card,ANON-0000-0000-0745,252.81,Serviço de Montagem
2024-10-11,2024-10-11 14:50:08.761,card,ANON-0000-0000-0714,1852.67,CPU i5-14600K
2024-10-11,2024-10-11 17:12:07.333,card,ANON-0000-0000-0746,118.48,Serviço de Limpeza
2024-10-11,2024-10-11 17:13:21.597,card,ANON-0000-0000-0746,146.27,Serviço de Formatação
2024-10-11,2024-10-11 17:26:11.166,card,ANON-0000-0000-0747,156.53,Serviço de Formatação
2024-10-11,2024-10-11 21:48:37.720,card,ANON-0000-0000-0690,123.14,Serviço de Limpeza
2024-10-11,2024-10-11 21:53:53.607,card,ANON-0000-0000-0748,175.88,RAM 8GB DDR4
2024-10-11,2024-10-11 22:36:27.633,card,ANON-0000-0000-0749,148.35,Serviço de Formatação
2024-10-11,2024-10-11 22:37:26.701,card,ANON-0000-0000-0749,150.46,Serviço de Formatação
2024-10-12,2024-10-12 08:28:15.518,card,ANON-0000-0000-0141,737.46,RAM 32GB DDR5
2024-10-12,2024-10-12 10:31:38.899,card,ANON-0000-0000-0650,751.13,RAM 32GB DDR5
2024-10-12,2024-10-12 10:32:55.522,card,ANON-0000-0000-0650,749.49,RAM 32GB DDR5
2024-10-12,2024-10-12 11:52:15.499,card,ANON-0000-0000-0507,120.22,Serviço de Limpeza
2024-10-12,2024-10-12 11:53:41.093,card,ANON-0000-0000-0750,181.68,RAM 8GB DDR4
2024-10-12,2024-10-12 13:18:47.055,card,ANON-0000-0000-0751,1751.86,CPU i5-14600K
2024-10-12,2024-10-12 20:10:53.912,card,ANON-0000-0000-0507,118.33,Serviço de Limpeza
2024-10-13,2024-10-13 09:54:55.187,card,ANON-0000-0000-0141,729.84,RAM 32GB DDR5
2024-10-13,2024-10-13 12:20:46.595,card,ANON-0000-0000-0752,185.14,RAM 8GB DDR4
2024-10-13,2024-10-13 13:32:29.520,card,ANON-0000-0000-0650,746.77,RAM 32GB DDR5
2024-10-13,2024-10-13 13:33:29.385,card,ANON-0000-0000-0650,581.78,CPU i3-12100
2024-10-13,2024-10-13 13:34:25.907,card,ANON-0000-0000-0650,772.89,RAM 32GB DDR5
2024-10-13,2024-10-13 17:53:20.717,card,ANON-0000-0000-0507,122.8,Serviço de Limpeza
2024-10-13,2024-10-13 17:54:22.430,card,ANON-0000-0000-0507,119.1,Serviço de Limpeza
2024-10-13,2024-10-13 18:22:58.819,card,ANON-0000-0000-0753,1748.07,CPU i5-14600K
2024-10-13,2024-10-13 20:43:04.928,card,ANON-0000-0000-0257,1736.79,CPU i5-14600K
2024-10-14,2024-10-14 08:26:54.639,card,ANON-0000-0000-0276,183.67,RAM 8GB DDR4
2024-10-14,2024-10-14 09:49:54.551,card,ANON-0000-0000-0754,307.96,RAM 16GB DDR4
2024-10-14,2024-10-14 10:27:51.106,card,ANON-0000-0000-0141,722.42,RAM 32GB DDR5
2024-10-14,2024-10-14 10:38:06.758,card,ANON-0000-0000-0440,118.61,Serviço de Limpeza
2024-10-14,2024-10-14 10:39:13.716,card,ANON-0000-0000-0440,114.6,Serviço de Limpeza
2024-10-14,2024-10-14 11:23:50.576,card,ANON-0000-0000-0755,1780.06,CPU i5-14600K
2024-10-14,2024-10-14 11:25:37.299,card,ANON-0000-0000-0225,244.15,Serviço de Montagem
2024-10-14,2024-10-14 11:26:45.245,card,ANON-0000-0000-0225,244.82,Serviço de Montagem
2024-10-14,2024-10-14 14:36:07.136,card,ANON-0000-0000-0756,125.68,Serviço de Limpeza
2024-10-14,2024-10-14 14:49:51.462,card,ANON-0000-0000-0507,114.38,Serviço de Limpeza
2024-10-14,2024-10-14 16:37:47.466,card,ANON-0000-0000-0757,248.16,Serviço de Montagem
2024-10-14,2024-10-14 18:19:19.191,card,ANON-0000-0000-0758,116.18,Serviço de Limpeza
2024-10-14,2024-10-14 18:20:20.584,card,ANON-0000-0000-0758,1874.7,CPU i5-14600K
2024-10-14,2024-10-14 22:08:53.730,card,ANON-0000-0000-0759,124.51,Serviço de Limpeza
2024-10-14,2024-10-14 22:10:23.672,card,ANON-0000-0000-0760,118.3,Serviço de Limpeza
2024-10-14,2024-10-14 22:21:53.865,card,ANON-0000-0000-0510,119.66,Serviço de Limpeza
2024-10-15,2024-10-15 08:14:28.667,card,ANON-0000-0000-0141,775.69,RAM 32GB DDR5
2024-10-15,2024-10-15 08:34:17.867,card,ANON-0000-0000-0761,603.57,CPU i3-12100
2024-10-15,2024-10-15 11:13:21.963,card,ANON-0000-0000-0762,146.63,Serviço de Formatação
2024-10-15,2024-10-15 11:15:20.622,card,ANON-0000-0000-0736,120.24,Serviço de Limpeza
2024-10-15,2024-10-15 11:16:27.469,card,ANON-0000-0000-0736,146.2,Serviço de Formatação
2024-10-15,2024-10-15 13:00:43.233,card,ANON-0000-0000-0763,117.13,Serviço de Limpeza
2024-10-15,2024-10-15 13:15:44.836,card,ANON-0000-0000-0764,187.68,RAM 8GB DDR4
2024-10-15,2024-10-15 15:32:11.278,card,ANON-0000-0000-0683,114.96,Serviço de Limpeza
2024-10-15,2024-10-15 15:54:16.513,card,ANON-0000-0000-0765,252.43,Serviço de Montagem
2024-10-15,2024-10-15 15:55:19.039,card,ANON-0000-0000-0765,601.7,CPU i3-12100
2024-10-15,2024-10-15 17:04:11.335,card,ANON-0000-0000-0766,148.3,Serviço de Formatação
2024-10-15,2024-10-15 19:22:21.379,card,ANON-0000-0000-0767,253.41,Serviço de Montagem
2024-10-15,2024-10-15 19:23:17.353,card,ANON-0000-0000-0767,292.85,RAM 16GB DDR4
2024-10-15,2024-10-15 20:11:14.884,card,ANON-0000-0000-0507,123.16,Serviço de Limpeza
2024-10-15,2024-10-15 20:12:28.631,card,ANON-0000-0000-0507,117.54,Serviço de Limpeza
2024-10-15,2024-10-15 21:18:08.409,card,ANON-0000-0000-0040,156.82,Serviço de Formatação
2024-10-15,2024-10-15 21:35:19.943,card,ANON-0000-0000-0040,150.51,Serviço de Formatação
2024-10-15,2024-10-15 22:15:19.653,card,ANON-0000-0000-0690,119.59,Serviço de Limpeza
2024-10-16,2024-10-16 08:21:26.013,card,ANON-0000-0000-0276,173.11,RAM 8GB DDR4
2024-10-16,2024-10-16 08:36:23.588,card,ANON-0000-0000-0696,151.36,Serviço de Formatação
2024-10-16,2024-10-16 09:25:51.175,card,ANON-0000-0000-0570,123.08,Serviço de Limpeza
2024-10-16,2024-10-16 10:15:47.944,card,ANON-0000-0000-0571,188.07,RAM 8GB DDR4
2024-10-16,2024-10-16 10:16:53.739,card,ANON-0000-0000-0571,179.6,RAM 8GB DDR4
2024-10-16,2024-10-16 10:45:24.963,card,ANON-0000-0000-0333,187.31,RAM 8GB DDR4
2024-10-16,2024-10-16 11:49:44.633,card,ANON-0000-0000-0768,254.81,Serviço de Montagem
2024-10-16,2024-10-16 12:29:44.254,card,ANON-0000-0000-0769,176.15,RAM 8GB DDR4
2024-10-16,2024-10-16 13:20:10.470,card,ANON-0000-0000-0764,253.8,Serviço de Montagem
2024-10-16,2024-10-16 16:45:29.537,card,ANON-0000-0000-0770,121.76,Serviço de Limpeza
2024-10-16,2024-10-16 17:43:20.657,card,ANON-0000-0000-0510,176.6,RAM 8GB DDR4
2024-10-16,2024-10-16 19:37:42.411,card,ANON-0000-0000-0771,175.04,RAM 8GB DDR4
2024-10-16,2024-10-16 19:38:36.648,card,ANON-0000-0000-0771,177.47,RAM 8GB DDR4
2024-10-16,2024-10-16 21:20:28.533,card,ANON-0000-0000-0772,149.67,Serviço de Formatação
2024-10-17,2024-10-17 07:47:00.921,card,ANON-0000-0000-0696,117.67,Serviço de Limpeza
2024-10-17,2024-10-17 07:58:06.763,card,ANON-0000-0000-0570,114.74,Serviço de Limpeza
2024-10-17,2024-10-17 09:24:27.162,card,ANON-0000-0000-0773,188.81,RAM 8GB DDR4
2024-10-17,2024-10-17 10:26:37.790,card,ANON-0000-0000-0510,125.4,Serviço de Limpeza
2024-10-17,2024-10-17 10:44:54.232,card,ANON-0000-0000-0313,142.91,Serviço de Formatação
2024-10-17,2024-10-17 11:59:26.853,card,ANON-0000-0000-0774,179.72,RAM 8GB DDR4
2024-10-17,2024-10-17 13:57:24.895,card,ANON-0000-0000-0775,125.92,Serviço de Limpeza
2024-10-17,2024-10-17 14:34:42.598,card,ANON-0000-0000-0776,259.32,Serviço de Montagem
2024-10-17,2024-10-17 16:37:12.586,card,ANON-0000-0000-0702,142.88,Serviço de Formatação
2024-10-17,2024-10-17 16:38:17.969,card,ANON-0000-0000-0702,150.42,Serviço de Formatação
2024-10-17,2024-10-17 16:39:09.606,card,ANON-0000-0000-0702,122.73,Serviço de Limpeza
2024-10-17,2024-10-17 16:48:35.857,card,ANON-0000-0000-0777,149.2,Serviço de Formatação
2024-10-17,2024-10-17 16:49:33.156,card,ANON-0000-0000-0777,152.68,Serviço de Formatação
2024-10-17,2024-10-17 17:08:27.751,card,ANON-0000-0000-0258,1770.05,CPU i5-14600K
2024-10-17,2024-10-17 17:09:30.303,card,ANON-0000-0000-0258,152.21,Serviço de Formatação
2024-10-17,2024-10-17 19:43:12.167,card,ANON-0000-0000-0507,121.4,Serviço de Limpeza
2024-10-17,2024-10-17 20:11:36.404,card,ANON-0000-0000-0778,180.95,RAM 8GB DDR4
2024-10-17,2024-10-17 21:46:12.945,card,ANON-0000-0000-0779,124.12,Serviço de Limpeza
2024-10-17,2024-10-17 21:47:20.461,card,ANON-0000-0000-0779,120.25,Serviço de Limpeza
2024-10-17,2024-10-17 21:48:31.699,card,ANON-0000-0000-0779,115.66,Serviço de Limpeza
2024-10-17,2024-10-17 21:49:54.619,card,ANON-0000-0000-0779,150.98,Serviço de Formatação
2024-10-18,2024-10-18 08:41:59.489,card,ANON-0000-0000-0012,296.63,RAM 16GB DDR4
2024-10-18,2024-10-18 08:42:59.176,card,ANON-0000-0000-0054,292.76,RAM 16GB DDR4
2024-10-18,2024-10-18 09:32:41.501,card,ANON-0000-0000-0003,310.64,RAM 16GB DDR4
2024-10-18,2024-10-18 09:34:08.021,card,ANON-0000-0000-0003,310.21,RAM 16GB DDR4
2024-10-18,2024-10-18 09:55:20.229,card,ANON-0000-0000-0780,1868.97,CPU i5-14600K
2024-10-18,2024-10-18 11:54:58.816,card,ANON-0000-0000-0780,1830.47,CPU i5-14600K
2024-10-18,2024-10-18 14:51:04.117,card,ANON-0000-0000-0781,121.8,Serviço de Limpeza
2024-10-18,2024-10-18 14:52:15.325,card,ANON-0000-0000-0781,1713.06,CPU i5-14600K
2024-10-18,2024-10-18 15:39:19.970,card,ANON-0000-0000-0683,255.49,Serviço de Montagem
2024-10-18,2024-10-18 16:09:57.876,card,ANON-0000-0000-0782,119.52,Serviço de Limpeza
2024-10-18,2024-10-18 17:45:38.978,card,ANON-0000-0000-0783,156.43,Serviço de Formatação
2024-10-18,2024-10-18 21:14:40.243,card,ANON-0000-0000-0012,313.29,RAM 16GB DDR4
2024-10-18,2024-10-18 21:15:22.513,card,ANON-0000-0000-0012,298.69,RAM 16GB DDR4
2024-10-18,2024-10-18 21:52:23.408,card,ANON-0000-0000-0784,174.55,RAM 8GB DDR4
2024-10-18,2024-10-18 22:03:26.964,card,ANON-0000-0000-0690,124.95,Serviço de Limpeza
2024-10-19,2024-10-19 08:34:13.654,card,ANON-0000-0000-0785,185.09,RAM 8GB DDR4
2024-10-19,2024-10-19 13:22:06.088,card,ANON-0000-0000-0019,123.9,Serviço de Limpeza
2024-10-19,2024-10-19 14:10:32.609,card,ANON-0000-0000-0355,1860.85,CPU i5-14600K
2024-10-19,2024-10-19 15:56:55.218,card,ANON-0000-0000-0507,152.63,Serviço de Formatação
2024-10-19,2024-10-19 15:59:24.076,card,ANON-0000-0000-0507,117.23,Serviço de Limpeza
2024-10-19,2024-10-19 16:02:45.831,card,ANON-0000-0000-0494,116.71,Serviço de Limpeza
2024-10-19,2024-10-19 16:17:42.515,card,ANON-0000-0000-0696,114.6,Serviço de Limpeza
2024-10-19,2024-10-19 21:46:45.517,card,ANON-0000-0000-0690,309.19,RAM 16GB DDR4
2024-10-19,2024-10-19 22:46:37.697,card,ANON-0000-0000-0786,1848.74,CPU i5-14600K
2024-10-20,2024-10-20 08:40:43.966,card,ANON-0000-0000-0570,121.93,Serviço de Limpeza
2024-10-20,2024-10-20 08:41:50.471,card,ANON-0000-0000-0570,302.83,RAM 16GB DDR4
2024-10-20,2024-10-20 11:16:51.841,card,ANON-0000-0000-0787,121.18,Serviço de Limpeza
2024-10-20,2024-10-20 14:28:46.044,card,ANON-0000-0000-0650,147.87,Serviço de Formatação
2024-10-20,2024-10-20 14:29:43.545,card,ANON-0000-0000-0650,744.46,RAM 32GB DDR5
2024-10-20,2024-10-20 15:52:45.055,card,ANON-0000-0000-0455,173.3,RAM 8GB DDR4
2024-10-20,2024-10-20 16:45:09.783,card,ANON-0000-0000-0788,120.0,Serviço de Limpeza
2024-10-20,2024-10-20 16:46:04.815,card,ANON-0000-0000-0788,122.25,Serviço de Limpeza
2024-10-20,2024-10-20 17:27:05.827,card,ANON-0000-0000-0507,125.37,Serviço de Limpeza
2024-10-20,2024-10-20 18:34:16.387,card,ANON-0000-0000-0012,298.25,RAM 16GB DDR4
2024-10-20,2024-10-20 18:35:08.162,card,ANON-0000-0000-0012,310.55,RAM 16GB DDR4
2024-10-20,2024-10-20 21:14:18.045,card,ANON-0000-0000-0789,143.99,Serviço de Formatação
2024-10-20,2024-10-20 21:15:17.780,card,ANON-0000-0000-0790,714.54,RAM 32GB DDR5
2024-10-20,2024-10-20 21:17:26.865,card,ANON-0000-0000-0791,294.07,RAM 16GB DDR4
2024-10-20,2024-10-20 21:25:00.085,card,ANON-0000-0000-0792,124.89,Serviço de Limpeza
2024-10-20,2024-10-20 22:17:29.041,card,ANON-0000-0000-0550,1844.61,CPU i5-14600K
2024-10-21,2024-10-21 07:48:43.087,card,ANON-0000-0000-0696,116.84,Serviço de Limpeza
2024-10-21,2024-10-21 08:19:56.383,card,ANON-0000-0000-0097,123.59,Serviço de Limpeza
2024-10-21,2024-10-21 09:04:54.434,card,ANON-0000-0000-0385,187.32,RAM 8GB DDR4
2024-10-21,2024-10-21 09:34:25.547,card,ANON-0000-0000-0793,114.7,Serviço de Limpeza
2024-10-21,2024-10-21 10:25:09.344,card,ANON-0000-0000-0700,254.36,Serviço de Montagem
2024-10-21,2024-10-21 10:41:44.725,card,ANON-0000-0000-0141,721.28,RAM 32GB DDR5
2024-10-21,2024-10-21 10:42:35.555,card,ANON-0000-0000-0141,779.54,RAM 32GB DDR5
2024-10-21,2024-10-21 11:27:41.654,card,ANON-0000-0000-0274,587.74,CPU i3-12100
2024-10-21,2024-10-21 12:40:24.294,card,ANON-0000-0000-0751,1752.63,CPU i5-14600K
2024-10-21,2024-10-21 14:42:56.049,card,ANON-0000-0000-0794,115.31,Serviço de Limpeza
2024-10-21,2024-10-21 14:43:58.047,card,ANON-0000-0000-0726,124.65,Serviço de Limpeza
2024-10-21,2024-10-21 15:27:02.441,card,ANON-0000-0000-0795,174.29,RAM 8GB DDR4
2024-10-21,2024-10-21 15:39:04.686,card,ANON-0000-0000-0796,786.57,RAM 32GB DDR5
2024-10-21,2024-10-21 16:42:57.468,card,ANON-0000-0000-0225,310.3,RAM 16GB DDR4
2024-10-21,2024-10-21 16:55:22.549,card,ANON-0000-0000-0797,118.16,Serviço de Limpeza
2024-10-21,2024-10-21 19:21:13.352,card,ANON-0000-0000-0798,152.46,Serviço de Formatação
2024-10-21,2024-10-21 21:05:36.106,card,ANON-0000-0000-0799,114.43,Serviço de Limpeza
2024-10-21,2024-10-21 22:30:44.450,card,ANON-0000-0000-0789,308.91,RAM 16GB DDR4
2024-10-21,2024-10-21 22:31:33.966,card,ANON-0000-0000-0791,155.94,Serviço de Formatação
2024-10-22,2024-10-22 07:32:59.530,card,ANON-0000-0000-0696,120.1,Serviço de Limpeza
2024-10-22,2024-10-22 07:34:00.044,card,ANON-0000-0000-0696,1869.51,CPU i5-14600K
2024-10-22,2024-10-22 08:25:32.220,card,ANON-0000-0000-0276,172.68,RAM 8GB DDR4
2024-10-22,2024-10-22 09:17:50.407,card,ANON-0000-0000-0800,726.12,RAM 32GB DDR5
2024-10-22,2024-10-22 10:51:32.286,card,ANON-0000-0000-0402,582.26,CPU i3-12100
2024-10-22,2024-10-22 10:52:17.101,card,ANON-0000-0000-0402,779.66,RAM 32GB DDR5
2024-10-22,2024-10-22 18:07:02.574,card,ANON-0000-0000-0801,258.64,Serviço de Montagem
2024-10-22,2024-10-22 19:46:39.213,card,ANON-0000-0000-0507,145.64,Serviço de Formatação
2024-10-22,2024-10-22 19:47:50.466,card,ANON-0000-0000-0507,119.99,Serviço de Limpeza
2024-10-23,2024-10-23 07:58:06.767,card,ANON-0000-0000-0696,116.41,Serviço de Limpeza
2024-10-23,2024-10-23 08:45:14.798,card,ANON-0000-0000-0276,177.09,RAM 8GB DDR4
2024-10-23,2024-10-23 10:24:57.789,card,ANON-0000-0000-0141,739.75,RAM 32GB DDR5
2024-10-23,2024-10-23 12:31:05.425,card,ANON-0000-0000-0802,171.94,RAM 8GB DDR4
2024-10-23,2024-10-23 16:20:02.262,card,ANON-0000-0000-0803,180.35,RAM 8GB DDR4
2024-10-23,2024-10-23 16:21:09.035,card,ANON-0000-0000-0803,186.53,RAM 8GB DDR4
2024-10-23,2024-10-23 16:42:30.220,card,ANON-0000-0000-0804,1714.56,CPU i5-14600K
2024-10-23,2024-10-23 17:02:46.329,card,ANON-0000-0000-0805,582.37,CPU i3-12100
2024-10-23,2024-10-23 18:58:58.511,card,ANON-0000-0000-0040,313.36,RAM 16GB DDR4
2024-10-23,2024-10-23 19:00:43.029,card,ANON-0000-0000-0040,1716.39,CPU i5-14600K
2024-10-23,2024-10-23 21:57:20.745,card,ANON-0000-0000-0518,183.31,RAM 8GB DDR4
2024-10-23,2024-10-23 21:58:23.747,card,ANON-0000-0000-0806,150.25,Serviço de Formatação
2024-10-23,2024-10-23 22:23:38.310,card,ANON-0000-0000-0807,122.14,Serviço de Limpeza
2024-10-24,2024-10-24 12:07:46.562,card,ANON-0000-0000-0808,258.66,Serviço de Montagem
2024-10-24,2024-10-24 13:23:59.581,card,ANON-0000-0000-0809,1838.6,CPU i5-14600K
2024-10-24,2024-10-24 14:09:46.711,card,ANON-0000-0000-0804,1727.47,CPU i5-14600K
2024-10-24,2024-10-24 14:49:01.859,card,ANON-0000-0000-0810,156.54,Serviço de Formatação
2024-10-24,2024-10-24 14:49:49.340,card,ANON-0000-0000-0810,119.74,Serviço de Limpeza
2024-10-24,2024-10-24 15:47:32.792,card,ANON-0000-0000-0788,114.75,Serviço de Limpeza
2024-10-24,2024-10-24 15:48:29.937,card,ANON-0000-0000-0788,122.89,Serviço de Limpeza
2024-10-24,2024-10-24 18:53:47.318,card,ANON-0000-0000-0811,248.06,Serviço de Montagem
2024-10-24,2024-10-24 18:55:07.574,card,ANON-0000-0000-0811,250.19,Serviço de Montagem
2024-10-24,2024-10-24 19:50:18.736,card,ANON-0000-0000-0507,117.83,Serviço de Limpeza
2024-10-24,2024-10-24 20:44:11.476,card,ANON-0000-0000-0812,252.56,Serviço de Montagem
2024-10-24,2024-10-24 21:14:44.888,card,ANON-0000-0000-0813,147.76,Serviço de Formatação
2024-10-24,2024-10-24 21:15:29.126,card,ANON-0000-0000-0813,152.89,Serviço de Formatação
2024-10-24,2024-10-24 21:56:20.063,card,ANON-0000-0000-0637,151.72,Serviço de Formatação
2024-10-24,2024-10-24 21:57:10.028,card,ANON-0000-0000-0637,1713.82,CPU i5-14600K
2024-10-25,2024-10-25 07:38:11.145,card,ANON-0000-0000-0696,1789.86,CPU i5-14600K
2024-10-25,2024-10-25 07:45:22.853,card,ANON-0000-0000-0402,574.04,CPU i3-12100
2024-10-25,2024-10-25 08:10:04.813,card,ANON-0000-0000-0570,314.15,RAM 16GB DDR4
2024-10-25,2024-10-25 08:10:54.567,card,ANON-0000-0000-0570,115.88,Serviço de Limpeza
2024-10-25,2024-10-25 08:18:49.780,card,ANON-0000-0000-0084,302.21,RAM 16GB DDR4
2024-10-25,2024-10-25 10:03:28.304,card,ANON-0000-0000-0683,237.9,Serviço de Montagem
2024-10-25,2024-10-25 10:05:21.012,card,ANON-0000-0000-0683,259.21,Serviço de Montagem
2024-10-25,2024-10-25 10:51:01.298,card,ANON-0000-0000-0276,187.22,RAM 8GB DDR4
2024-10-25,2024-10-25 11:49:42.876,card,ANON-0000-0000-0012,292.43,RAM 16GB DDR4
2024-10-25,2024-10-25 11:50:30.398,card,ANON-0000-0000-0012,305.88,RAM 16GB DDR4
2024-10-25,2024-10-25 12:06:50.176,card,ANON-0000-0000-0141,743.85,RAM 32GB DDR5
2024-10-25,2024-10-25 12:40:37.466,card,ANON-0000-0000-0814,114.46,Serviço de Limpeza
2024-10-25,2024-10-25 14:23:16.568,card,ANON-0000-0000-0137,1832.19,CPU i5-14600K
2024-10-25,2024-10-25 22:19:23.959,card,ANON-0000-0000-0815,146.0,Serviço de Formatação
2024-10-25,2024-10-25 22:22:31.745,card,ANON-0000-0000-0815,574.16,CPU i3-12100
2024-10-26,2024-10-26 07:49:59.226,card,ANON-0000-0000-0682,1827.37,CPU i5-14600K
2024-10-26,2024-10-26 08:41:44.502,card,ANON-0000-0000-0141,750.26,RAM 32GB DDR5
2024-10-26,2024-10-26 08:52:59.556,card,ANON-0000-0000-0334,1768.42,CPU i5-14600K
2024-10-26,2024-10-26 10:24:38.301,card,ANON-0000-0000-0816,251.71,Serviço de Montagem
2024-10-26,2024-10-26 12:18:09.342,card,ANON-0000-0000-0040,313.41,RAM 16GB DDR4
2024-10-26,2024-10-26 13:03:31.039,card,ANON-0000-0000-0817,122.43,Serviço de Limpeza
2024-10-26,2024-10-26 14:34:58.654,card,ANON-0000-0000-0276,116.19,Serviço de Limpeza
2024-10-26,2024-10-26 14:36:14.943,card,ANON-0000-0000-0276,174.87,RAM 8GB DDR4
2024-10-26,2024-10-26 15:05:22.072,card,ANON-0000-0000-0141,731.72,RAM 32GB DDR5
2024-10-26,2024-10-26 15:06:19.074,card,ANON-0000-0000-0141,762.23,RAM 32GB DDR5
2024-10-26,2024-10-26 15:38:28.729,card,ANON-0000-0000-0818,122.45,Serviço de Limpeza
2024-10-26,2024-10-26 15:39:29.573,card,ANON-0000-0000-0818,119.17,Serviço de Limpeza
2024-10-26,2024-10-26 15:52:01.660,card,ANON-0000-0000-0819,181.03,RAM 8GB DDR4
2024-10-26,2024-10-26 15:53:21.506,card,ANON-0000-0000-0820,172.76,RAM 8GB DDR4
2024-10-26,2024-10-26 19:19:21.305,card,ANON-0000-0000-0715,1789.25,CPU i5-14600K
2024-10-26,2024-10-26 20:34:46.718,card,ANON-0000-0000-0821,186.4,RAM 8GB DDR4
2024-10-27,2024-10-27 11:01:56.902,card,ANON-0000-0000-0347,181.64,RAM 8GB DDR4
2024-10-27,2024-10-27 12:53:25.989,card,ANON-0000-0000-0276,114.84,Serviço de Limpeza
2024-10-27,2024-10-27 12:54:27.511,card,ANON-0000-0000-0276,183.04,RAM 8GB DDR4
2024-10-27,2024-10-27 13:43:46.609,card,ANON-0000-0000-0822,1871.68,CPU i5-14600K
2024-10-27,2024-10-27 16:17:06.175,card,ANON-0000-0000-0507,123.98,Serviço de Limpeza
2024-10-28,2024-10-28 07:46:28.187,card,ANON-0000-0000-0696,1821.55,CPU i5-14600K
2024-10-28,2024-10-28 08:01:12.299,card,ANON-0000-0000-0823,258.0,Serviço de Montagem
2024-10-28,2024-10-28 08:35:02.901,card,ANON-0000-0000-0683,121.65,Serviço de Limpeza
2024-10-28,2024-10-28 09:15:42.781,card,ANON-0000-0000-0242,172.14,RAM 8GB DDR4
2024-10-28,2024-10-28 11:42:36.495,card,ANON-0000-0000-0824,118.04,Serviço de Limpeza
2024-10-28,2024-10-28 11:43:43.322,card,ANON-0000-0000-0824,115.45,Serviço de Limpeza
2024-10-28,2024-10-28 12:01:36.054,card,ANON-0000-0000-0707,143.37,Serviço de Formatação
2024-10-28,2024-10-28 12:02:34.807,card,ANON-0000-0000-0825,179.64,RAM 8GB DDR4
2024-10-28,2024-10-28 12:21:30.418,card,ANON-0000-0000-0826,1796.92,CPU i5-14600K
2024-10-28,2024-10-28 14:10:54.611,card,ANON-0000-0000-0819,182.38,RAM 8GB DDR4
2024-10-28,2024-10-28 14:11:56.316,card,ANON-0000-0000-0819,172.3,RAM 8GB DDR4
2024-10-28,2024-10-28 14:30:59.561,card,ANON-0000-0000-0827,174.34,RAM 8GB DDR4
2024-10-28,2024-10-28 16:01:20.507,card,ANON-0000-0000-0159,116.59,Serviço de Limpeza
2024-10-28,2024-10-28 17:55:18.119,card,ANON-0000-0000-0828,314.89,RAM 16GB DDR4
2024-10-28,2024-10-28 17:56:02.397,card,ANON-0000-0000-0828,310.22,RAM 16GB DDR4
2024-10-28,2024-10-28 19:10:25.255,card,ANON-0000-0000-0257,1842.81,CPU i5-14600K
2024-10-28,2024-10-28 21:20:03.622,card,ANON-0000-0000-0329,186.11,RAM 8GB DDR4
2024-10-28,2024-10-28 22:05:50.772,card,ANON-0000-0000-0695,176.22,RAM 8GB DDR4
2024-10-29,2024-10-29 08:40:52.355,card,ANON-0000-0000-0804,123.53,Serviço de Limpeza
2024-10-29,2024-10-29 08:47:05.646,card,ANON-0000-0000-0683,115.45,Serviço de Limpeza
2024-10-29,2024-10-29 09:31:57.680,card,ANON-0000-0000-0570,124.77,Serviço de Limpeza
2024-10-29,2024-10-29 11:59:46.680,card,ANON-0000-0000-0829,181.86,RAM 8GB DDR4
2024-10-29,2024-10-29 12:21:36.806,card,ANON-0000-0000-0830,590.0,CPU i3-12100
2024-10-29,2024-10-29 14:15:43.838,card,ANON-0000-0000-0831,768.64,RAM 32GB DDR5
2024-10-29,2024-10-29 14:17:00.697,card,ANON-0000-0000-0831,786.54,RAM 32GB DDR5
2024-10-29,2024-10-29 14:37:35.961,card,ANON-0000-0000-0832,1879.92,CPU i5-14600K
2024-10-29,2024-10-29 16:09:33.742,card,ANON-0000-0000-0833,142.77,Serviço de Formatação
2024-10-29,2024-10-29 16:10:56.815,card,ANON-0000-0000-0834,292.73,RAM 16GB DDR4
2024-10-29,2024-10-29 16:17:33.443,card,ANON-0000-0000-0225,299.59,RAM 16GB DDR4
2024-10-29,2024-10-29 18:02:04.368,card,ANON-0000-0000-0835,185.66,RAM 8GB DDR4
2024-10-29,2024-10-29 18:02:57.432,card,ANON-0000-0000-0835,183.29,RAM 8GB DDR4
2024-10-29,2024-10-29 19:02:05.362,card,ANON-0000-0000-0836,184.77,RAM 8GB DDR4
2024-10-29,2024-10-29 19:05:44.436,card,ANON-0000-0000-0206,1721.92,CPU i5-14600K
2024-10-29,2024-10-29 19:51:12.926,card,ANON-0000-0000-0507,147.51,Serviço de Formatação
2024-10-29,2024-10-29 19:54:02.389,card,ANON-0000-0000-0507,122.3,Serviço de Limpeza
2024-10-29,2024-10-29 20:07:35.659,card,ANON-0000-0000-0799,122.22,Serviço de Limpeza
2024-10-30,2024-10-30 07:52:05.489,card,ANON-0000-0000-0703,116.24,Serviço de Limpeza
2024-10-30,2024-10-30 08:46:26.777,card,ANON-0000-0000-0571,174.26,RAM 8GB DDR4
2024-10-30,2024-10-30 08:47:29.281,card,ANON-0000-0000-0571,175.43,RAM 8GB DDR4
2024-10-30,2024-10-30 09:11:29.359,card,ANON-0000-0000-0837,124.78,Serviço de Limpeza
2024-10-30,2024-10-30 10:31:53.151,card,ANON-0000-0000-0838,116.63,Serviço de Limpeza
2024-10-30,2024-10-30 10:33:07.699,card,ANON-0000-0000-0838,116.22,Serviço de Limpeza
2024-10-30,2024-10-30 12:08:45.933,card,ANON-0000-0000-0375,125.86,Serviço de Limpeza
2024-10-30,2024-10-30 12:09:46.789,card,ANON-0000-0000-0375,260.21,Serviço de Montagem
2024-10-30,2024-10-30 12:10:58.391,card,ANON-0000-0000-0734,185.74,RAM 8GB DDR4
2024-10-30,2024-10-30 12:37:00.765,card,ANON-0000-0000-0839,239.47,Serviço de Montagem
2024-10-30,2024-10-30 15:05:15.193,card,ANON-0000-0000-0507,122.06,Serviço de Limpeza
2024-10-30,2024-10-30 15:07:03.043,card,ANON-0000-0000-0507,116.25,Serviço de Limpeza
2024-10-30,2024-10-30 16:04:48.375,card,ANON-0000-0000-0840,181.41,RAM 8GB DDR4
2024-10-30,2024-10-30 18:08:12.493,card,ANON-0000-0000-0841,143.15,Serviço de Formatação
2024-10-30,2024-10-30 19:18:31.485,card,ANON-0000-0000-0819,179.59,RAM 8GB DDR4
2024-10-30,2024-10-30 19:43:21.190,card,ANON-0000-0000-0842,171.17,RAM 8GB DDR4
2024-10-31,2024-10-31 07:54:17.331,card,ANON-0000-0000-0703,115.09,Serviço de Limpeza
2024-10-31,2024-10-31 08:38:53.898,card,ANON-0000-0000-0683,119.19,Serviço de Limpeza
2024-10-31,2024-10-31 09:18:19.100,card,ANON-0000-0000-0276,179.6,RAM 8GB DDR4
2024-10-31,2024-10-31 15:59:26.688,card,ANON-0000-0000-0843,121.24,Serviço de Limpeza
2024-10-31,2024-10-31 16:00:30.983,card,ANON-0000-0000-0844,171.81,RAM 8GB DDR4
2024-11-01,2024-11-01 08:24:03.401,card,ANON-0000-0000-0842,291.13,RAM 16GB DDR4
2024-11-01,2024-11-01 08:30:57.642,card,ANON-0000-0000-0304,250.83,Serviço de Montagem
2024-11-01,2024-11-01 10:54:50.375,card,ANON-0000-0000-0612,123.94,Serviço de Limpeza
2024-11-01,2024-11-01 12:41:26.535,card,ANON-0000-0000-0012,311.4,RAM 16GB DDR4
2024-11-01,2024-11-01 12:42:18.438,card,ANON-0000-0000-0012,311.55,RAM 16GB DDR4
2024-11-01,2024-11-01 15:55:42.424,card,ANON-0000-0000-0845,727.85,RAM 32GB DDR5
2024-11-01,2024-11-01 22:41:55.896,card,ANON-0000-0000-0695,187.44,RAM 8GB DDR4
2024-11-02,2024-11-02 08:19:44.324,card,ANON-0000-0000-0141,767.15,RAM 32GB DDR5
2024-11-02,2024-11-02 10:25:45.967,card,ANON-0000-0000-0828,293.76,RAM 16GB DDR4
2024-11-02,2024-11-02 10:33:09.562,card,ANON-0000-0000-0097,175.43,RAM 8GB DDR4
2024-11-02,2024-11-02 14:54:14.648,card,ANON-0000-0000-0846,175.08,RAM 8GB DDR4
2024-11-02,2024-11-02 16:24:15.855,card,ANON-0000-0000-0507,149.92,Serviço de Formatação
2024-11-02,2024-11-02 16:25:57.012,card,ANON-0000-0000-0507,123.2,Serviço de Limpeza
2024-11-02,2024-11-02 16:37:05.005,card,ANON-0000-0000-0847,120.72,Serviço de Limpeza
2024-11-02,2024-11-02 18:18:27.180,card,ANON-0000-0000-0620,176.72,RAM 8GB DDR4
2024-11-02,2024-11-02 18:58:23.522,card,ANON-0000-0000-0848,241.71,Serviço de Montagem
2024-11-03,2024-11-03 08:23:00.362,card,ANON-0000-0000-0141,786.3,RAM 32GB DDR5
2024-11-03,2024-11-03 09:47:06.025,card,ANON-0000-0000-0040,187.1,RAM 8GB DDR4
2024-11-03,2024-11-03 09:48:12.017,card,ANON-0000-0000-0040,180.66,RAM 8GB DDR4
2024-11-03,2024-11-03 13:13:51.404,card,ANON-0000-0000-0849,123.87,Serviço de Limpeza
2024-11-03,2024-11-03 13:14:56.673,card,ANON-0000-0000-0849,177.97,RAM 8GB DDR4
2024-11-03,2024-11-03 13:18:24.742,card,ANON-0000-0000-0228,312.05,RAM 16GB DDR4
2024-11-03,2024-11-03 13:44:18.516,card,ANON-0000-0000-0850,250.27,Serviço de Montagem
2024-11-03,2024-11-03 13:59:01.077,card,ANON-0000-0000-0851,177.33,RAM 8GB DDR4
2024-11-03,2024-11-03 16:15:17.705,card,ANON-0000-0000-0622,143.19,Serviço de Formatação
2024-11-03,2024-11-03 16:16:43.547,card,ANON-0000-0000-0622,144.91,Serviço de Formatação
2024-11-03,2024-11-03 16:20:37.116,card,ANON-0000-0000-0852,252.73,Serviço de Montagem
2024-11-03,2024-11-03 16:21:46.055,card,ANON-0000-0000-0852,261.89,Serviço de Montagem
2024-11-03,2024-11-03 20:26:14.631,card,ANON-0000-0000-0225,285.39,RAM 16GB DDR4
2024-11-04,2024-11-04 07:43:36.879,card,ANON-0000-0000-0696,118.1,Serviço de Limpeza
2024-11-04,2024-11-04 08:37:33.340,card,ANON-0000-0000-0276,122.16,Serviço de Limpeza
2024-11-04,2024-11-04 08:38:58.864,card,ANON-0000-0000-0276,171.14,RAM 8GB DDR4
2024-11-04,2024-11-04 12:33:35.786,card,ANON-0000-0000-0853,261.82,Serviço de Montagem
2024-11-04,2024-11-04 12:35:06.061,card,ANON-0000-0000-0854,172.9,RAM 8GB DDR4
2024-11-04,2024-11-04 14:44:38.053,card,ANON-0000-0000-0012,314.56,RAM 16GB DDR4
2024-11-04,2024-11-04 14:45:20.025,card,ANON-0000-0000-0012,309.61,RAM 16GB DDR4
2024-11-05,2024-11-05 07:49:31.614,card,ANON-0000-0000-0696,305.68,RAM 16GB DDR4
2024-11-05,2024-11-05 09:05:41.810,card,ANON-0000-0000-0276,181.02,RAM 8GB DDR4
2024-11-05,2024-11-05 09:12:12.324,card,ANON-0000-0000-0731,1875.19,CPU i5-14600K
2024-11-05,2024-11-05 09:13:40.356,card,ANON-0000-0000-0731,175.1,RAM 8GB DDR4
2024-11-05,2024-11-05 10:41:44.251,card,ANON-0000-0000-0012,171.09,RAM 8GB DDR4
2024-11-05,2024-11-05 11:47:29.859,card,ANON-0000-0000-0855,312.77,RAM 16GB DDR4
2024-11-05,2024-11-05 11:48:22.484,card,ANON-0000-0000-0856,120.14,Serviço de Limpeza
2024-11-05,2024-11-05 14:36:37.856,card,ANON-0000-0000-0857,114.71,Serviço de Limpeza
2024-11-05,2024-11-05 14:41:48.048,card,ANON-0000-0000-0858,122.61,Serviço de Limpeza
2024-11-05,2024-11-05 18:52:56.274,card,ANON-0000-0000-0455,1753.88,CPU i5-14600K
2024-11-05,2024-11-05 18:54:10.727,card,ANON-0000-0000-0455,1880.26,CPU i5-14600K
2024-11-05,2024-11-05 18:55:18.626,card,ANON-0000-0000-0455,1834.79,CPU i5-14600K
2024-11-05,2024-11-05 21:40:44.746,card,ANON-0000-0000-0859,285.14,RAM 16GB DDR4
2024-11-05,2024-11-05 21:42:02.751,card,ANON-0000-0000-0859,304.78,RAM 16GB DDR4
2024-11-05,2024-11-05 21:54:19.647,card,ANON-0000-0000-0722,146.47,Serviço de Formatação
2024-11-05,2024-11-05 22:05:50.601,card,ANON-0000-0000-0637,151.33,Serviço de Formatação
2024-11-05,2024-11-05 22:06:38.973,card,ANON-0000-0000-0637,179.32,RAM 8GB DDR4
2024-11-06,2024-11-06 08:11:25.120,card,ANON-0000-0000-0570,119.95,Serviço de Limpeza
2024-11-06,2024-11-06 11:45:31.173,card,ANON-0000-0000-0860,620.43,CPU i3-12100
2024-11-06,2024-11-06 13:15:32.862,card,ANON-0000-0000-0742,249.85,Serviço de Montagem
2024-11-06,2024-11-06 15:44:16.495,card,ANON-0000-0000-0622,1771.66,CPU i5-14600K
2024-11-06,2024-11-06 16:00:43.813,card,ANON-0000-0000-0861,119.08,Serviço de Limpeza
2024-11-06,2024-11-06 16:02:05.113,card,ANON-0000-0000-0862,1812.18,CPU i5-14600K
2024-11-06,2024-11-06 18:40:42.855,card,ANON-0000-0000-0863,148.44,Serviço de Formatação
2024-11-06,2024-11-06 18:41:30.653,card,ANON-0000-0000-0863,146.02,Serviço de Formatação
2024-11-07,2024-11-07 12:17:15.993,card,ANON-0000-0000-0864,123.43,Serviço de Limpeza
2024-11-07,2024-11-07 15:50:10.558,card,ANON-0000-0000-0865,245.67,Serviço de Montagem
2024-11-07,2024-11-07 16:39:39.407,card,ANON-0000-0000-0866,250.37,Serviço de Montagem
2024-11-07,2024-11-07 18:17:33.734,card,ANON-0000-0000-0828,305.61,RAM 16GB DDR4
2024-11-07,2024-11-07 19:20:14.752,card,ANON-0000-0000-0867,154.51,Serviço de Formatação
2024-11-07,2024-11-07 19:21:38.023,card,ANON-0000-0000-0867,124.05,Serviço de Limpeza
2024-11-07,2024-11-07 20:02:30.672,card,ANON-0000-0000-0507,120.38,Serviço de Limpeza
2024-11-08,2024-11-08 09:05:42.114,card,ANON-0000-0000-0276,185.04,RAM 8GB DDR4
2024-11-08,2024-11-08 09:47:30.900,card,ANON-0000-0000-0375,248.36,Serviço de Montagem
2024-11-08,2024-11-08 09:48:59.733,card,ANON-0000-0000-0375,255.19,Serviço de Montagem
2024-11-08,2024-11-08 11:47:11.390,card,ANON-0000-0000-0494,1728.29,CPU i5-14600K
2024-11-08,2024-11-08 13:25:13.447,card,ANON-0000-0000-0868,114.32,Serviço de Limpeza
2024-11-08,2024-11-08 13:26:17.612,card,ANON-0000-0000-0868,114.13,Serviço de Limpeza
2024-11-08,2024-11-08 16:33:02.884,card,ANON-0000-0000-0869,188.31,RAM 8GB DDR4
2024-11-08,2024-11-08 16:55:28.043,card,ANON-0000-0000-0870,177.87,RAM 8GB DDR4
2024-11-08,2024-11-08 20:13:32.167,card,ANON-0000-0000-0871,148.95,Serviço de Formatação
2024-11-08,2024-11-08 20:14:24.290,card,ANON-0000-0000-0872,146.12,Serviço de Formatação
2024-11-08,2024-11-08 20:15:20.000,card,ANON-0000-0000-0872,152.74,Serviço de Formatação
2024-11-08,2024-11-08 22:27:09.667,card,ANON-0000-0000-0690,124.12,Serviço de Limpeza
2024-11-09,2024-11-09 10:08:18.836,card,ANON-0000-0000-0276,172.41,RAM 8GB DDR4
2024-11-09,2024-11-09 11:02:08.001,card,ANON-0000-0000-0141,725.53,RAM 32GB DDR5
2024-11-09,2024-11-09 11:03:00.584,card,ANON-0000-0000-0141,769.2,RAM 32GB DDR5
2024-11-09,2024-11-09 11:08:44.219,card,ANON-0000-0000-0873,114.15,Serviço de Limpeza
2024-11-09,2024-11-09 13:50:14.679,card,ANON-0000-0000-0871,157.16,Serviço de Formatação
2024-11-09,2024-11-09 13:50:55.154,card,ANON-0000-0000-0871,156.9,Serviço de Formatação
2024-11-09,2024-11-09 14:21:51.604,card,ANON-0000-0000-0874,155.11,Serviço de Formatação
2024-11-09,2024-11-09 14:22:50.440,card,ANON-0000-0000-0874,155.05,Serviço de Formatação
2024-11-09,2024-11-09 14:37:33.151,card,ANON-0000-0000-0875,243.16,Serviço de Montagem
2024-11-09,2024-11-09 15:29:50.944,card,ANON-0000-0000-0276,179.64,RAM 8GB DDR4
2024-11-09,2024-11-09 16:15:47.842,card,ANON-0000-0000-0570,120.42,Serviço de Limpeza
2024-11-09,2024-11-09 16:16:52.424,card,ANON-0000-0000-0570,294.7,RAM 16GB DDR4
2024-11-09,2024-11-09 20:42:04.523,card,ANON-0000-0000-0876,242.83,Serviço de Montagem
2024-11-09,2024-11-09 20:43:27.537,card,ANON-0000-0000-0876,120.13,Serviço de Limpeza
2024-11-09,2024-11-09 22:13:27.653,card,ANON-0000-0000-0877,310.56,RAM 16GB DDR4
2024-11-09,2024-11-09 22:52:58.089,card,ANON-0000-0000-0878,247.82,Serviço de Montagem
2024-11-09,2024-11-09 22:54:19.107,card,ANON-0000-0000-0879,243.4,Serviço de Montagem
2024-11-10,2024-11-10 09:46:21.800,card,ANON-0000-0000-0880,242.31,Serviço de Montagem
2024-11-10,2024-11-10 17:52:47.887,card,ANON-0000-0000-0881,292.78,RAM 16GB DDR4
2024-11-10,2024-11-10 18:12:53.359,card,ANON-0000-0000-0882,149.22,Serviço de Formatação
2024-11-10,2024-11-10 18:14:03.644,card,ANON-0000-0000-0883,149.15,Serviço de Formatação
2024-11-10,2024-11-10 20:38:08.127,card,ANON-0000-0000-0884,1776.93,CPU i5-14600K
2024-11-10,2024-11-10 20:39:06.846,card,ANON-0000-0000-0884,1843.26,CPU i5-14600K
2024-11-11,2024-11-11 07:48:26.804,card,ANON-0000-0000-0696,1727.17,CPU i5-14600K
2024-11-11,2024-11-11 09:52:25.783,card,ANON-0000-0000-0276,186.13,RAM 8GB DDR4
2024-11-11,2024-11-11 10:19:09.500,card,ANON-0000-0000-0141,723.73,RAM 32GB DDR5
2024-11-11,2024-11-11 16:18:44.000,card,ANON-0000-0000-0206,1859.03,CPU i5-14600K
2024-11-11,2024-11-11 16:19:52.667,card,ANON-0000-0000-0206,146.08,Serviço de Formatação
2024-11-11,2024-11-11 17:33:32.053,card,ANON-0000-0000-0885,1860.43,CPU i5-14600K
2024-11-11,2024-11-11 19:00:46.910,card,ANON-0000-0000-0886,125.45,Serviço de Limpeza
2024-11-11,2024-11-11 19:04:15.528,card,ANON-0000-0000-0887,144.16,Serviço de Formatação
2024-11-11,2024-11-11 21:08:31.681,card,ANON-0000-0000-0888,117.53,Serviço de Limpeza
2024-11-11,2024-11-11 21:09:46.953,card,ANON-0000-0000-0888,114.73,Serviço de Limpeza
2024-11-12,2024-11-12 10:03:08.572,card,ANON-0000-0000-0889,120.83,Serviço de Limpeza
2024-11-12,2024-11-12 13:15:45.394,card,ANON-0000-0000-0890,126.0,Serviço de Limpeza
2024-11-12,2024-11-12 14:39:14.888,card,ANON-0000-0000-0691,122.19,Serviço de Limpeza
2024-11-12,2024-11-12 16:47:14.364,card,ANON-0000-0000-0891,154.79,Serviço de Formatação
2024-11-12,2024-11-12 16:48:04.898,card,ANON-0000-0000-0891,148.03,Serviço de Formatação
2024-11-12,2024-11-12 16:49:03.924,card,ANON-0000-0000-0891,306.7,RAM 16GB DDR4
2024-11-12,2024-11-12 18:45:14.343,card,ANON-0000-0000-0696,1840.69,CPU i5-14600K
2024-11-12,2024-11-12 20:07:57.816,card,ANON-0000-0000-0892,116.18,Serviço de Limpeza
2024-11-12,2024-11-12 20:09:21.803,card,ANON-0000-0000-0893,303.4,RAM 16GB DDR4
2024-11-13,2024-11-13 08:09:10.852,card,ANON-0000-0000-0894,183.17,RAM 8GB DDR4
2024-11-13,2024-11-13 10:37:43.252,card,ANON-0000-0000-0892,123.78,Serviço de Limpeza
2024-11-13,2024-11-13 13:19:54.570,card,ANON-0000-0000-0895,183.55,RAM 8GB DDR4
2024-11-13,2024-11-13 13:20:58.477,card,ANON-0000-0000-0895,180.44,RAM 8GB DDR4
2024-11-13,2024-11-13 14:17:30.240,card,ANON-0000-0000-0896,172.42,RAM 8GB DDR4
2024-11-13,2024-11-13 14:46:58.381,card,ANON-0000-0000-0892,121.43,Serviço de Limpeza
2024-11-14,2024-11-14 09:36:27.778,card,ANON-0000-0000-0892,125.27,Serviço de Limpeza
2024-11-14,2024-11-14 10:06:42.680,card,ANON-0000-0000-0897,239.44,Serviço de Montagem
2024-11-14,2024-11-14 12:48:50.479,card,ANON-0000-0000-0898,578.84,CPU i3-12100
2024-11-14,2024-11-14 15:03:45.413,card,ANON-0000-0000-0899,1738.59,CPU i5-14600K
2024-11-14,2024-11-14 15:04:56.749,card,ANON-0000-0000-0900,122.0,Serviço de Limpeza
2024-11-14,2024-11-14 15:05:49.793,card,ANON-0000-0000-0900,1808.35,CPU i5-14600K
2024-11-14,2024-11-14 16:13:08.309,card,ANON-0000-0000-0819,185.72,RAM 8GB DDR4
2024-11-14,2024-11-14 16:14:21.556,card,ANON-0000-0000-0819,1869.52,CPU i5-14600K
2024-11-14,2024-11-14 19:43:26.494,card,ANON-0000-0000-0507,149.6,Serviço de Formatação
2024-11-14,2024-11-14 19:46:37.139,card,ANON-0000-0000-0507,144.77,Serviço de Formatação
2024-11-14,2024-11-14 20:31:30.027,card,ANON-0000-0000-0877,306.38,RAM 16GB DDR4
2024-11-14,2024-11-14 20:32:30.550,card,ANON-0000-0000-0877,150.46,Serviço de Formatação
2024-11-14,2024-11-14 21:24:31.586,card,ANON-0000-0000-0019,122.49,Serviço de Limpeza
2024-11-14,2024-11-14 22:40:42.347,card,ANON-0000-0000-0901,118.15,Serviço de Limpeza
2024-11-15,2024-11-15 08:45:51.139,card,ANON-0000-0000-0902,185.72,RAM 8GB DDR4
2024-11-15,2024-11-15 11:05:53.035,card,ANON-0000-0000-0769,177.92,RAM 8GB DDR4
2024-11-15,2024-11-15 12:09:00.460,card,ANON-0000-0000-0903,303.72,RAM 16GB DDR4
2024-11-15,2024-11-15 12:14:18.551,card,ANON-0000-0000-0904,292.66,RAM 16GB DDR4
2024-11-15,2024-11-15 13:57:33.894,card,ANON-0000-0000-0494,114.48,Serviço de Limpeza
2024-11-15,2024-11-15 15:19:50.632,card,ANON-0000-0000-0905,252.08,Serviço de Montagem
2024-11-15,2024-11-15 17:35:41.053,card,ANON-0000-0000-0851,185.04,RAM 8GB DDR4
2024-11-15,2024-11-15 17:55:01.487,card,ANON-0000-0000-0906,117.2,Serviço de Limpeza
2024-11-15,2024-11-15 18:12:44.931,card,ANON-0000-0000-0907,149.38,Serviço de Formatação
2024-11-15,2024-11-15 18:42:21.930,card,ANON-0000-0000-0287,179.97,RAM 8GB DDR4
2024-11-15,2024-11-15 18:43:21.160,card,ANON-0000-0000-0287,182.1,RAM 8GB DDR4
2024-11-16,2024-11-16 10:21:34.870,card,ANON-0000-0000-0141,750.56,RAM 32GB DDR5
2024-11-16,2024-11-16 10:45:51.380,card,ANON-0000-0000-0908,762.46,RAM 32GB DDR5
2024-11-16,2024-11-16 11:02:00.746,card,ANON-0000-0000-0909,153.9,Serviço de Formatação
2024-11-16,2024-11-16 11:03:06.575,card,ANON-0000-0000-0910,125.49,Serviço de Limpeza
2024-11-16,2024-11-16 11:39:24.973,card,ANON-0000-0000-0302,255.46,Serviço de Montagem
2024-11-16,2024-11-16 12:30:14.984,card,ANON-0000-0000-0911,1783.13,CPU i5-14600K
2024-11-16,2024-11-16 12:31:50.556,card,ANON-0000-0000-0912,188.03,RAM 8GB DDR4
2024-11-16,2024-11-16 12:48:35.846,card,ANON-0000-0000-0913,119.29,Serviço de Limpeza
2024-11-16,2024-11-16 12:49:35.127,card,ANON-0000-0000-0913,118.63,Serviço de Limpeza
2024-11-16,2024-11-16 13:16:55.479,card,ANON-0000-0000-0819,178.19,RAM 8GB DDR4
2024-11-16,2024-11-16 13:18:00.476,card,ANON-0000-0000-0914,115.49,Serviço de Limpeza
2024-11-16,2024-11-16 13:19:09.028,card,ANON-0000-0000-0914,117.37,Serviço de Limpeza
2024-11-16,2024-11-16 14:25:47.388,card,ANON-0000-0000-0915,173.41,RAM 8GB DDR4
2024-11-17,2024-11-17 10:29:36.983,card,ANON-0000-0000-0916,174.99,RAM 8GB DDR4
2024-11-17,2024-11-17 13:35:19.695,card,ANON-0000-0000-0917,182.69,RAM 8GB DDR4
2024-11-17,2024-11-17 14:18:41.797,card,ANON-0000-0000-0918,246.73,Serviço de Montagem
2024-11-17,2024-11-17 14:33:40.247,card,ANON-0000-0000-0919,179.87,RAM 8GB DDR4
2024-11-17,2024-11-17 16:27:26.184,card,ANON-0000-0000-0920,115.94,Serviço de Limpeza
2024-11-17,2024-11-17 16:28:35.779,card,ANON-0000-0000-0920,116.78,Serviço de Limpeza
2024-11-17,2024-11-17 18:10:06.641,card,ANON-0000-0000-0921,153.65,Serviço de Formatação
2024-11-17,2024-11-17 19:17:34.289,card,ANON-0000-0000-0922,142.78,Serviço de Formatação
2024-11-17,2024-11-17 19:18:27.520,card,ANON-0000-0000-0922,149.21,Serviço de Formatação
2024-11-18,2024-11-18 07:52:19.619,card,ANON-0000-0000-0769,186.33,RAM 8GB DDR4
2024-11-18,2024-11-18 07:53:16.351,card,ANON-0000-0000-0923,174.81,RAM 8GB DDR4
2024-11-18,2024-11-18 07:57:22.198,card,ANON-0000-0000-0570,118.76,Serviço de Limpeza
2024-11-18,2024-11-18 16:44:49.074,card,ANON-0000-0000-0924,122.24,Serviço de Limpeza
2024-11-18,2024-11-18 16:46:52.894,card,ANON-0000-0000-0906,116.26,Serviço de Limpeza
2024-11-18,2024-11-18 18:50:54.137,card,ANON-0000-0000-0925,120.74,Serviço de Limpeza
2024-11-19,2024-11-19 07:49:00.628,card,ANON-0000-0000-0696,290.75,RAM 16GB DDR4
2024-11-19,2024-11-19 07:51:13.678,card,ANON-0000-0000-0923,177.81,RAM 8GB DDR4
2024-11-19,2024-11-19 07:52:13.414,card,ANON-0000-0000-0923,117.88,Serviço de Limpeza
2024-11-19,2024-11-19 07:53:38.393,card,ANON-0000-0000-0926,617.31,CPU i3-12100
2024-11-19,2024-11-19 07:54:46.893,card,ANON-0000-0000-0927,115.95,Serviço de Limpeza
2024-11-19,2024-11-19 10:29:23.369,card,ANON-0000-0000-0276,186.03,RAM 8GB DDR4
2024-11-19,2024-11-19 11:07:09.017,card,ANON-0000-0000-0928,114.11,Serviço de Limpeza
2024-11-19,2024-11-19 16:22:40.481,card,ANON-0000-0000-0012,314.29,RAM 16GB DDR4
2024-11-19,2024-11-19 16:23:59.438,card,ANON-0000-0000-0012,299.5,RAM 16GB DDR4
2024-11-19,2024-11-19 16:41:03.671,card,ANON-0000-0000-0206,1720.08,CPU i5-14600K
2024-11-19,2024-11-19 16:47:41.234,card,ANON-0000-0000-0929,1728.72,CPU i5-14600K
2024-11-20,2024-11-20 13:29:38.737,card,ANON-0000-0000-0930,175.43,RAM 8GB DDR4
2024-11-20,2024-11-20 16:34:50.147,card,ANON-0000-0000-0906,122.83,Serviço de Limpeza
2024-11-20,2024-11-20 17:49:51.721,card,ANON-0000-0000-0931,1855.23,CPU i5-14600K
2024-11-20,2024-11-20 17:50:49.760,card,ANON-0000-0000-0931,148.74,Serviço de Formatação
2024-11-21,2024-11-21 11:06:11.028,card,ANON-0000-0000-0141,723.6,RAM 32GB DDR5
2024-11-21,2024-11-21 12:33:36.082,card,ANON-0000-0000-0906,123.71,Serviço de Limpeza
2024-11-21,2024-11-21 12:59:45.342,card,ANON-0000-0000-0903,308.98,RAM 16GB DDR4
2024-11-21,2024-11-21 13:00:47.390,card,ANON-0000-0000-0932,288.28,RAM 16GB DDR4
2024-11-21,2024-11-21 16:14:13.567,card,ANON-0000-0000-0906,125.97,Serviço de Limpeza
2024-11-21,2024-11-21 17:35:27.351,card,ANON-0000-0000-0933,184.44,RAM 8GB DDR4
2024-11-21,2024-11-21 17:39:22.972,card,ANON-0000-0000-0934,777.76,RAM 32GB DDR5
2024-11-21,2024-11-21 19:01:02.947,card,ANON-0000-0000-0935,147.07,Serviço de Formatação
2024-11-22,2024-11-22 07:50:36.322,card,ANON-0000-0000-0906,114.57,Serviço de Limpeza
2024-11-22,2024-11-22 10:03:42.504,card,ANON-0000-0000-0696,1731.68,CPU i5-14600K
2024-11-22,2024-11-22 11:02:32.401,card,ANON-0000-0000-0936,119.64,Serviço de Limpeza
2024-11-22,2024-11-22 11:24:26.431,card,ANON-0000-0000-0937,307.43,RAM 16GB DDR4
2024-11-22,2024-11-22 16:33:05.324,card,ANON-0000-0000-0938,150.63,Serviço de Formatação
2024-11-22,2024-11-22 16:33:49.898,card,ANON-0000-0000-0938,121.64,Serviço de Limpeza
2024-11-23,2024-11-23 09:10:46.265,card,ANON-0000-0000-0543,757.93,RAM 32GB DDR5
2024-11-23,2024-11-23 09:11:48.979,card,ANON-0000-0000-0543,773.91,RAM 32GB DDR5
2024-11-23,2024-11-23 10:05:15.754,card,ANON-0000-0000-0683,121.49,Serviço de Limpeza
2024-11-23,2024-11-23 11:02:59.642,card,ANON-0000-0000-0172,1857.89,CPU i5-14600K
2024-11-23,2024-11-23 11:09:28.024,card,ANON-0000-0000-0939,245.66,Serviço de Montagem
2024-11-23,2024-11-23 11:10:25.846,card,ANON-0000-0000-0939,256.2,Serviço de Montagem
2024-11-23,2024-11-23 11:41:27.467,card,ANON-0000-0000-0494,144.91,Serviço de Formatação
2024-11-23,2024-11-23 22:37:04.182,card,ANON-0000-0000-0940,120.07,Serviço de Limpeza
2024-11-24,2024-11-24 08:17:07.492,card,ANON-0000-0000-0570,119.75,Serviço de Limpeza
2024-11-25,2024-11-25 07:49:17.954,card,ANON-0000-0000-0696,1862.99,CPU i5-14600K
2024-11-25,2024-11-25 07:54:23.504,card,ANON-0000-0000-0941,119.73,Serviço de Limpeza
2024-11-25,2024-11-25 09:12:20.988,card,ANON-0000-0000-0276,182.68,RAM 8GB DDR4
2024-11-25,2024-11-25 10:38:08.041,card,ANON-0000-0000-0141,763.18,RAM 32GB DDR5
2024-11-25,2024-11-25 12:50:58.199,card,ANON-0000-0000-0942,120.39,Serviço de Limpeza
2024-11-25,2024-11-25 12:52:41.053,card,ANON-0000-0000-0943,117.49,Serviço de Limpeza
2024-11-25,2024-11-25 16:30:56.470,card,ANON-0000-0000-0871,151.96,Serviço de Formatação
2024-11-25,2024-11-25 19:01:59.097,card,ANON-0000-0000-0944,181.06,RAM 8GB DDR4
2024-11-25,2024-11-25 19:37:58.489,card,ANON-0000-0000-0945,151.87,Serviço de Formatação
2024-11-25,2024-11-25 21:42:15.215,card,ANON-0000-0000-0637,151.36,Serviço de Formatação
2024-11-25,2024-11-25 21:43:00.450,card,ANON-0000-0000-0637,1770.48,CPU i5-14600K
2024-11-26,2024-11-26 07:54:37.946,card,ANON-0000-0000-0570,122.7,Serviço de Limpeza
2024-11-26,2024-11-26 11:02:56.269,card,ANON-0000-0000-0903,311.99,RAM 16GB DDR4
2024-11-26,2024-11-26 11:03:47.275,card,ANON-0000-0000-0946,253.87,Serviço de Montagem
2024-11-26,2024-11-26 11:06:09.088,card,ANON-0000-0000-0947,295.85,RAM 16GB DDR4
2024-11-26,2024-11-26 11:07:09.966,card,ANON-0000-0000-0947,285.51,RAM 16GB DDR4
2024-11-26,2024-11-26 16:03:54.304,card,ANON-0000-0000-0948,119.79,Serviço de Limpeza
2024-11-26,2024-11-26 16:05:00.555,card,ANON-0000-0000-0949,115.51,Serviço de Limpeza
2024-11-26,2024-11-26 17:11:37.726,card,ANON-0000-0000-0950,242.33,Serviço de Montagem
2024-11-26,2024-11-26 17:12:34.437,card,ANON-0000-0000-0950,187.11,RAM 8GB DDR4
2024-11-26,2024-11-26 19:47:24.665,card,ANON-0000-0000-0951,289.98,RAM 16GB DDR4
2024-11-28,2024-11-28 08:41:16.925,card,ANON-0000-0000-0952,1723.47,CPU i5-14600K
2024-11-28,2024-11-28 09:14:00.906,card,ANON-0000-0000-0276,182.47,RAM 8GB DDR4
2024-11-28,2024-11-28 20:24:42.030,card,ANON-0000-0000-0012,186.78,RAM 8GB DDR4
2024-11-28,2024-11-28 20:25:45.523,card,ANON-0000-0000-0019,114.19,Serviço de Limpeza
2024-11-28,2024-11-28 20:54:59.668,card,ANON-0000-0000-0507,125.75,Serviço de Limpeza
2024-11-28,2024-11-28 22:00:15.694,card,ANON-0000-0000-0748,1870.84,CPU i5-14600K
2024-11-29,2024-11-29 07:53:15.838,card,ANON-0000-0000-0696,290.38,RAM 16GB DDR4
2024-11-29,2024-11-29 07:57:42.151,card,ANON-0000-0000-0570,121.83,Serviço de Limpeza
2024-11-29,2024-11-29 09:07:31.505,card,ANON-0000-0000-0385,182.88,RAM 8GB DDR4
2024-11-29,2024-11-29 09:08:30.245,card,ANON-0000-0000-0385,171.59,RAM 8GB DDR4
2024-11-29,2024-11-29 15:18:06.860,card,ANON-0000-0000-0953,175.71,RAM 8GB DDR4
2024-11-29,2024-11-29 15:19:20.348,card,ANON-0000-0000-0954,123.27,Serviço de Limpeza
2024-11-29,2024-11-29 20:57:54.667,card,ANON-0000-0000-0955,294.21,RAM 16GB DDR4
2024-11-30,2024-11-30 12:58:12.142,card,ANON-0000-0000-0570,288.6,RAM 16GB DDR4
2024-11-30,2024-11-30 14:04:55.814,card,ANON-0000-0000-0956,256.6,Serviço de Montagem
2024-11-30,2024-11-30 14:05:58.078,card,ANON-0000-0000-0956,154.65,Serviço de Formatação
2024-11-30,2024-11-30 14:16:52.019,card,ANON-0000-0000-0494,285.26,RAM 16GB DDR4
2024-11-30,2024-11-30 15:33:44.296,card,ANON-0000-0000-0097,177.77,RAM 8GB DDR4
2024-11-30,2024-11-30 22:03:48.484,card,ANON-0000-0000-0957,187.99,RAM 8GB DDR4
2024-12-01,2024-12-01 10:15:31.697,card,ANON-0000-0000-0040,181.05,RAM 8GB DDR4
2024-12-01,2024-12-01 10:16:31.924,card,ANON-0000-0000-0040,188.81,RAM 8GB DDR4
2024-12-01,2024-12-01 10:22:46.588,card,ANON-0000-0000-0385,182.68,RAM 8GB DDR4
2024-12-01,2024-12-01 14:34:22.870,card,ANON-0000-0000-0958,185.51,RAM 8GB DDR4
2024-12-01,2024-12-01 15:09:12.653,card,ANON-0000-0000-0959,300.08,RAM 16GB DDR4
2024-12-01,2024-12-01 15:09:56.961,card,ANON-0000-0000-0959,303.31,RAM 16GB DDR4
2024-12-01,2024-12-01 15:43:02.293,card,ANON-0000-0000-0960,1833.8,CPU i5-14600K
2024-12-01,2024-12-01 15:56:31.215,card,ANON-0000-0000-0961,122.83,Serviço de Limpeza
2024-12-01,2024-12-01 15:57:49.366,card,ANON-0000-0000-0962,118.58,Serviço de Limpeza
2024-12-01,2024-12-01 16:32:59.481,card,ANON-0000-0000-0963,119.76,Serviço de Limpeza
2024-12-01,2024-12-01 16:34:30.047,card,ANON-0000-0000-0964,117.38,Serviço de Limpeza
2024-12-01,2024-12-01 17:10:23.576,card,ANON-0000-0000-0965,171.58,RAM 8GB DDR4
2024-12-01,2024-12-01 17:11:32.019,card,ANON-0000-0000-0965,185.15,RAM 8GB DDR4
2024-12-01,2024-12-01 18:38:28.685,card,ANON-0000-0000-0966,176.8,RAM 8GB DDR4
2024-12-02,2024-12-02 07:50:36.572,card,ANON-0000-0000-0696,114.94,Serviço de Limpeza
2024-12-02,2024-12-02 07:51:59.373,card,ANON-0000-0000-0967,249.63,Serviço de Montagem
2024-12-02,2024-12-02 08:21:29.576,card,ANON-0000-0000-0276,172.42,RAM 8GB DDR4
2024-12-02,2024-12-02 08:53:14.454,card,ANON-0000-0000-0968,291.84,RAM 16GB DDR4
2024-12-02,2024-12-02 11:04:25.197,card,ANON-0000-0000-0141,725.74,RAM 32GB DDR5
2024-12-02,2024-12-02 15:28:23.946,card,ANON-0000-0000-0969,598.57,CPU i3-12100
2024-12-02,2024-12-02 16:12:23.920,card,ANON-0000-0000-0970,1825.45,CPU i5-14600K
2024-12-02,2024-12-02 17:34:21.695,card,ANON-0000-0000-0971,252.53,Serviço de Montagem
2024-12-02,2024-12-02 18:00:32.300,card,ANON-0000-0000-0972,1881.42,CPU i5-14600K
2024-12-03,2024-12-03 08:11:19.139,card,ANON-0000-0000-0570,125.46,Serviço de Limpeza
2024-12-03,2024-12-03 09:23:30.556,card,ANON-0000-0000-0276,171.54,RAM 8GB DDR4
2024-12-03,2024-12-03 09:24:27.071,card,ANON-0000-0000-0276,177.47,RAM 8GB DDR4
2024-12-03,2024-12-03 11:17:58.416,card,ANON-0000-0000-0973,254.01,Serviço de Montagem
2024-12-03,2024-12-03 11:42:07.580,card,ANON-0000-0000-0974,172.55,RAM 8GB DDR4
2024-12-03,2024-12-03 11:43:15.634,card,ANON-0000-0000-0819,187.13,RAM 8GB DDR4
2024-12-03,2024-12-03 11:45:54.433,card,ANON-0000-0000-0819,174.24,RAM 8GB DDR4
2024-12-03,2024-12-03 20:50:55.752,card,ANON-0000-0000-0975,313.39,RAM 16GB DDR4
2024-12-03,2024-12-03 21:33:16.867,card,ANON-0000-0000-0685,119.59,Serviço de Limpeza
2024-12-03,2024-12-03 21:34:13.125,card,ANON-0000-0000-0685,1729.88,CPU i5-14600K
2024-12-03,2024-12-03 21:35:18.853,card,ANON-0000-0000-0685,150.29,Serviço de Formatação
2024-12-03,2024-12-03 22:19:13.773,card,ANON-0000-0000-0976,182.01,RAM 8GB DDR4
2024-12-03,2024-12-03 22:21:42.084,card,ANON-0000-0000-0206,1817.76,CPU i5-14600K
2024-12-04,2024-12-04 08:32:47.920,card,ANON-0000-0000-0141,731.38,RAM 32GB DDR5
2024-12-04,2024-12-04 08:50:30.264,card,ANON-0000-0000-0977,118.16,Serviço de Limpeza
2024-12-04,2024-12-04 08:52:15.008,card,ANON-0000-0000-0978,125.06,Serviço de Limpeza
2024-12-04,2024-12-04 09:04:14.145,card,ANON-0000-0000-0979,252.42,Serviço de Montagem
2024-12-04,2024-12-04 10:23:01.388,card,ANON-0000-0000-0276,174.8,RAM 8GB DDR4
2024-12-04,2024-12-04 10:24:07.990,card,ANON-0000-0000-0276,179.02,RAM 8GB DDR4
2024-12-04,2024-12-04 10:26:57.751,card,ANON-0000-0000-0980,188.27,RAM 8GB DDR4
2024-12-04,2024-12-04 10:29:47.597,card,ANON-0000-0000-0783,149.95,Serviço de Formatação
2024-12-04,2024-12-04 11:45:57.723,card,ANON-0000-0000-0981,181.31,RAM 8GB DDR4
2024-12-04,2024-12-04 14:33:54.707,card,ANON-0000-0000-0982,149.59,Serviço de Formatação
2024-12-05,2024-12-05 08:53:48.287,card,ANON-0000-0000-0983,250.54,Serviço de Montagem
2024-12-05,2024-12-05 09:20:28.835,card,ANON-0000-0000-0141,781.3,RAM 32GB DDR5
2024-12-05,2024-12-05 10:02:51.253,card,ANON-0000-0000-0276,183.14,RAM 8GB DDR4
2024-12-05,2024-12-05 10:05:05.538,card,ANON-0000-0000-0276,174.38,RAM 8GB DDR4
2024-12-05,2024-12-05 11:31:58.259,card,ANON-0000-0000-0579,119.97,Serviço de Limpeza
2024-12-05,2024-12-05 11:50:44.557,card,ANON-0000-0000-0984,250.3,Serviço de Montagem
2024-12-05,2024-12-05 14:30:58.342,card,ANON-0000-0000-0985,1758.05,CPU i5-14600K
2024-12-05,2024-12-05 15:21:19.466,card,ANON-0000-0000-0906,124.93,Serviço de Limpeza
2024-12-05,2024-12-05 16:02:10.015,card,ANON-0000-0000-0771,124.03,Serviço de Limpeza
2024-12-06,2024-12-06 11:42:18.498,card,ANON-0000-0000-0906,114.36,Serviço de Limpeza
2024-12-06,2024-12-06 16:31:58.025,card,ANON-0000-0000-0938,150.44,Serviço de Formatação
2024-12-06,2024-12-06 22:30:33.276,card,ANON-0000-0000-0731,120.92,Serviço de Limpeza
2024-12-06,2024-12-06 22:31:30.002,card,ANON-0000-0000-0731,148.11,Serviço de Formatação
2024-12-07,2024-12-07 11:17:10.143,card,ANON-0000-0000-0986,178.01,RAM 8GB DDR4
2024-12-07,2024-12-07 14:16:42.893,card,ANON-0000-0000-0987,242.43,Serviço de Montagem
2024-12-07,2024-12-07 15:44:04.861,card,ANON-0000-0000-0409,114.65,Serviço de Limpeza
2024-12-07,2024-12-07 19:11:13.492,card,ANON-0000-0000-0206,1777.46,CPU i5-14600K
2024-12-07,2024-12-07 22:00:09.994,card,ANON-0000-0000-0988,171.68,RAM 8GB DDR4
2024-12-07,2024-12-07 22:28:17.088,card,ANON-0000-0000-0989,259.14,Serviço de Montagem
2024-12-08,2024-12-08 08:29:25.273,card,ANON-0000-0000-0141,775.87,RAM 32GB DDR5
2024-12-08,2024-12-08 10:42:38.160,card,ANON-0000-0000-0787,123.29,Serviço de Limpeza
2024-12-08,2024-12-08 10:43:42.726,card,ANON-0000-0000-0787,1796.74,CPU i5-14600K
2024-12-08,2024-12-08 12:51:40.875,card,ANON-0000-0000-0990,774.03,RAM 32GB DDR5
2024-12-08,2024-12-08 13:02:36.202,card,ANON-0000-0000-0991,175.21,RAM 8GB DDR4
2024-12-08,2024-12-08 13:03:38.720,card,ANON-0000-0000-0991,176.91,RAM 8GB DDR4
2024-12-08,2024-12-08 17:26:29.292,card,ANON-0000-0000-0206,1720.97,CPU i5-14600K
2024-12-08,2024-12-08 18:41:48.753,card,ANON-0000-0000-0992,571.75,CPU i3-12100
2024-12-08,2024-12-08 20:47:18.935,card,ANON-0000-0000-0097,1825.35,CPU i5-14600K
2024-12-08,2024-12-08 21:28:30.079,card,ANON-0000-0000-0993,185.5,RAM 8GB DDR4
2024-12-08,2024-12-08 21:41:23.523,card,ANON-0000-0000-0976,179.21,RAM 8GB DDR4
2024-12-09,2024-12-09 08:32:40.810,card,ANON-0000-0000-0994,1711.98,CPU i5-14600K
2024-12-09,2024-12-09 09:12:25.172,card,ANON-0000-0000-0995,252.86,Serviço de Montagem
2024-12-09,2024-12-09 09:33:57.417,card,ANON-0000-0000-0276,185.37,RAM 8GB DDR4
2024-12-09,2024-12-09 13:00:54.913,card,ANON-0000-0000-0802,744.96,RAM 32GB DDR5
2024-12-09,2024-12-09 21:21:51.269,card,ANON-0000-0000-0996,288.79,RAM 16GB DDR4
2024-12-10,2024-12-10 12:25:49.755,card,ANON-0000-0000-0141,778.06,RAM 32GB DDR5
2024-12-10,2024-12-10 18:21:57.841,card,ANON-0000-0000-0938,148.4,Serviço de Formatação
2024-12-11,2024-12-11 07:49:45.989,card,ANON-0000-0000-0570,117.81,Serviço de Limpeza
2024-12-11,2024-12-11 10:45:47.919,card,ANON-0000-0000-0141,723.0,RAM 32GB DDR5
2024-12-11,2024-12-11 12:13:06.273,card,ANON-0000-0000-0997,147.32,Serviço de Formatação
2024-12-11,2024-12-11 12:56:47.765,card,ANON-0000-0000-0998,618.03,CPU i3-12100
2024-12-11,2024-12-11 17:59:25.455,card,ANON-0000-0000-0999,309.44,RAM 16GB DDR4
2024-12-11,2024-12-11 21:01:07.579,card,ANON-0000-0000-0690,120.42,Serviço de Limpeza
2024-12-11,2024-12-11 21:18:17.192,card,ANON-0000-0000-1000,120.15,Serviço de Limpeza
2024-12-12,2024-12-12 07:58:31.186,card,ANON-0000-0000-1001,180.85,RAM 8GB DDR4
2024-12-12,2024-12-12 12:49:23.672,card,ANON-0000-0000-1002,244.09,Serviço de Montagem
2024-12-12,2024-12-12 16:55:02.108,card,ANON-0000-0000-1003,592.39,CPU i3-12100
2024-12-12,2024-12-12 16:55:49.129,card,ANON-0000-0000-1003,584.97,CPU i3-12100
2024-12-12,2024-12-12 16:57:01.116,card,ANON-0000-0000-1003,261.88,Serviço de Montagem
2024-12-12,2024-12-12 19:50:00.934,card,ANON-0000-0000-0922,293.86,RAM 16GB DDR4
2024-12-12,2024-12-12 19:50:57.734,card,ANON-0000-0000-0922,303.07,RAM 16GB DDR4
2024-12-13,2024-12-13 12:27:25.453,card,ANON-0000-0000-1004,250.66,Serviço de Montagem
2024-12-13,2024-12-13 12:53:05.572,card,ANON-0000-0000-1003,252.82,Serviço de Montagem
2024-12-13,2024-12-13 12:54:40.166,card,ANON-0000-0000-1003,144.89,Serviço de Formatação
2024-12-13,2024-12-13 14:01:58.063,card,ANON-0000-0000-1005,144.19,Serviço de Formatação
2024-12-13,2024-12-13 16:23:23.898,card,ANON-0000-0000-0494,305.56,RAM 16GB DDR4
2024-12-13,2024-12-13 19:19:03.811,card,ANON-0000-0000-0876,1828.49,CPU i5-14600K
2024-12-13,2024-12-13 19:20:10.119,card,ANON-0000-0000-0876,1839.79,CPU i5-14600K
2024-12-13,2024-12-13 21:35:41.955,card,ANON-0000-0000-0748,120.23,Serviço de Limpeza
2024-12-14,2024-12-14 08:27:32.054,card,ANON-0000-0000-1006,185.09,RAM 8GB DDR4
2024-12-14,2024-12-14 09:03:05.572,card,ANON-0000-0000-1007,287.02,RAM 16GB DDR4
2024-12-14,2024-12-14 11:41:57.820,card,ANON-0000-0000-0664,1837.67,CPU i5-14600K
2024-12-14,2024-12-14 13:19:07.033,card,ANON-0000-0000-1008,243.63,Serviço de Montagem
2024-12-14,2024-12-14 13:20:08.603,card,ANON-0000-0000-1008,121.8,Serviço de Limpeza
2024-12-14,2024-12-14 16:10:29.983,card,ANON-0000-0000-0612,312.79,RAM 16GB DDR4
2024-12-14,2024-12-14 16:29:58.935,card,ANON-0000-0000-0040,260.65,Serviço de Montagem
2024-12-14,2024-12-14 16:30:49.780,card,ANON-0000-0000-0040,240.27,Serviço de Montagem
2024-12-14,2024-12-14 17:00:15.899,card,ANON-0000-0000-1003,244.84,Serviço de Montagem
2024-12-14,2024-12-14 17:01:29.185,card,ANON-0000-0000-1003,238.28,Serviço de Montagem
2024-12-14,2024-12-14 18:23:44.156,card,ANON-0000-0000-1009,181.34,RAM 8GB DDR4
2024-12-15,2024-12-15 11:09:24.807,card,ANON-0000-0000-0570,124.37,Serviço de Limpeza
2024-12-15,2024-12-15 11:10:25.693,card,ANON-0000-0000-0570,289.96,RAM 16GB DDR4
2024-12-15,2024-12-15 17:58:05.386,card,ANON-0000-0000-0798,152.75,Serviço de Formatação
2024-12-16,2024-12-16 07:52:18.379,card,ANON-0000-0000-0570,121.02,Serviço de Limpeza
2024-12-16,2024-12-16 08:03:31.099,card,ANON-0000-0000-1010,154.34,Serviço de Formatação
2024-12-16,2024-12-16 08:46:53.826,card,ANON-0000-0000-0714,297.21,RAM 16GB DDR4
2024-12-16,2024-12-16 12:19:08.131,card,ANON-0000-0000-1011,178.64,RAM 8GB DDR4
2024-12-16,2024-12-16 13:08:52.577,card,ANON-0000-0000-0886,119.43,Serviço de Limpeza
2024-12-16,2024-12-16 14:13:18.149,card,ANON-0000-0000-0896,143.04,Serviço de Formatação
2024-12-16,2024-12-16 18:23:07.045,card,ANON-0000-0000-0012,117.66,Serviço de Limpeza
2024-12-16,2024-12-16 18:24:01.414,card,ANON-0000-0000-0012,186.84,RAM 8GB DDR4
2024-12-17,2024-12-17 08:48:18.158,card,ANON-0000-0000-1012,767.2,RAM 32GB DDR5
2024-12-17,2024-12-17 08:52:32.631,card,ANON-0000-0000-1013,1886.91,CPU i5-14600K
2024-12-17,2024-12-17 10:49:05.535,card,ANON-0000-0000-0276,177.62,RAM 8GB DDR4
2024-12-17,2024-12-17 16:22:35.059,card,ANON-0000-0000-1014,246.21,Serviço de Montagem
2024-12-17,2024-12-17 16:23:36.605,card,ANON-0000-0000-1014,299.98,RAM 16GB DDR4
2024-12-17,2024-12-17 17:14:22.065,card,ANON-0000-0000-0664,1753.15,CPU i5-14600K
2024-12-17,2024-12-17 18:54:57.302,card,ANON-0000-0000-0907,299.58,RAM 16GB DDR4
2024-12-18,2024-12-18 09:30:28.285,card,ANON-0000-0000-1015,122.14,Serviço de Limpeza
2024-12-18,2024-12-18 10:01:21.491,card,ANON-0000-0000-1016,187.45,RAM 8GB DDR4
2024-12-18,2024-12-18 10:03:02.068,card,ANON-0000-0000-1016,124.29,Serviço de Limpeza
2024-12-18,2024-12-18 10:04:03.380,card,ANON-0000-0000-1016,1799.75,CPU i5-14600K
2024-12-19,2024-12-19 10:12:11.185,card,ANON-0000-0000-1017,154.49,Serviço de Formatação
2024-12-19,2024-12-19 11:25:43.942,card,ANON-0000-0000-0276,177.79,RAM 8GB DDR4
2024-12-19,2024-12-19 12:10:52.329,card,ANON-0000-0000-1018,595.29,CPU i3-12100
2024-12-19,2024-12-19 13:38:56.787,card,ANON-0000-0000-1019,151.81,Serviço de Formatação
2024-12-19,2024-12-19 19:00:56.263,card,ANON-0000-0000-0206,1846.15,CPU i5-14600K
2024-12-19,2024-12-19 19:10:40.561,card,ANON-0000-0000-0040,1885.59,CPU i5-14600K
2024-12-19,2024-12-19 19:48:18.022,card,ANON-0000-0000-1020,177.66,RAM 8GB DDR4
2024-12-19,2024-12-19 19:49:42.574,card,ANON-0000-0000-1020,142.71,Serviço de Formatação
2024-12-19,2024-12-19 21:08:11.811,card,ANON-0000-0000-1021,122.07,Serviço de Limpeza
2024-12-19,2024-12-19 21:09:15.719,card,ANON-0000-0000-1021,1759.13,CPU i5-14600K
2024-12-20,2024-12-20 08:14:51.955,card,ANON-0000-0000-0141,766.26,RAM 32GB DDR5
2024-12-20,2024-12-20 09:39:29.862,card,ANON-0000-0000-0276,186.82,RAM 8GB DDR4
2024-12-20,2024-12-20 10:12:42.831,card,ANON-0000-0000-1022,1741.1,CPU i5-14600K
2024-12-20,2024-12-20 10:55:29.127,card,ANON-0000-0000-0141,733.34,RAM 32GB DDR5
2024-12-20,2024-12-20 12:21:17.233,card,ANON-0000-0000-0819,618.93,CPU i3-12100
2024-12-20,2024-12-20 12:22:49.372,card,ANON-0000-0000-0819,184.14,RAM 8GB DDR4
2024-12-20,2024-12-20 14:58:20.349,card,ANON-0000-0000-1023,763.36,RAM 32GB DDR5
2024-12-20,2024-12-20 18:28:22.151,card,ANON-0000-0000-1024,1738.88,CPU i5-14600K
2024-12-20,2024-12-20 18:57:13.326,card,ANON-0000-0000-0206,1792.7,CPU i5-14600K
2024-12-21,2024-12-21 10:19:23.875,card,ANON-0000-0000-1025,1795.04,CPU i5-14600K
2024-12-21,2024-12-21 10:20:41.106,card,ANON-0000-0000-1025,119.98,Serviço de Limpeza
2024-12-21,2024-12-21 10:32:02.796,card,ANON-0000-0000-1026,240.71,Serviço de Montagem
2024-12-21,2024-12-21 15:33:03.629,card,ANON-0000-0000-0507,147.07,Serviço de Formatação
2024-12-21,2024-12-21 15:33:49.614,card,ANON-0000-0000-0507,125.9,Serviço de Limpeza
2024-12-21,2024-12-21 15:35:29.373,card,ANON-0000-0000-0842,178.2,RAM 8GB DDR4
2024-12-21,2024-12-21 15:58:07.022,card,ANON-0000-0000-1027,120.8,Serviço de Limpeza
2024-12-21,2024-12-21 17:47:27.852,card,ANON-0000-0000-1020,300.22,RAM 16GB DDR4
2024-12-21,2024-12-21 18:02:36.869,card,ANON-0000-0000-1028,144.16,Serviço de Formatação
2024-12-21,2024-12-21 18:08:17.169,card,ANON-0000-0000-1029,730.37,RAM 32GB DDR5
2024-12-21,2024-12-21 19:48:13.454,card,ANON-0000-0000-1030,187.86,RAM 8GB DDR4
2024-12-21,2024-12-21 19:49:45.769,card,ANON-0000-0000-1030,778.42,RAM 32GB DDR5
2024-12-21,2024-12-21 21:49:47.313,card,ANON-0000-0000-1029,729.81,RAM 32GB DDR5
2024-12-21,2024-12-21 21:58:48.754,card,ANON-0000-0000-1031,114.65,Serviço de Limpeza
2024-12-21,2024-12-21 22:16:14.139,card,ANON-0000-0000-1029,767.72,RAM 32GB DDR5
2024-12-22,2024-12-22 10:42:56.126,card,ANON-0000-0000-0333,1753.21,CPU i5-14600K
2024-12-22,2024-12-22 18:55:44.510,card,ANON-0000-0000-0206,1745.04,CPU i5-14600K
2024-12-22,2024-12-22 19:35:45.848,card,ANON-0000-0000-1032,154.81,Serviço de Formatação
2024-12-22,2024-12-22 19:36:29.863,card,ANON-0000-0000-1032,148.17,Serviço de Formatação
2024-12-22,2024-12-22 20:26:36.732,card,ANON-0000-0000-0636,142.9,Serviço de Formatação
2024-12-22,2024-12-22 21:55:18.754,card,ANON-0000-0000-1033,301.46,RAM 16GB DDR4
2024-12-22,2024-12-22 21:56:56.296,card,ANON-0000-0000-1034,773.04,RAM 32GB DDR5
2024-12-23,2024-12-23 09:03:21.025,card,ANON-0000-0000-1029,749.41,RAM 32GB DDR5
2024-12-23,2024-12-23 09:22:17.895,card,ANON-0000-0000-0276,173.47,RAM 8GB DDR4
2024-12-23,2024-12-23 10:42:03.416,card,ANON-0000-0000-0042,188.05,RAM 8GB DDR4
2024-12-23,2024-12-23 11:35:54.428,card,ANON-0000-0000-0570,1846.99,CPU i5-14600K
2024-12-23,2024-12-23 14:05:31.735,card,ANON-0000-0000-1035,122.76,Serviço de Limpeza
2024-12-23,2024-12-23 15:00:23.679,card,ANON-0000-0000-1036,179.78,RAM 8GB DDR4
2024-12-23,2024-12-23 16:14:50.443,card,ANON-0000-0000-0906,114.64,Serviço de Limpeza
2024-12-23,2024-12-23 17:21:20.495,card,ANON-0000-0000-1037,780.8,RAM 32GB DDR5
2024-12-23,2024-12-23 17:22:40.297,card,ANON-0000-0000-1037,115.81,Serviço de Limpeza
2024-12-23,2024-12-23 20:46:07.226,card,ANON-0000-0000-1029,725.16,RAM 32GB DDR5
2024-12-24,2024-12-24 15:10:43.421,card,ANON-0000-0000-1038,175.39,RAM 8GB DDR4
2024-12-24,2024-12-24 16:08:38.130,card,ANON-0000-0000-1039,145.83,Serviço de Formatação
2024-12-24,2024-12-24 17:55:28.559,card,ANON-0000-0000-1029,755.0,RAM 32GB DDR5
2024-12-24,2024-12-24 19:10:36.272,card,ANON-0000-0000-1039,144.37,Serviço de Formatação
2024-12-24,2024-12-24 19:11:36.864,card,ANON-0000-0000-1040,116.99,Serviço de Limpeza
2024-12-24,2024-12-24 19:12:34.982,card,ANON-0000-0000-1039,604.66,CPU i3-12100
2024-12-24,2024-12-24 19:36:02.332,card,ANON-0000-0000-0097,1770.63,CPU i5-14600K
2024-12-25,2024-12-25 10:43:56.819,card,ANON-0000-0000-1041,124.49,Serviço de Limpeza
2024-12-25,2024-12-25 10:45:02.380,card,ANON-0000-0000-1041,114.95,Serviço de Limpeza
2024-12-25,2024-12-25 12:35:03.285,card,ANON-0000-0000-1042,181.97,RAM 8GB DDR4
2024-12-25,2024-12-25 12:36:00.079,card,ANON-0000-0000-1042,259.02,Serviço de Montagem
2024-12-25,2024-12-25 13:17:11.399,card,ANON-0000-0000-1043,172.43,RAM 8GB DDR4
2024-12-25,2024-12-25 13:32:47.545,card,ANON-0000-0000-1044,251.39,Serviço de Montagem
2024-12-25,2024-12-25 20:02:40.331,card,ANON-0000-0000-0097,1828.92,CPU i5-14600K
2024-12-25,2024-12-25 21:18:49.844,card,ANON-0000-0000-1045,310.94,RAM 16GB DDR4
2024-12-25,2024-12-25 21:19:42.093,card,ANON-0000-0000-1045,307.78,RAM 16GB DDR4
2024-12-25,2024-12-25 21:57:30.270,card,ANON-0000-0000-1046,117.15,Serviço de Limpeza
2024-12-25,2024-12-25 22:51:02.901,card,ANON-0000-0000-0154,1741.98,CPU i5-14600K
2024-12-25,2024-12-25 22:53:06.426,card,ANON-0000-0000-0154,173.37,RAM 8GB DDR4
2024-12-26,2024-12-26 13:12:37.940,card,ANON-0000-0000-1047,1875.77,CPU i5-14600K
2024-12-26,2024-12-26 15:04:34.471,card,ANON-0000-0000-1048,572.08,CPU i3-12100
2024-12-27,2024-12-27 07:50:20.711,card,ANON-0000-0000-1049,250.7,Serviço de Montagem
2024-12-27,2024-12-27 08:57:38.912,card,ANON-0000-0000-1029,716.82,RAM 32GB DDR5
2024-12-27,2024-12-27 09:09:55.226,card,ANON-0000-0000-0141,768.86,RAM 32GB DDR5
2024-12-27,2024-12-27 10:12:53.425,card,ANON-0000-0000-0276,185.5,RAM 8GB DDR4
2024-12-27,2024-12-27 17:12:04.641,card,ANON-0000-0000-1050,118.79,Serviço de Limpeza
2024-12-27,2024-12-27 19:47:27.855,card,ANON-0000-0000-1051,246.41,Serviço de Montagem
2024-12-27,2024-12-27 19:48:21.643,card,ANON-0000-0000-1051,174.54,RAM 8GB DDR4
2024-12-27,2024-12-27 22:54:32.893,card,ANON-0000-0000-0701,307.91,RAM 16GB DDR4
2024-12-28,2024-12-28 09:00:23.465,card,ANON-0000-0000-1029,744.89,RAM 32GB DDR5
2024-12-28,2024-12-28 09:50:37.949,card,ANON-0000-0000-0141,766.39,RAM 32GB DDR5
2024-12-28,2024-12-28 10:18:44.226,card,ANON-0000-0000-0727,177.57,RAM 8GB DDR4
2024-12-28,2024-12-28 10:52:03.125,card,ANON-0000-0000-0570,123.52,Serviço de Limpeza
2024-12-28,2024-12-28 14:10:01.286,card,ANON-0000-0000-1052,1865.92,CPU i5-14600K
2024-12-28,2024-12-28 14:13:17.359,card,ANON-0000-0000-1053,150.34,Serviço de Formatação
2024-12-28,2024-12-28 17:23:40.272,card,ANON-0000-0000-0507,118.6,Serviço de Limpeza
2024-12-28,2024-12-28 22:11:01.821,card,ANON-0000-0000-1054,1831.17,CPU i5-14600K
2024-12-29,2024-12-29 13:46:16.437,card,ANON-0000-0000-1029,787.31,RAM 32GB DDR5
2024-12-29,2024-12-29 15:04:26.632,card,ANON-0000-0000-1055,596.11,CPU i3-12100
2024-12-29,2024-12-29 15:05:16.323,card,ANON-0000-0000-1055,249.38,Serviço de Montagem
2024-12-29,2024-12-29 17:30:04.513,card,ANON-0000-0000-1056,768.72,RAM 32GB DDR5
2024-12-29,2024-12-29 17:31:46.702,card,ANON-0000-0000-1057,602.76,CPU i3-12100
2024-12-29,2024-12-29 19:47:43.744,card,ANON-0000-0000-1029,779.03,RAM 32GB DDR5
2024-12-29,2024-12-29 20:25:54.231,card,ANON-0000-0000-1058,144.41,Serviço de Formatação
2024-12-29,2024-12-29 21:17:19.330,card,ANON-0000-0000-0729,119.91,Serviço de Limpeza
2024-12-30,2024-12-30 09:02:44.282,card,ANON-0000-0000-1029,721.73,RAM 32GB DDR5
2024-12-30,2024-12-30 09:44:11.963,card,ANON-0000-0000-0276,175.78,RAM 8GB DDR4
2024-12-30,2024-12-30 13:52:31.356,card,ANON-0000-0000-1059,122.91,Serviço de Limpeza
2024-12-30,2024-12-30 13:53:39.253,card,ANON-0000-0000-1059,156.3,Serviço de Formatação
2024-12-30,2024-12-30 15:12:45.043,card,ANON-0000-0000-0920,125.33,Serviço de Limpeza
2024-12-30,2024-12-30 15:13:38.691,card,ANON-0000-0000-0920,188.56,RAM 8GB DDR4
2024-12-30,2024-12-30 16:29:53.883,card,ANON-0000-0000-1003,183.1,RAM 8GB DDR4
2024-12-30,2024-12-30 16:31:28.727,card,ANON-0000-0000-1060,261.76,Serviço de Montagem
2024-12-30,2024-12-30 16:36:45.551,card,ANON-0000-0000-0886,1740.97,CPU i5-14600K
2024-12-31,2024-12-31 08:52:28.681,card,ANON-0000-0000-1029,746.84,RAM 32GB DDR5
2024-12-31,2024-12-31 09:36:50.011,card,ANON-0000-0000-1034,1744.22,CPU i5-14600K
2024-12-31,2024-12-31 09:39:41.472,card,ANON-0000-0000-1034,747.68,RAM 32GB DDR5
2024-12-31,2024-12-31 09:45:28.525,card,ANON-0000-0000-1061,314.52,RAM 16GB DDR4
2024-12-31,2024-12-31 10:26:52.972,card,ANON-0000-0000-1062,178.42,RAM 8GB DDR4
2024-12-31,2024-12-31 10:29:28.211,card,ANON-0000-0000-1062,182.61,RAM 8GB DDR4
2024-12-31,2024-12-31 11:11:30.768,card,ANON-0000-0000-0195,1785.58,CPU i5-14600K
2024-12-31,2024-12-31 11:12:42.053,card,ANON-0000-0000-0195,176.36,RAM 8GB DDR4
2024-12-31,2024-12-31 15:42:14.093,card,ANON-0000-0000-0012,619.54,CPU i3-12100
2024-12-31,2024-12-31 15:43:13.300,card,ANON-0000-0000-0012,257.26,Serviço de Montagem
2024-12-31,2024-12-31 16:07:18.883,card,ANON-0000-0000-1063,1846.61,CPU i5-14600K
2024-12-31,2024-12-31 17:10:17.537,card,ANON-0000-0000-0525,120.89,Serviço de Limpeza
2024-12-31,2024-12-31 17:30:52.785,card,ANON-0000-0000-1064,178.22,RAM 8GB DDR4
2024-12-31,2024-12-31 17:31:48.543,card,ANON-0000-0000-1065,1732.26,CPU i5-14600K
2024-12-31,2024-12-31 19:07:25.413,card,ANON-0000-0000-1066,114.32,Serviço de Limpeza
2024-12-31,2024-12-31 19:08:38.899,card,ANON-0000-0000-1066,146.51,Serviço de Formatação
2025-01-02,2025-01-02 09:58:05.335,card,ANON-0000-0000-0276,178.06,RAM 8GB DDR4
2025-01-02,2025-01-02 13:29:40.128,card,ANON-0000-0000-1067,307.33,RAM 16GB DDR4
2025-01-02,2025-01-02 13:30:38.720,card,ANON-0000-0000-1067,314.23,RAM 16GB DDR4
2025-01-02,2025-01-02 14:41:10.594,card,ANON-0000-0000-1068,781.05,RAM 32GB DDR5
2025-01-02,2025-01-02 14:42:45.847,card,ANON-0000-0000-1068,747.24,RAM 32GB DDR5
2025-01-02,2025-01-02 16:22:32.387,card,ANON-0000-0000-1069,260.4,Serviço de Montagem
2025-01-02,2025-01-02 16:34:59.470,card,ANON-0000-0000-0877,155.27,Serviço de Formatação
2025-01-02,2025-01-02 16:35:44.285,card,ANON-0000-0000-0877,184.08,RAM 8GB DDR4
2025-01-02,2025-01-02 17:43:10.175,card,ANON-0000-0000-0525,1727.13,CPU i5-14600K
2025-01-03,2025-01-03 09:03:22.668,card,ANON-0000-0000-1029,787.3,RAM 32GB DDR5
2025-01-03,2025-01-03 10:10:30.802,card,ANON-0000-0000-0276,173.86,RAM 8GB DDR4
2025-01-03,2025-01-03 16:58:09.420,card,ANON-0000-0000-1070,176.34,RAM 8GB DDR4
2025-01-03,2025-01-03 22:13:28.560,card,ANON-0000-0000-0620,1884.82,CPU i5-14600K
2025-01-03,2025-01-03 22:18:20.359,card,ANON-0000-0000-1071,251.38,Serviço de Montagem
2025-01-03,2025-01-03 22:19:14.354,card,ANON-0000-0000-1072,251.45,Serviço de Montagem
2025-01-03,2025-01-03 22:21:25.952,card,ANON-0000-0000-0690,122.16,Serviço de Limpeza
2025-01-04,2025-01-04 08:58:26.502,card,ANON-0000-0000-1029,773.54,RAM 32GB DDR5
2025-01-04,2025-01-04 09:59:27.784,card,ANON-0000-0000-1073,259.77,Serviço de Montagem
2025-01-04,2025-01-04 13:40:00.286,card,ANON-0000-0000-1074,1845.55,CPU i5-14600K
2025-01-04,2025-01-04 15:59:33.227,card,ANON-0000-0000-0877,290.24,RAM 16GB DDR4
2025-01-04,2025-01-04 16:12:55.200,card,ANON-0000-0000-1034,172.59,RAM 8GB DDR4
2025-01-04,2025-01-04 16:14:10.198,card,ANON-0000-0000-1034,1722.09,CPU i5-14600K
2025-01-04,2025-01-04 16:16:11.225,card,ANON-0000-0000-1034,1823.3,CPU i5-14600K
2025-01-04,2025-01-04 16:18:04.079,card,ANON-0000-0000-1034,753.83,RAM 32GB DDR5
2025-01-04,2025-01-04 18:11:39.258,card,ANON-0000-0000-1075,238.26,Serviço de Montagem
2025-01-04,2025-01-04 22:23:30.720,card,ANON-0000-0000-1000,125.27,Serviço de Limpeza
2025-01-05,2025-01-05 09:45:57.778,card,ANON-0000-0000-1076,178.35,RAM 8GB DDR4
2025-01-05,2025-01-05 10:53:00.842,card,ANON-0000-0000-1077,118.21,Serviço de Limpeza
2025-01-05,2025-01-05 22:07:16.475,card,ANON-0000-0000-1078,187.36,RAM 8GB DDR4
2025-01-06,2025-01-06 19:58:50.688,card,ANON-0000-0000-1079,243.87,Serviço de Montagem
2025-01-07,2025-01-07 13:29:02.789,card,ANON-0000-0000-1080,1731.53,CPU i5-14600K
2025-01-07,2025-01-07 22:32:45.085,card,ANON-0000-0000-1081,300.5,RAM 16GB DDR4
2025-01-07,2025-01-07 22:33:58.886,card,ANON-0000-0000-1081,305.89,RAM 16GB DDR4
2025-01-08,2025-01-08 07:30:02.019,card,ANON-0000-0000-1082,182.76,RAM 8GB DDR4
2025-01-08,2025-01-08 09:11:15.142,card,ANON-0000-0000-1083,116.41,Serviço de Limpeza
2025-01-08,2025-01-08 10:30:28.733,card,ANON-0000-0000-1034,728.78,RAM 32GB DDR5
2025-01-08,2025-01-08 17:22:51.605,card,ANON-0000-0000-0206,1723.07,CPU i5-14600K
2025-01-09,2025-01-09 08:07:07.584,card,ANON-0000-0000-1084,250.21,Serviço de Montagem
2025-01-09,2025-01-09 08:56:34.735,card,ANON-0000-0000-0570,120.76,Serviço de Limpeza
2025-01-09,2025-01-09 09:02:31.783,card,ANON-0000-0000-0385,175.81,RAM 8GB DDR4
2025-01-09,2025-01-09 14:27:23.682,card,ANON-0000-0000-0348,576.53,CPU i3-12100
2025-01-09,2025-01-09 15:36:58.679,card,ANON-0000-0000-1085,115.07,Serviço de Limpeza
2025-01-09,2025-01-09 15:48:10.012,card,ANON-0000-0000-0141,174.54,RAM 8GB DDR4
2025-01-09,2025-01-09 15:49:11.796,card,ANON-0000-0000-0141,738.14,RAM 32GB DDR5
2025-01-09,2025-01-09 20:30:29.072,card,ANON-0000-0000-0012,171.9,RAM 8GB DDR4
2025-01-09,2025-01-09 22:10:20.697,card,ANON-0000-0000-0329,117.47,Serviço de Limpeza
2025-01-10,2025-01-10 08:49:20.815,card,ANON-0000-0000-0224,178.71,RAM 8GB DDR4
2025-01-10,2025-01-10 09:16:36.498,card,ANON-0000-0000-0385,181.11,RAM 8GB DDR4
2025-01-10,2025-01-10 17:51:18.771,card,ANON-0000-0000-1086,1727.59,CPU i5-14600K
2025-01-10,2025-01-10 17:55:53.357,card,ANON-0000-0000-1045,153.05,Serviço de Formatação
2025-01-10,2025-01-10 17:59:39.184,card,ANON-0000-0000-0224,188.84,RAM 8GB DDR4
2025-01-11,2025-01-11 07:44:30.450,card,ANON-0000-0000-0842,179.95,RAM 8GB DDR4
2025-01-11,2025-01-11 10:49:41.291,card,ANON-0000-0000-1087,147.64,Serviço de Formatação
2025-01-11,2025-01-11 11:13:53.866,card,ANON-0000-0000-1088,253.4,Serviço de Montagem
2025-01-11,2025-01-11 11:20:17.612,card,ANON-0000-0000-1089,120.13,Serviço de Limpeza
2025-01-11,2025-01-11 11:21:25.566,card,ANON-0000-0000-1089,116.91,Serviço de Limpeza
2025-01-11,2025-01-11 12:10:58.739,card,ANON-0000-0000-1089,119.01,Serviço de Limpeza
2025-01-11,2025-01-11 12:13:24.784,card,ANON-0000-0000-1089,122.54,Serviço de Limpeza
2025-01-11,2025-01-11 14:12:54.844,card,ANON-0000-0000-1090,181.26,RAM 8GB DDR4
2025-01-11,2025-01-11 14:15:38.139,card,ANON-0000-0000-1091,173.98,RAM 8GB DDR4
2025-01-11,2025-01-11 14:16:43.941,card,ANON-0000-0000-1091,1731.88,CPU i5-14600K
2025-01-11,2025-01-11 14:47:02.972,card,ANON-0000-0000-1092,117.08,Serviço de Limpeza
2025-01-11,2025-01-11 17:19:33.968,card,ANON-0000-0000-1093,731.7,RAM 32GB DDR5
2025-01-11,2025-01-11 17:20:56.780,card,ANON-0000-0000-1094,124.99,Serviço de Limpeza
2025-01-11,2025-01-11 17:22:05.105,card,ANON-0000-0000-1093,777.04,RAM 32GB DDR5
2025-01-11,2025-01-11 18:01:28.479,card,ANON-0000-0000-1095,177.84,RAM 8GB DDR4
2025-01-12,2025-01-12 11:45:32.433,card,ANON-0000-0000-0842,175.97,RAM 8GB DDR4
2025-01-12,2025-01-12 11:48:18.729,card,ANON-0000-0000-0842,260.36,Serviço de Montagem
2025-01-12,2025-01-12 11:49:50.305,card,ANON-0000-0000-0012,182.76,RAM 8GB DDR4
2025-01-12,2025-01-12 16:15:58.843,card,ANON-0000-0000-1096,150.32,Serviço de Formatação
2025-01-12,2025-01-12 20:56:04.324,card,ANON-0000-0000-1097,180.44,RAM 8GB DDR4
2025-01-13,2025-01-13 08:08:20.273,card,ANON-0000-0000-0533,183.15,RAM 8GB DDR4
2025-01-13,2025-01-13 09:17:19.623,card,ANON-0000-0000-0276,171.99,RAM 8GB DDR4
2025-01-13,2025-01-13 13:02:56.645,card,ANON-0000-0000-1034,748.6,RAM 32GB DDR5
2025-01-13,2025-01-13 13:50:46.648,card,ANON-0000-0000-0906,123.91,Serviço de Limpeza
2025-01-13,2025-01-13 14:11:27.333,card,ANON-0000-0000-1098,123.59,Serviço de Limpeza
2025-01-13,2025-01-13 14:12:28.340,card,ANON-0000-0000-1098,1750.19,CPU i5-14600K
2025-01-13,2025-01-13 16:25:36.343,card,ANON-0000-0000-1099,120.07,Serviço de Limpeza
2025-01-13,2025-01-13 20:51:18.275,card,ANON-0000-0000-0050,576.38,CPU i3-12100
2025-01-14,2025-01-14 07:37:42.461,card,ANON-0000-0000-0682,120.32,Serviço de Limpeza
2025-01-14,2025-01-14 09:53:42.812,card,ANON-0000-0000-1029,774.99,RAM 32GB DDR5
2025-01-14,2025-01-14 10:21:45.603,card,ANON-0000-0000-0276,180.97,RAM 8GB DDR4
2025-01-14,2025-01-14 12:49:14.351,card,ANON-0000-0000-1100,118.31,Serviço de Limpeza
2025-01-14,2025-01-14 16:18:19.288,card,ANON-0000-0000-1101,174.51,RAM 8GB DDR4
2025-01-14,2025-01-14 16:19:26.531,card,ANON-0000-0000-1101,184.18,RAM 8GB DDR4
2025-01-14,2025-01-14 19:41:55.896,card,ANON-0000-0000-0206,1889.77,CPU i5-14600K
2025-01-14,2025-01-14 21:02:35.551,card,ANON-0000-0000-1097,120.37,Serviço de Limpeza
2025-01-15,2025-01-15 09:12:04.241,card,ANON-0000-0000-0419,171.31,RAM 8GB DDR4
2025-01-15,2025-01-15 11:10:23.705,card,ANON-0000-0000-1102,252.64,Serviço de Montagem
2025-01-15,2025-01-15 13:14:14.574,card,ANON-0000-0000-0886,1848.52,CPU i5-14600K
2025-01-15,2025-01-15 15:35:21.923,card,ANON-0000-0000-0634,116.8,Serviço de Limpeza
2025-01-15,2025-01-15 15:36:47.943,card,ANON-0000-0000-1103,1783.43,CPU i5-14600K
2025-01-15,2025-01-15 15:37:55.727,card,ANON-0000-0000-0634,114.58,Serviço de Limpeza
2025-01-15,2025-01-15 16:55:26.025,card,ANON-0000-0000-1104,115.87,Serviço de Limpeza
2025-01-15,2025-01-15 18:06:12.419,card,ANON-0000-0000-1105,122.49,Serviço de Limpeza
2025-01-15,2025-01-15 19:51:14.105,card,ANON-0000-0000-1097,117.41,Serviço de Limpeza
2025-01-15,2025-01-15 21:41:14.264,card,ANON-0000-0000-0731,1753.99,CPU i5-14600K
2025-01-16,2025-01-16 09:32:57.684,card,ANON-0000-0000-0886,120.06,Serviço de Limpeza
2025-01-16,2025-01-16 09:38:09.359,card,ANON-0000-0000-0419,188.15,RAM 8GB DDR4
2025-01-16,2025-01-16 10:41:40.881,card,ANON-0000-0000-0012,180.98,RAM 8GB DDR4
2025-01-16,2025-01-16 12:12:16.345,card,ANON-0000-0000-0141,733.2,RAM 32GB DDR5
2025-01-16,2025-01-16 15:16:19.190,card,ANON-0000-0000-1106,120.91,Serviço de Limpeza
2025-01-16,2025-01-16 16:35:11.006,card,ANON-0000-0000-0406,118.36,Serviço de Limpeza
2025-01-16,2025-01-16 18:15:57.449,card,ANON-0000-0000-1097,1839.65,CPU i5-14600K
2025-01-16,2025-01-16 21:15:59.720,card,ANON-0000-0000-1045,149.58,Serviço de Formatação
2025-01-16,2025-01-16 21:16:59.177,card,ANON-0000-0000-1045,151.86,Serviço de Formatação
2025-01-16,2025-01-16 21:40:12.534,card,ANON-0000-0000-1107,780.16,RAM 32GB DDR5
2025-01-17,2025-01-17 07:38:19.766,card,ANON-0000-0000-1108,309.78,RAM 16GB DDR4
2025-01-17,2025-01-17 08:26:20.810,card,ANON-0000-0000-1109,117.66,Serviço de Limpeza
2025-01-17,2025-01-17 08:27:48.372,card,ANON-0000-0000-1109,1872.59,CPU i5-14600K
2025-01-17,2025-01-17 08:47:56.075,card,ANON-0000-0000-0276,184.81,RAM 8GB DDR4
2025-01-17,2025-01-17 09:27:38.418,card,ANON-0000-0000-0012,184.77,RAM 8GB DDR4
2025-01-17,2025-01-17 14:20:53.972,card,ANON-0000-0000-1110,300.9,RAM 16GB DDR4
2025-01-17,2025-01-17 14:22:02.670,card,ANON-0000-0000-1110,297.83,RAM 16GB DDR4
2025-01-17,2025-01-17 17:39:10.610,card,ANON-0000-0000-0906,143.16,Serviço de Formatação
2025-01-17,2025-01-17 21:22:18.959,card,ANON-0000-0000-0877,146.42,Serviço de Formatação
2025-01-18,2025-01-18 10:12:38.223,card,ANON-0000-0000-1082,184.09,RAM 8GB DDR4
2025-01-18,2025-01-18 16:33:40.099,card,ANON-0000-0000-0507,154.34,Serviço de Formatação
2025-01-18,2025-01-18 16:35:14.227,card,ANON-0000-0000-0507,120.54,Serviço de Limpeza
2025-01-18,2025-01-18 16:36:28.970,card,ANON-0000-0000-0507,152.33,Serviço de Formatação
2025-01-20,2025-01-20 08:29:47.959,card,ANON-0000-0000-0012,171.83,RAM 8GB DDR4
2025-01-20,2025-01-20 10:57:25.231,card,ANON-0000-0000-0276,174.03,RAM 8GB DDR4
2025-01-20,2025-01-20 11:40:24.031,card,ANON-0000-0000-0141,753.19,RAM 32GB DDR5
2025-01-20,2025-01-20 12:04:49.880,card,ANON-0000-0000-1111,253.72,Serviço de Montagem
2025-01-20,2025-01-20 12:06:00.697,card,ANON-0000-0000-1111,753.49,RAM 32GB DDR5
2025-01-20,2025-01-20 13:45:14.114,card,ANON-0000-0000-1112,173.2,RAM 8GB DDR4
2025-01-20,2025-01-20 20:08:11.432,card,ANON-0000-0000-1113,156.67,Serviço de Formatação
2025-01-20,2025-01-20 20:26:24.881,card,ANON-0000-0000-1114,1759.9,CPU i5-14600K
2025-01-20,2025-01-20 20:27:28.960,card,ANON-0000-0000-1114,1889.35,CPU i5-14600K
2025-01-20,2025-01-20 21:13:45.440,card,ANON-0000-0000-1115,119.28,Serviço de Limpeza
2025-01-21,2025-01-21 08:05:04.269,card,ANON-0000-0000-1010,310.38,RAM 16GB DDR4
2025-01-21,2025-01-21 08:18:19.291,card,ANON-0000-0000-0141,731.43,RAM 32GB DDR5
2025-01-21,2025-01-21 08:19:28.276,card,ANON-0000-0000-1082,178.85,RAM 8GB DDR4
2025-01-21,2025-01-21 15:35:16.518,card,ANON-0000-0000-1116,261.14,Serviço de Montagem
2025-01-21,2025-01-21 18:32:32.699,card,ANON-0000-0000-1117,143.27,Serviço de Formatação
2025-01-21,2025-01-21 18:54:13.394,card,ANON-0000-0000-0333,121.4,Serviço de Limpeza
2025-01-21,2025-01-21 18:56:15.343,card,ANON-0000-0000-0333,120.85,Serviço de Limpeza
2025-01-21,2025-01-21 19:15:21.123,card,ANON-0000-0000-1110,248.87,Serviço de Montagem
2025-01-22,2025-01-22 11:24:45.856,card,ANON-0000-0000-1118,621.52,CPU i3-12100
2025-01-22,2025-01-22 17:32:06.547,card,ANON-0000-0000-0463,177.9,RAM 8GB DDR4
2025-01-22,2025-01-22 18:49:59.374,card,ANON-0000-0000-1119,289.02,RAM 16GB DDR4
2025-01-22,2025-01-22 19:10:26.039,card,ANON-0000-0000-1051,179.88,RAM 8GB DDR4
2025-01-22,2025-01-22 19:11:23.124,card,ANON-0000-0000-1051,1727.89,CPU i5-14600K
2025-01-22,2025-01-22 19:29:15.703,card,ANON-0000-0000-1120,123.24,Serviço de Limpeza
2025-01-22,2025-01-22 20:14:30.728,card,ANON-0000-0000-1121,181.29,RAM 8GB DDR4
2025-01-24,2025-01-24 13:42:16.996,card,ANON-0000-0000-1034,1731.17,CPU i5-14600K
2025-01-24,2025-01-24 13:43:37.585,card,ANON-0000-0000-1034,769.41,RAM 32GB DDR5
2025-01-24,2025-01-24 15:28:38.814,card,ANON-0000-0000-1122,311.9,RAM 16GB DDR4
2025-01-24,2025-01-24 17:41:49.306,card,ANON-0000-0000-1123,244.33,Serviço de Montagem
2025-01-24,2025-01-24 21:16:26.445,card,ANON-0000-0000-1045,301.9,RAM 16GB DDR4
2025-01-24,2025-01-24 22:31:55.575,card,ANON-0000-0000-1124,152.64,Serviço de Formatação
2025-01-24,2025-01-24 22:32:57.911,card,ANON-0000-0000-1124,114.7,Serviço de Limpeza
2025-01-25,2025-01-25 13:21:04.187,card,ANON-0000-0000-1114,1798.82,CPU i5-14600K
2025-01-25,2025-01-25 14:38:24.586,card,ANON-0000-0000-1125,1846.94,CPU i5-14600K
2025-01-25,2025-01-25 14:39:35.084,card,ANON-0000-0000-1126,243.54,Serviço de Montagem
2025-01-26,2025-01-26 12:35:22.994,card,ANON-0000-0000-1127,254.25,Serviço de Montagem
2025-01-26,2025-01-26 12:36:34.041,card,ANON-0000-0000-1127,589.09,CPU i3-12100
2025-01-27,2025-01-27 08:07:42.406,card,ANON-0000-0000-0141,731.24,RAM 32GB DDR5
2025-01-27,2025-01-27 08:32:43.550,card,ANON-0000-0000-0141,247.05,Serviço de Montagem
2025-01-27,2025-01-27 12:05:02.366,card,ANON-0000-0000-1128,1733.89,CPU i5-14600K
2025-01-27,2025-01-27 13:45:08.764,card,ANON-0000-0000-0276,186.55,RAM 8GB DDR4
2025-01-27,2025-01-27 15:27:54.111,card,ANON-0000-0000-0141,188.03,RAM 8GB DDR4
2025-01-27,2025-01-27 15:29:00.863,card,ANON-0000-0000-0141,776.0,RAM 32GB DDR5
2025-01-27,2025-01-27 15:30:12.668,card,ANON-0000-0000-0141,188.89,RAM 8GB DDR4
2025-01-27,2025-01-27 18:55:19.339,card,ANON-0000-0000-1129,119.66,Serviço de Limpeza
2025-01-27,2025-01-27 19:02:40.325,card,ANON-0000-0000-1130,118.71,Serviço de Limpeza
2025-01-27,2025-01-27 19:03:45.457,card,ANON-0000-0000-1131,121.3,Serviço de Limpeza
2025-01-28,2025-01-28 08:26:36.795,card,ANON-0000-0000-0197,117.52,Serviço de Limpeza
2025-01-28,2025-01-28 09:33:17.106,card,ANON-0000-0000-1132,250.66,Serviço de Montagem
2025-01-28,2025-01-28 11:56:26.851,card,ANON-0000-0000-0224,176.22,RAM 8GB DDR4
2025-01-28,2025-01-28 12:22:01.233,card,ANON-0000-0000-1133,240.98,Serviço de Montagem
2025-01-28,2025-01-28 16:19:07.605,card,ANON-0000-0000-1134,306.21,RAM 16GB DDR4
2025-01-28,2025-01-28 16:20:44.658,card,ANON-0000-0000-1134,787.4,RAM 32GB DDR5
2025-01-28,2025-01-28 17:40:00.932,card,ANON-0000-0000-1135,261.61,Serviço de Montagem
2025-01-28,2025-01-28 20:11:50.854,card,ANON-0000-0000-1136,121.79,Serviço de Limpeza
2025-01-28,2025-01-28 20:13:45.162,card,ANON-0000-0000-1137,1773.1,CPU i5-14600K
2025-01-29,2025-01-29 09:38:47.162,card,ANON-0000-0000-1069,241.02,Serviço de Montagem
2025-01-29,2025-01-29 16:25:36.760,card,ANON-0000-0000-1138,240.17,Serviço de Montagem
2025-01-29,2025-01-29 19:19:08.258,card,ANON-0000-0000-1139,174.3,RAM 8GB DDR4
2025-01-29,2025-01-29 19:20:34.695,card,ANON-0000-0000-1139,583.31,CPU i3-12100
2025-01-30,2025-01-30 09:18:05.538,card,ANON-0000-0000-0224,180.7,RAM 8GB DDR4
2025-01-30,2025-01-30 10:12:33.868,card,ANON-0000-0000-0276,175.65,RAM 8GB DDR4
2025-01-30,2025-01-30 11:26:29.175,card,ANON-0000-0000-0862,759.06,RAM 32GB DDR5
2025-01-30,2025-01-30 12:42:15.712,card,ANON-0000-0000-1140,150.44,Serviço de Formatação
2025-01-30,2025-01-30 13:02:00.748,card,ANON-0000-0000-1141,241.49,Serviço de Montagem
2025-01-30,2025-01-30 14:41:42.277,card,ANON-0000-0000-1142,183.18,RAM 8GB DDR4
2025-01-30,2025-01-30 17:18:48.404,card,ANON-0000-0000-1143,151.96,Serviço de Formatação
2025-01-30,2025-01-30 18:24:06.652,card,ANON-0000-0000-1069,187.02,RAM 8GB DDR4
2025-01-30,2025-01-30 18:41:49.658,card,ANON-0000-0000-1144,751.0,RAM 32GB DDR5
2025-01-31,2025-01-31 08:40:51.449,card,ANON-0000-0000-0141,243.67,Serviço de Montagem
2025-01-31,2025-01-31 08:41:44.730,card,ANON-0000-0000-0141,182.34,RAM 8GB DDR4
2025-01-31,2025-01-31 09:17:14.822,card,ANON-0000-0000-0304,179.18,RAM 8GB DDR4
2025-01-31,2025-01-31 09:20:10.981,card,ANON-0000-0000-1145,299.43,RAM 16GB DDR4
2025-01-31,2025-01-31 09:26:46.766,card,ANON-0000-0000-0333,1836.26,CPU i5-14600K
2025-01-31,2025-01-31 09:27:47.738,card,ANON-0000-0000-0333,1846.28,CPU i5-14600K
2025-01-31,2025-01-31 12:31:01.241,card,ANON-0000-0000-1133,122.67,Serviço de Limpeza
2025-01-31,2025-01-31 12:54:25.716,card,ANON-0000-0000-0507,121.65,Serviço de Limpeza
2025-01-31,2025-01-31 14:02:58.271,card,ANON-0000-0000-1146,1724.85,CPU i5-14600K
2025-01-31,2025-01-31 16:48:33.995,card,ANON-0000-0000-0304,182.55,RAM 8GB DDR4
2025-01-31,2025-01-31 22:35:58.843,card,ANON-0000-0000-1147,175.69,RAM 8GB DDR4
2025-01-31,2025-01-31 22:37:02.031,card,ANON-0000-0000-1148,254.12,Serviço de Montagem
2025-02-01,2025-02-01 08:50:23.610,card,ANON-0000-0000-0304,187.73,RAM 8GB DDR4
2025-02-01,2025-02-01 10:07:22.849,card,ANON-0000-0000-0224,177.04,RAM 8GB DDR4
2025-02-01,2025-02-01 13:14:46.639,card,ANON-0000-0000-0141,729.96,RAM 32GB DDR5
2025-02-01,2025-02-01 13:15:29.243,card,ANON-0000-0000-0141,751.65,RAM 32GB DDR5
2025-02-01,2025-02-01 14:35:18.871,card,ANON-0000-0000-1149,1886.35,CPU i5-14600K
2025-02-01,2025-02-01 14:36:16.610,card,ANON-0000-0000-1149,1768.28,CPU i5-14600K
2025-02-01,2025-02-01 15:49:58.951,card,ANON-0000-0000-1069,120.42,Serviço de Limpeza
2025-02-01,2025-02-01 18:57:14.364,card,ANON-0000-0000-1114,1872.36,CPU i5-14600K
2025-02-01,2025-02-01 19:53:15.503,card,ANON-0000-0000-0224,178.39,RAM 8GB DDR4
2025-02-01,2025-02-01 19:54:24.066,card,ANON-0000-0000-0224,183.85,RAM 8GB DDR4
2025-02-01,2025-02-01 21:37:01.776,card,ANON-0000-0000-0427,184.06,RAM 8GB DDR4
2025-02-02,2025-02-02 10:56:21.940,card,ANON-0000-0000-1132,1831.59,CPU i5-14600K
2025-02-02,2025-02-02 10:57:37.780,card,ANON-0000-0000-1132,1786.09,CPU i5-14600K
2025-02-02,2025-02-02 12:54:32.175,card,ANON-0000-0000-1150,119.4,Serviço de Limpeza
2025-02-02,2025-02-02 12:56:04.653,card,ANON-0000-0000-1151,119.56,Serviço de Limpeza
2025-02-02,2025-02-02 14:22:57.323,card,ANON-0000-0000-0265,182.64,RAM 8GB DDR4
2025-02-02,2025-02-02 16:45:07.918,card,ANON-0000-0000-0507,120.29,Serviço de Limpeza
2025-02-02,2025-02-02 16:46:57.223,card,ANON-0000-0000-1152,118.0,Serviço de Limpeza
2025-02-03,2025-02-03 07:03:24.790,card,ANON-0000-0000-1152,1819.32,CPU i5-14600K
2025-02-03,2025-02-03 07:04:56.569,card,ANON-0000-0000-1152,178.37,RAM 8GB DDR4
2025-02-03,2025-02-03 08:04:03.627,card,ANON-0000-0000-1152,581.64,CPU i3-12100
2025-02-03,2025-02-03 08:09:08.967,card,ANON-0000-0000-1153,183.8,RAM 8GB DDR4
2025-02-03,2025-02-03 10:15:38.570,card,ANON-0000-0000-1154,255.6,Serviço de Montagem
2025-02-03,2025-02-03 10:22:18.416,card,ANON-0000-0000-1155,1862.29,CPU i5-14600K
2025-02-03,2025-02-03 10:49:58.650,card,ANON-0000-0000-1156,182.5,RAM 8GB DDR4
2025-02-03,2025-02-03 13:25:02.069,card,ANON-0000-0000-1157,1716.32,CPU i5-14600K
2025-02-03,2025-02-03 13:32:53.672,card,ANON-0000-0000-1158,1712.35,CPU i5-14600K
2025-02-03,2025-02-03 13:51:03.281,card,ANON-0000-0000-1159,243.86,Serviço de Montagem
2025-02-03,2025-02-03 14:06:36.519,card,ANON-0000-0000-1160,251.68,Serviço de Montagem
2025-02-03,2025-02-03 14:47:02.198,card,ANON-0000-0000-0019,125.01,Serviço de Limpeza
2025-02-03,2025-02-03 14:50:20.575,card,ANON-0000-0000-0507,124.56,Serviço de Limpeza
2025-02-03,2025-02-03 15:01:44.613,card,ANON-0000-0000-1161,115.61,Serviço de Limpeza
2025-02-03,2025-02-03 15:41:27.205,card,ANON-0000-0000-1110,258.48,Serviço de Montagem
2025-02-03,2025-02-03 17:01:26.871,card,ANON-0000-0000-1160,299.19,RAM 16GB DDR4
2025-02-03,2025-02-03 17:09:55.135,card,ANON-0000-0000-1162,184.57,RAM 8GB DDR4
2025-02-03,2025-02-03 17:11:07.189,card,ANON-0000-0000-1163,180.81,RAM 8GB DDR4
2025-02-03,2025-02-03 17:12:05.215,card,ANON-0000-0000-1163,186.31,RAM 8GB DDR4
2025-02-03,2025-02-03 17:13:21.519,card,ANON-0000-0000-1164,153.45,Serviço de Formatação
2025-02-03,2025-02-03 17:14:18.374,card,ANON-0000-0000-1164,115.18,Serviço de Limpeza
2025-02-03,2025-02-03 17:15:40.901,card,ANON-0000-0000-1165,150.59,Serviço de Formatação
2025-02-03,2025-02-03 17:44:17.695,card,ANON-0000-0000-1166,173.1,RAM 8GB DDR4
2025-02-03,2025-02-03 18:09:00.486,card,ANON-0000-0000-1167,251.09,Serviço de Montagem
2025-02-03,2025-02-03 20:44:14.131,card,ANON-0000-0000-1168,313.38,RAM 16GB DDR4
2025-02-04,2025-02-04 10:04:56.809,card,ANON-0000-0000-1163,177.84,RAM 8GB DDR4
2025-02-04,2025-02-04 10:11:31.338,card,ANON-0000-0000-1110,247.24,Serviço de Montagem
2025-02-04,2025-02-04 12:35:58.283,card,ANON-0000-0000-1169,186.9,RAM 8GB DDR4
2025-02-04,2025-02-04 13:07:39.018,card,ANON-0000-0000-1160,769.89,RAM 32GB DDR5
2025-02-04,2025-02-04 14:15:14.010,card,ANON-0000-0000-1170,244.76,Serviço de Montagem
2025-02-04,2025-02-04 14:17:36.486,card,ANON-0000-0000-1163,176.07,RAM 8GB DDR4
2025-02-04,2025-02-04 14:19:48.544,card,ANON-0000-0000-1171,248.33,Serviço de Montagem
2025-02-04,2025-02-04 18:13:41.792,card,ANON-0000-0000-1157,181.62,RAM 8GB DDR4
2025-02-04,2025-02-04 19:05:21.915,card,ANON-0000-0000-1172,292.23,RAM 16GB DDR4
2025-02-04,2025-02-04 19:09:36.727,card,ANON-0000-0000-1173,299.51,RAM 16GB DDR4
2025-02-04,2025-02-04 19:10:27.574,card,ANON-0000-0000-1173,303.63,RAM 16GB DDR4
2025-02-04,2025-02-04 19:27:27.283,card,ANON-0000-0000-1174,723.75,RAM 32GB DDR5
2025-02-05,2025-02-05 08:42:10.512,card,ANON-0000-0000-1156,186.82,RAM 8GB DDR4
2025-02-05,2025-02-05 09:10:43.723,card,ANON-0000-0000-1163,181.86,RAM 8GB DDR4
2025-02-05,2025-02-05 11:49:35.788,card,ANON-0000-0000-1163,237.65,Serviço de Montagem
2025-02-05,2025-02-05 11:50:41.585,card,ANON-0000-0000-1163,257.46,Serviço de Montagem
2025-02-05,2025-02-05 11:51:45.385,card,ANON-0000-0000-1163,256.27,Serviço de Montagem
2025-02-05,2025-02-05 11:58:36.442,card,ANON-0000-0000-1163,185.3,RAM 8GB DDR4
2025-02-05,2025-02-05 12:10:46.876,card,ANON-0000-0000-1175,259.47,Serviço de Montagem
2025-02-05,2025-02-05 13:20:46.169,card,ANON-0000-0000-1176,248.83,Serviço de Montagem
2025-02-05,2025-02-05 13:43:42.825,card,ANON-0000-0000-1171,610.48,CPU i3-12100
2025-02-05,2025-02-05 13:44:29.310,card,ANON-0000-0000-1171,619.19,CPU i3-12100
2025-02-05,2025-02-05 14:57:52.705,card,ANON-0000-0000-1161,1811.18,CPU i5-14600K
2025-02-05,2025-02-05 15:50:58.774,card,ANON-0000-0000-1177,1719.82,CPU i5-14600K
2025-02-05,2025-02-05 16:34:20.397,card,ANON-0000-0000-1165,148.28,Serviço de Formatação
2025-02-05,2025-02-05 16:35:33.007,card,ANON-0000-0000-1164,123.2,Serviço de Limpeza
2025-02-05,2025-02-05 16:36:34.191,card,ANON-0000-0000-1164,118.21,Serviço de Limpeza
2025-02-05,2025-02-05 16:39:01.735,card,ANON-0000-0000-1152,285.1,RAM 16GB DDR4
2025-02-05,2025-02-05 16:41:09.994,card,ANON-0000-0000-1165,157.08,Serviço de Formatação
2025-02-05,2025-02-05 18:18:34.427,card,ANON-0000-0000-1178,1738.02,CPU i5-14600K
2025-02-05,2025-02-05 18:19:49.078,card,ANON-0000-0000-1179,1821.36,CPU i5-14600K
2025-02-05,2025-02-05 18:20:51.486,card,ANON-0000-0000-1180,295.32,RAM 16GB DDR4
2025-02-05,2025-02-05 18:25:29.322,card,ANON-0000-0000-1157,187.79,RAM 8GB DDR4
2025-02-05,2025-02-05 18:45:42.132,card,ANON-0000-0000-1181,1817.25,CPU i5-14600K
2025-02-05,2025-02-05 19:06:46.262,card,ANON-0000-0000-0507,151.34,Serviço de Formatação
2025-02-05,2025-02-05 20:03:20.629,card,ANON-0000-0000-1182,292.2,RAM 16GB DDR4
2025-02-06,2025-02-06 07:16:48.645,card,ANON-0000-0000-1163,183.52,RAM 8GB DDR4
2025-02-06,2025-02-06 13:59:21.456,card,ANON-0000-0000-1171,255.29,Serviço de Montagem
2025-02-06,2025-02-06 14:55:31.564,card,ANON-0000-0000-1162,181.54,RAM 8GB DDR4
2025-02-06,2025-02-06 14:59:22.422,card,ANON-0000-0000-1158,1735.56,CPU i5-14600K
2025-02-06,2025-02-06 16:14:49.801,card,ANON-0000-0000-1163,314.06,RAM 16GB DDR4
2025-02-06,2025-02-06 17:09:45.604,card,ANON-0000-0000-1170,292.48,RAM 16GB DDR4
2025-02-06,2025-02-06 17:54:25.041,card,ANON-0000-0000-1183,304.26,RAM 16GB DDR4
2025-02-06,2025-02-06 19:53:12.674,card,ANON-0000-0000-1158,1772.8,CPU i5-14600K
2025-02-06,2025-02-06 19:55:06.501,card,ANON-0000-0000-1184,591.16,CPU i3-12100
2025-02-06,2025-02-06 20:06:59.305,card,ANON-0000-0000-1185,299.57,RAM 16GB DDR4
2025-02-06,2025-02-06 20:07:47.105,card,ANON-0000-0000-1186,295.27,RAM 16GB DDR4
2025-02-06,2025-02-06 20:23:13.537,card,ANON-0000-0000-1163,119.67,Serviço de Limpeza
2025-02-07,2025-02-07 08:44:49.968,card,ANON-0000-0000-1152,171.36,RAM 8GB DDR4
2025-02-07,2025-02-07 09:07:04.654,card,ANON-0000-0000-1187,180.55,RAM 8GB DDR4
2025-02-07,2025-02-07 10:49:23.202,card,ANON-0000-0000-1188,256.84,Serviço de Montagem
2025-02-07,2025-02-07 12:09:38.592,card,ANON-0000-0000-1189,291.5,RAM 16GB DDR4
2025-02-07,2025-02-07 12:51:22.367,card,ANON-0000-0000-1163,176.35,RAM 8GB DDR4
2025-02-07,2025-02-07 12:58:51.777,card,ANON-0000-0000-1190,256.05,Serviço de Montagem
2025-02-07,2025-02-07 16:04:10.943,card,ANON-0000-0000-1170,749.12,RAM 32GB DDR5
2025-02-07,2025-02-07 16:22:13.091,card,ANON-0000-0000-1191,121.25,Serviço de Limpeza
2025-02-07,2025-02-07 16:23:14.076,card,ANON-0000-0000-1165,151.52,Serviço de Formatação
2025-02-07,2025-02-07 16:24:35.194,card,ANON-0000-0000-1165,120.67,Serviço de Limpeza
2025-02-07,2025-02-07 18:42:36.741,card,ANON-0000-0000-1178,291.66,RAM 16GB DDR4
2025-02-07,2025-02-07 18:43:36.084,card,ANON-0000-0000-1179,290.81,RAM 16GB DDR4
2025-02-07,2025-02-07 18:44:30.842,card,ANON-0000-0000-1192,756.69,RAM 32GB DDR5
2025-02-07,2025-02-07 18:45:23.077,card,ANON-0000-0000-1192,311.36,RAM 16GB DDR4
2025-02-07,2025-02-07 20:10:59.413,card,ANON-0000-0000-1193,292.36,RAM 16GB DDR4
2025-02-07,2025-02-07 20:30:56.938,card,ANON-0000-0000-1161,747.34,RAM 32GB DDR5
2025-02-08,2025-02-08 09:01:42.933,card,ANON-0000-0000-1163,251.66,Serviço de Montagem
2025-02-08,2025-02-08 10:56:17.090,card,ANON-0000-0000-1153,174.38,RAM 8GB DDR4
2025-02-08,2025-02-08 11:02:41.385,card,ANON-0000-0000-1194,726.6,RAM 32GB DDR5
2025-02-08,2025-02-08 11:39:33.882,card,ANON-0000-0000-1195,241.99,Serviço de Montagem
2025-02-08,2025-02-08 12:46:12.840,card,ANON-0000-0000-1167,247.85,Serviço de Montagem
2025-02-08,2025-02-08 13:26:47.588,card,ANON-0000-0000-1170,243.0,Serviço de Montagem
2025-02-08,2025-02-08 15:07:04.164,card,ANON-0000-0000-1110,238.01,Serviço de Montagem
2025-02-08,2025-02-08 15:08:09.210,card,ANON-0000-0000-1110,257.43,Serviço de Montagem
2025-02-09,2025-02-09 08:49:24.111,card,ANON-0000-0000-1161,308.03,RAM 16GB DDR4
2025-02-09,2025-02-09 10:31:09.185,card,ANON-0000-0000-1157,173.67,RAM 8GB DDR4
2025-02-09,2025-02-09 10:51:28.019,card,ANON-0000-0000-1163,247.91,Serviço de Montagem
2025-02-09,2025-02-09 12:05:05.007,card,ANON-0000-0000-1196,121.12,Serviço de Limpeza
2025-02-09,2025-02-09 15:13:09.171,card,ANON-0000-0000-1189,292.12,RAM 16GB DDR4
2025-02-09,2025-02-09 15:14:02.345,card,ANON-0000-0000-1189,125.56,Serviço de Limpeza
2025-02-09,2025-02-09 15:15:57.899,card,ANON-0000-0000-1178,152.6,Serviço de Formatação
2025-02-09,2025-02-09 15:16:52.224,card,ANON-0000-0000-1179,311.33,RAM 16GB DDR4
2025-02-09,2025-02-09 16:20:18.825,card,ANON-0000-0000-1161,739.83,RAM 32GB DDR5
2025-02-10,2025-02-10 07:01:46.579,card,ANON-0000-0000-1152,248.69,Serviço de Montagem
2025-02-10,2025-02-10 08:16:32.125,card,ANON-0000-0000-1110,245.81,Serviço de Montagem
2025-02-10,2025-02-10 08:24:56.389,card,ANON-0000-0000-1152,258.39,Serviço de Montagem
2025-02-10,2025-02-10 11:11:43.020,card,ANON-0000-0000-1153,181.47,RAM 8GB DDR4
2025-02-10,2025-02-10 13:08:50.162,card,ANON-0000-0000-1167,250.3,Serviço de Montagem
2025-02-10,2025-02-10 13:11:05.976,card,ANON-0000-0000-1168,285.06,RAM 16GB DDR4
2025-02-10,2025-02-10 13:26:54.671,card,ANON-0000-0000-1197,184.22,RAM 8GB DDR4
2025-02-10,2025-02-10 13:40:13.329,card,ANON-0000-0000-1198,242.57,Serviço de Montagem
2025-02-10,2025-02-10 14:01:52.039,card,ANON-0000-0000-1199,114.98,Serviço de Limpeza
2025-02-10,2025-02-10 14:07:41.358,card,ANON-0000-0000-1163,251.65,Serviço de Montagem
2025-02-10,2025-02-10 14:11:46.466,card,ANON-0000-0000-1163,303.52,RAM 16GB DDR4
2025-02-10,2025-02-10 14:15:44.582,card,ANON-0000-0000-1163,314.67,RAM 16GB DDR4
2025-02-10,2025-02-10 15:01:54.950,card,ANON-0000-0000-1200,1835.69,CPU i5-14600K
2025-02-10,2025-02-10 15:14:01.175,card,ANON-0000-0000-1166,181.96,RAM 8GB DDR4
2025-02-10,2025-02-10 15:46:02.637,card,ANON-0000-0000-1191,117.43,Serviço de Limpeza
2025-02-10,2025-02-10 15:47:44.088,card,ANON-0000-0000-1165,154.22,Serviço de Formatação
2025-02-10,2025-02-10 16:20:55.047,card,ANON-0000-0000-1170,301.03,RAM 16GB DDR4
2025-02-10,2025-02-10 17:12:02.356,card,ANON-0000-0000-0878,246.73,Serviço de Montagem
2025-02-10,2025-02-10 18:27:14.597,card,ANON-0000-0000-1157,182.62,RAM 8GB DDR4
2025-02-10,2025-02-10 19:14:01.461,card,ANON-0000-0000-1178,125.42,Serviço de Limpeza
2025-02-10,2025-02-10 19:14:53.526,card,ANON-0000-0000-1201,114.87,Serviço de Limpeza
2025-02-11,2025-02-11 10:38:26.035,card,ANON-0000-0000-1163,239.29,Serviço de Montagem
2025-02-11,2025-02-11 11:19:15.478,card,ANON-0000-0000-1176,254.94,Serviço de Montagem
2025-02-11,2025-02-11 11:20:12.152,card,ANON-0000-0000-1166,184.46,RAM 8GB DDR4
2025-02-11,2025-02-11 11:21:08.002,card,ANON-0000-0000-1189,291.2,RAM 16GB DDR4
2025-02-11,2025-02-11 15:56:49.868,card,ANON-0000-0000-1156,147.8,Serviço de Formatação
2025-02-11,2025-02-11 16:09:08.439,card,ANON-0000-0000-1194,178.4,RAM 8GB DDR4
2025-02-11,2025-02-11 16:49:40.995,card,ANON-0000-0000-1202,585.39,CPU i3-12100
2025-02-11,2025-02-11 17:35:34.920,card,ANON-0000-0000-1163,114.19,Serviço de Limpeza
2025-02-11,2025-02-11 17:36:42.232,card,ANON-0000-0000-1163,171.54,RAM 8GB DDR4
2025-02-11,2025-02-11 17:44:12.594,card,ANON-0000-0000-1203,171.78,RAM 8GB DDR4
2025-02-11,2025-02-11 17:50:40.426,card,ANON-0000-0000-1110,256.25,Serviço de Montagem
2025-02-11,2025-02-11 17:54:37.833,card,ANON-0000-0000-1203,187.09,RAM 8GB DDR4
2025-02-11,2025-02-11 19:04:11.037,card,ANON-0000-0000-1204,125.39,Serviço de Limpeza
2025-02-11,2025-02-11 19:05:03.830,card,ANON-0000-0000-1204,307.03,RAM 16GB DDR4
2025-02-12,2025-02-12 07:16:57.164,card,ANON-0000-0000-1200,1774.74,CPU i5-14600K
2025-02-12,2025-02-12 07:35:37.551,card,ANON-0000-0000-1163,241.88,Serviço de Montagem
2025-02-12,2025-02-12 08:54:35.758,card,ANON-0000-0000-1163,287.17,RAM 16GB DDR4
2025-02-12,2025-02-12 09:19:45.900,card,ANON-0000-0000-1153,185.97,RAM 8GB DDR4
2025-02-12,2025-02-12 10:43:13.475,card,ANON-0000-0000-1188,261.65,Serviço de Montagem
2025-02-12,2025-02-12 12:43:29.084,card,ANON-0000-0000-1205,245.9,Serviço de Montagem
2025-02-12,2025-02-12 13:08:09.325,card,ANON-0000-0000-1206,261.14,Serviço de Montagem
2025-02-12,2025-02-12 13:41:39.723,card,ANON-0000-0000-1160,143.0,Serviço de Formatação
2025-02-12,2025-02-12 15:41:24.777,card,ANON-0000-0000-1164,151.96,Serviço de Formatação
2025-02-12,2025-02-12 15:42:16.575,card,ANON-0000-0000-1191,115.18,Serviço de Limpeza
2025-02-12,2025-02-12 15:43:34.522,card,ANON-0000-0000-1165,147.69,Serviço de Formatação
2025-02-12,2025-02-12 16:12:58.376,card,ANON-0000-0000-1160,239.09,Serviço de Montagem
2025-02-12,2025-02-12 16:26:08.533,card,ANON-0000-0000-1160,250.07,Serviço de Montagem
2025-02-12,2025-02-12 17:05:31.989,card,ANON-0000-0000-1200,1852.39,CPU i5-14600K
2025-02-12,2025-02-12 17:42:51.484,card,ANON-0000-0000-1110,247.03,Serviço de Montagem
2025-02-12,2025-02-12 20:05:40.740,card,ANON-0000-0000-0507,123.04,Serviço de Limpeza
2025-02-12,2025-02-12 20:23:13.374,card,ANON-0000-0000-1178,303.2,RAM 16GB DDR4
2025-02-12,2025-02-12 21:17:04.272,card,ANON-0000-0000-1158,1726.39,CPU i5-14600K
2025-02-13,2025-02-13 07:38:47.907,card,ANON-0000-0000-1153,175.78,RAM 8GB DDR4
2025-02-13,2025-02-13 08:45:57.062,card,ANON-0000-0000-1152,246.9,Serviço de Montagem
2025-02-13,2025-02-13 09:17:21.021,card,ANON-0000-0000-1207,609.95,CPU i3-12100
2025-02-13,2025-02-13 09:36:05.130,card,ANON-0000-0000-1168,287.04,RAM 16GB DDR4
2025-02-13,2025-02-13 10:29:32.655,card,ANON-0000-0000-1156,183.47,RAM 8GB DDR4
2025-02-13,2025-02-13 10:59:27.048,card,ANON-0000-0000-1157,181.78,RAM 8GB DDR4
2025-02-13,2025-02-13 16:30:39.247,card,ANON-0000-0000-1163,237.66,Serviço de Montagem
2025-02-13,2025-02-13 16:31:33.722,card,ANON-0000-0000-1163,255.48,Serviço de Montagem
2025-02-13,2025-02-13 17:16:11.630,card,ANON-0000-0000-1178,187.95,RAM 8GB DDR4
2025-02-13,2025-02-13 17:17:20.197,card,ANON-0000-0000-1179,188.36,RAM 8GB DDR4
2025-02-13,2025-02-13 18:01:35.454,card,ANON-0000-0000-1208,116.65,Serviço de Limpeza
2025-02-13,2025-02-13 18:15:08.550,card,ANON-0000-0000-0046,1831.29,CPU i5-14600K
2025-02-13,2025-02-13 19:06:30.373,card,ANON-0000-0000-1209,114.64,Serviço de Limpeza
2025-02-14,2025-02-14 11:38:55.705,card,ANON-0000-0000-1163,255.46,Serviço de Montagem
2025-02-14,2025-02-14 14:07:09.333,card,ANON-0000-0000-1210,150.44,Serviço de Formatação
2025-02-14,2025-02-14 14:45:59.806,card,ANON-0000-0000-1198,246.0,Serviço de Montagem
2025-02-14,2025-02-14 14:46:45.108,card,ANON-0000-0000-1198,621.98,CPU i3-12100
2025-02-14,2025-02-14 14:58:12.247,card,ANON-0000-0000-1211,175.56,RAM 8GB DDR4
2025-02-14,2025-02-14 15:00:16.743,card,ANON-0000-0000-1200,1727.21,CPU i5-14600K
2025-02-14,2025-02-14 15:36:40.857,card,ANON-0000-0000-0507,1846.82,CPU i5-14600K
2025-02-14,2025-02-14 15:38:47.478,card,ANON-0000-0000-0507,123.78,Serviço de Limpeza
2025-02-14,2025-02-14 15:53:56.467,card,ANON-0000-0000-1212,145.38,Serviço de Formatação
2025-02-14,2025-02-14 15:54:57.220,card,ANON-0000-0000-1212,1753.3,CPU i5-14600K
2025-02-14,2025-02-14 17:03:16.068,card,ANON-0000-0000-1160,261.02,Serviço de Montagem
2025-02-14,2025-02-14 17:04:29.509,card,ANON-0000-0000-1160,313.71,RAM 16GB DDR4
2025-02-14,2025-02-14 17:09:07.646,card,ANON-0000-0000-1202,624.56,CPU i3-12100
2025-02-14,2025-02-14 17:25:24.871,card,ANON-0000-0000-1213,182.56,RAM 8GB DDR4
2025-02-14,2025-02-14 21:18:29.956,card,ANON-0000-0000-1214,254.35,Serviço de Montagem
2025-02-15,2025-02-15 09:22:51.930,card,ANON-0000-0000-1200,1747.45,CPU i5-14600K
2025-02-15,2025-02-15 12:41:53.830,card,ANON-0000-0000-1163,1870.07,CPU i5-14600K
2025-02-15,2025-02-15 12:44:26.571,card,ANON-0000-0000-1163,251.41,Serviço de Montagem
2025-02-15,2025-02-15 13:02:19.867,card,ANON-0000-0000-0878,178.1,RAM 8GB DDR4
2025-02-15,2025-02-15 13:32:05.734,card,ANON-0000-0000-1200,184.34,RAM 8GB DDR4
2025-02-15,2025-02-15 14:01:51.228,card,ANON-0000-0000-1184,1845.52,CPU i5-14600K
2025-02-15,2025-02-15 14:11:53.922,card,ANON-0000-0000-1215,248.86,Serviço de Montagem
2025-02-15,2025-02-15 15:40:07.667,card,ANON-0000-0000-1201,143.58,Serviço de Formatação
2025-02-15,2025-02-15 15:40:59.443,card,ANON-0000-0000-1179,148.69,Serviço de Formatação
2025-02-16,2025-02-16 10:46:43.223,card,ANON-0000-0000-1216,249.69,Serviço de Montagem
2025-02-16,2025-02-16 10:50:00.616,card,ANON-0000-0000-1169,247.81,Serviço de Montagem
2025-02-16,2025-02-16 10:51:03.967,card,ANON-0000-0000-1169,186.81,RAM 8GB DDR4
2025-02-16,2025-02-16 11:04:47.894,card,ANON-0000-0000-1156,150.83,Serviço de Formatação
2025-02-16,2025-02-16 11:32:29.055,card,ANON-0000-0000-1160,245.16,Serviço de Montagem
2025-02-16,2025-02-16 14:15:37.049,card,ANON-0000-0000-1196,143.79,Serviço de Formatação
2025-02-16,2025-02-16 14:16:41.124,card,ANON-0000-0000-1196,124.93,Serviço de Limpeza
2025-02-16,2025-02-16 17:12:27.402,card,ANON-0000-0000-1163,148.11,Serviço de Formatação
2025-02-16,2025-02-16 17:13:32.973,card,ANON-0000-0000-1163,175.4,RAM 8GB DDR4
2025-02-16,2025-02-16 17:44:32.781,card,ANON-0000-0000-1217,187.16,RAM 8GB DDR4
2025-02-17,2025-02-17 06:50:04.455,card,ANON-0000-0000-1200,1843.87,CPU i5-14600K
2025-02-17,2025-02-17 08:53:13.808,card,ANON-0000-0000-1163,250.01,Serviço de Montagem
2025-02-17,2025-02-17 09:00:55.147,card,ANON-0000-0000-1160,252.15,Serviço de Montagem
2025-02-17,2025-02-17 09:28:06.582,card,ANON-0000-0000-1218,180.56,RAM 8GB DDR4
2025-02-17,2025-02-17 09:56:59.212,card,ANON-0000-0000-1210,144.47,Serviço de Formatação
2025-02-17,2025-02-17 10:20:12.065,card,ANON-0000-0000-1219,171.23,RAM 8GB DDR4
2025-02-17,2025-02-17 10:44:48.005,card,ANON-0000-0000-1160,242.7,Serviço de Montagem
2025-02-17,2025-02-17 11:53:58.611,card,ANON-0000-0000-1203,181.7,RAM 8GB DDR4
2025-02-17,2025-02-17 11:55:02.203,card,ANON-0000-0000-1202,617.17,CPU i3-12100
2025-02-17,2025-02-17 12:48:58.321,card,ANON-0000-0000-1220,1773.7,CPU i5-14600K
2025-02-17,2025-02-17 14:23:01.905,card,ANON-0000-0000-1221,125.79,Serviço de Limpeza
2025-02-17,2025-02-17 15:05:41.697,card,ANON-0000-0000-1194,185.12,RAM 8GB DDR4
2025-02-17,2025-02-17 15:33:19.567,card,ANON-0000-0000-1191,123.55,Serviço de Limpeza
2025-02-17,2025-02-17 16:19:06.398,card,ANON-0000-0000-1218,575.06,CPU i3-12100
2025-02-17,2025-02-17 16:22:42.001,card,ANON-0000-0000-1170,256.73,Serviço de Montagem
2025-02-17,2025-02-17 17:31:14.111,card,ANON-0000-0000-1222,171.73,RAM 8GB DDR4
2025-02-17,2025-02-17 18:23:52.638,card,ANON-0000-0000-1206,244.23,Serviço de Montagem
2025-02-17,2025-02-17 19:13:51.838,card,ANON-0000-0000-1223,257.29,Serviço de Montagem
2025-02-17,2025-02-17 19:15:00.877,card,ANON-0000-0000-1223,254.86,Serviço de Montagem
2025-02-17,2025-02-17 20:18:17.498,card,ANON-0000-0000-1192,116.24,Serviço de Limpeza
2025-02-18,2025-02-18 08:53:08.743,card,ANON-0000-0000-1163,256.57,Serviço de Montagem
2025-02-18,2025-02-18 08:54:14.493,card,ANON-0000-0000-1163,245.26,Serviço de Montagem
2025-02-18,2025-02-18 11:07:35.321,card,ANON-0000-0000-1110,237.89,Serviço de Montagem
2025-02-18,2025-02-18 11:30:06.156,card,ANON-0000-0000-1198,240.9,Serviço de Montagem
2025-02-18,2025-02-18 11:38:23.547,card,ANON-0000-0000-1203,186.77,RAM 8GB DDR4
2025-02-18,2025-02-18 12:15:26.575,card,ANON-0000-0000-1218,179.8,RAM 8GB DDR4
2025-02-18,2025-02-18 13:04:27.249,card,ANON-0000-0000-1224,299.59,RAM 16GB DDR4
2025-02-18,2025-02-18 13:25:45.108,card,ANON-0000-0000-1215,252.49,Serviço de Montagem
2025-02-18,2025-02-18 13:27:05.310,card,ANON-0000-0000-1222,180.93,RAM 8GB DDR4
2025-02-18,2025-02-18 17:05:28.048,card,ANON-0000-0000-1210,152.99,Serviço de Formatação
2025-02-18,2025-02-18 17:08:19.308,card,ANON-0000-0000-1225,185.99,RAM 8GB DDR4
2025-02-18,2025-02-18 17:09:17.261,card,ANON-0000-0000-1225,576.99,CPU i3-12100
2025-02-18,2025-02-18 17:10:22.869,card,ANON-0000-0000-1225,305.89,RAM 16GB DDR4
2025-02-18,2025-02-18 17:11:35.709,card,ANON-0000-0000-1225,295.69,RAM 16GB DDR4
2025-02-18,2025-02-18 19:36:27.317,card,ANON-0000-0000-1226,302.74,RAM 16GB DDR4
2025-02-18,2025-02-18 20:06:56.196,card,ANON-0000-0000-1185,297.42,RAM 16GB DDR4
2025-02-18,2025-02-18 20:58:12.599,card,ANON-0000-0000-1212,145.94,Serviço de Formatação
2025-02-18,2025-02-18 21:01:59.629,card,ANON-0000-0000-1222,186.51,RAM 8GB DDR4
2025-02-19,2025-02-19 08:08:52.951,card,ANON-0000-0000-1161,1711.42,CPU i5-14600K
2025-02-19,2025-02-19 08:09:54.081,card,ANON-0000-0000-1152,261.67,Serviço de Montagem
2025-02-19,2025-02-19 08:47:32.785,card,ANON-0000-0000-1170,245.6,Serviço de Montagem
2025-02-19,2025-02-19 09:24:31.977,card,ANON-0000-0000-1220,1886.04,CPU i5-14600K
2025-02-19,2025-02-19 10:09:51.001,card,ANON-0000-0000-1167,242.21,Serviço de Montagem
2025-02-19,2025-02-19 10:19:01.276,card,ANON-0000-0000-1227,144.93,Serviço de Formatação
2025-02-19,2025-02-19 10:40:51.590,card,ANON-0000-0000-1207,188.92,RAM 8GB DDR4
2025-02-19,2025-02-19 12:45:06.072,card,ANON-0000-0000-1198,241.4,Serviço de Montagem
2025-02-19,2025-02-19 12:46:03.964,card,ANON-0000-0000-1168,294.03,RAM 16GB DDR4
2025-02-19,2025-02-19 13:06:54.382,card,ANON-0000-0000-1171,242.95,Serviço de Montagem
2025-02-19,2025-02-19 15:50:42.815,card,ANON-0000-0000-1158,1807.67,CPU i5-14600K
2025-02-19,2025-02-19 17:04:00.258,card,ANON-0000-0000-1110,245.6,Serviço de Montagem
2025-02-19,2025-02-19 17:34:49.096,card,ANON-0000-0000-1158,1823.37,CPU i5-14600K
2025-02-19,2025-02-19 17:57:52.035,card,ANON-0000-0000-1217,174.82,RAM 8GB DDR4
2025-02-19,2025-02-19 18:35:38.827,card,ANON-0000-0000-1228,1834.73,CPU i5-14600K
2025-02-19,2025-02-19 19:01:33.088,card,ANON-0000-0000-1229,115.03,Serviço de Limpeza
2025-02-19,2025-02-19 19:11:49.990,card,ANON-0000-0000-1179,303.32,RAM 16GB DDR4
2025-02-19,2025-02-19 19:12:42.778,card,ANON-0000-0000-1179,155.16,Serviço de Formatação
2025-02-19,2025-02-19 19:26:22.966,card,ANON-0000-0000-1191,121.47,Serviço de Limpeza
2025-02-19,2025-02-19 20:05:28.372,card,ANON-0000-0000-1182,306.49,RAM 16GB DDR4
2025-02-20,2025-02-20 07:56:24.575,card,ANON-0000-0000-1161,1879.99,CPU i5-14600K
2025-02-20,2025-02-20 09:17:53.311,card,ANON-0000-0000-1167,253.78,Serviço de Montagem
2025-02-20,2025-02-20 10:16:40.424,card,ANON-0000-0000-1163,1780.92,CPU i5-14600K
2025-02-20,2025-02-20 10:17:38.671,card,ANON-0000-0000-1163,241.49,Serviço de Montagem
2025-02-20,2025-02-20 10:20:24.946,card,ANON-0000-0000-1167,243.58,Serviço de Montagem
2025-02-20,2025-02-20 10:24:23.547,card,ANON-0000-0000-1198,243.34,Serviço de Montagem
2025-02-20,2025-02-20 13:02:19.848,card,ANON-0000-0000-1203,171.77,RAM 8GB DDR4
2025-02-20,2025-02-20 14:20:33.099,card,ANON-0000-0000-1196,119.58,Serviço de Limpeza
2025-02-20,2025-02-20 14:37:59.781,card,ANON-0000-0000-1163,240.85,Serviço de Montagem
2025-02-20,2025-02-20 14:38:49.319,card,ANON-0000-0000-1163,240.92,Serviço de Montagem
2025-02-20,2025-02-20 15:19:45.555,card,ANON-0000-0000-1230,626.56,CPU i3-12100
2025-02-20,2025-02-20 16:05:49.514,card,ANON-0000-0000-1156,1859.87,CPU i5-14600K
2025-02-20,2025-02-20 16:59:06.628,card,ANON-0000-0000-1231,1741.37,CPU i5-14600K
2025-02-20,2025-02-20 17:00:36.942,card,ANON-0000-0000-1231,155.62,Serviço de Formatação
2025-02-20,2025-02-20 17:07:27.986,card,ANON-0000-0000-1163,259.72,Serviço de Montagem
2025-02-20,2025-02-20 18:57:34.629,card,ANON-0000-0000-1232,238.51,Serviço de Montagem
2025-02-20,2025-02-20 19:01:51.276,card,ANON-0000-0000-1233,153.65,Serviço de Formatação
2025-02-20,2025-02-20 19:07:25.568,card,ANON-0000-0000-1234,285.62,RAM 16GB DDR4
2025-02-20,2025-02-20 20:07:03.598,card,ANON-0000-0000-1169,114.43,Serviço de Limpeza
2025-02-21,2025-02-21 06:59:08.408,card,ANON-0000-0000-1163,247.23,Serviço de Montagem
2025-02-21,2025-02-21 09:41:29.609,card,ANON-0000-0000-1235,120.26,Serviço de Limpeza
2025-02-21,2025-02-21 09:49:20.918,card,ANON-0000-0000-1236,1843.76,CPU i5-14600K
2025-02-21,2025-02-21 09:51:12.605,card,ANON-0000-0000-1237,603.67,CPU i3-12100
2025-02-21,2025-02-21 10:18:10.978,card,ANON-0000-0000-1232,253.62,Serviço de Montagem
2025-02-21,2025-02-21 11:10:07.529,card,ANON-0000-0000-1163,184.29,RAM 8GB DDR4
2025-02-21,2025-02-21 12:04:49.232,card,ANON-0000-0000-1110,243.38,Serviço de Montagem
2025-02-21,2025-02-21 12:07:42.766,card,ANON-0000-0000-1238,248.44,Serviço de Montagem
2025-02-21,2025-02-21 12:56:17.998,card,ANON-0000-0000-1198,245.89,Serviço de Montagem
2025-02-21,2025-02-21 12:57:02.860,card,ANON-0000-0000-1167,250.38,Serviço de Montagem
2025-02-21,2025-02-21 13:06:42.927,card,ANON-0000-0000-1203,253.39,Serviço de Montagem
2025-02-21,2025-02-21 14:17:54.803,card,ANON-0000-0000-1203,243.1,Serviço de Montagem
2025-02-21,2025-02-21 15:18:31.267,card,ANON-0000-0000-1161,1773.1,CPU i5-14600K
2025-02-21,2025-02-21 15:45:54.235,card,ANON-0000-0000-1163,249.59,Serviço de Montagem
2025-02-21,2025-02-21 15:46:48.335,card,ANON-0000-0000-1163,242.19,Serviço de Montagem
2025-02-21,2025-02-21 15:52:48.020,card,ANON-0000-0000-1203,254.82,Serviço de Montagem
2025-02-21,2025-02-21 16:10:06.125,card,ANON-0000-0000-1239,313.35,RAM 16GB DDR4
2025-02-21,2025-02-21 16:46:58.673,card,ANON-0000-0000-1191,119.18,Serviço de Limpeza
2025-02-21,2025-02-21 16:48:58.515,card,ANON-0000-0000-1165,155.95,Serviço de Formatação
2025-02-21,2025-02-21 16:50:13.417,card,ANON-0000-0000-1165,114.66,Serviço de Limpeza
2025-02-21,2025-02-21 19:08:18.825,card,ANON-0000-0000-1178,299.23,RAM 16GB DDR4
2025-02-21,2025-02-21 19:09:09.551,card,ANON-0000-0000-1178,291.0,RAM 16GB DDR4
2025-02-21,2025-02-21 19:59:24.115,card,ANON-0000-0000-1184,1802.65,CPU i5-14600K
2025-02-22,2025-02-22 10:52:18.682,card,ANON-0000-0000-1240,147.4,Serviço de Formatação
2025-02-22,2025-02-22 11:28:30.453,card,ANON-0000-0000-1241,259.68,Serviço de Montagem
2025-02-22,2025-02-22 11:41:12.848,card,ANON-0000-0000-1190,257.34,Serviço de Montagem
2025-02-22,2025-02-22 12:59:41.853,card,ANON-0000-0000-0095,606.75,CPU i3-12100
2025-02-22,2025-02-22 15:03:03.270,card,ANON-0000-0000-1162,178.33,RAM 8GB DDR4
2025-02-23,2025-02-23 10:33:11.517,card,ANON-0000-0000-1156,182.51,RAM 8GB DDR4
2025-02-23,2025-02-23 12:52:26.405,card,ANON-0000-0000-1163,184.45,RAM 8GB DDR4
2025-02-23,2025-02-23 12:54:06.170,card,ANON-0000-0000-1163,187.54,RAM 8GB DDR4
2025-02-23,2025-02-23 13:50:21.627,card,ANON-0000-0000-1242,1782.14,CPU i5-14600K
2025-02-23,2025-02-23 14:02:03.441,card,ANON-0000-0000-1156,292.19,RAM 16GB DDR4
2025-02-23,2025-02-23 17:27:44.922,card,ANON-0000-0000-1243,246.58,Serviço de Montagem
2025-02-24,2025-02-24 09:14:53.565,card,ANON-0000-0000-1220,179.11,RAM 8GB DDR4
2025-02-24,2025-02-24 09:45:10.699,card,ANON-0000-0000-1244,119.06,Serviço de Limpeza
2025-02-24,2025-02-24 10:02:48.501,card,ANON-0000-0000-1163,254.93,Serviço de Montagem
2025-02-24,2025-02-24 10:09:12.494,card,ANON-0000-0000-1245,187.82,RAM 8GB DDR4
2025-02-24,2025-02-24 10:10:21.726,card,ANON-0000-0000-1245,182.89,RAM 8GB DDR4
2025-02-24,2025-02-24 10:47:47.680,card,ANON-0000-0000-1244,303.12,RAM 16GB DDR4
2025-02-24,2025-02-24 12:58:41.309,card,ANON-0000-0000-1191,115.48,Serviço de Limpeza
2025-02-24,2025-02-24 13:00:01.278,card,ANON-0000-0000-1191,285.83,RAM 16GB DDR4
2025-02-24,2025-02-24 15:40:01.820,card,ANON-0000-0000-1163,183.05,RAM 8GB DDR4
2025-02-24,2025-02-24 16:00:06.327,card,ANON-0000-0000-1246,309.15,RAM 16GB DDR4
2025-02-24,2025-02-24 16:10:23.971,card,ANON-0000-0000-1184,1769.37,CPU i5-14600K
2025-02-24,2025-02-24 16:28:52.132,card,ANON-0000-0000-1177,116.22,Serviço de Limpeza
2025-02-24,2025-02-24 16:59:38.528,card,ANON-0000-0000-1170,254.82,Serviço de Montagem
2025-02-24,2025-02-24 17:00:44.935,card,ANON-0000-0000-1170,247.48,Serviço de Montagem
2025-02-24,2025-02-24 17:37:38.947,card,ANON-0000-0000-1222,172.43,RAM 8GB DDR4
2025-02-24,2025-02-24 18:07:01.699,card,ANON-0000-0000-1162,187.59,RAM 8GB DDR4
2025-02-24,2025-02-24 18:21:57.165,card,ANON-0000-0000-1191,123.53,Serviço de Limpeza
2025-02-24,2025-02-24 19:04:34.437,card,ANON-0000-0000-0878,177.59,RAM 8GB DDR4
2025-02-24,2025-02-24 19:24:10.809,card,ANON-0000-0000-1179,155.85,Serviço de Formatação
2025-02-24,2025-02-24 19:24:54.411,card,ANON-0000-0000-1247,125.79,Serviço de Limpeza
2025-02-24,2025-02-24 19:26:14.767,card,ANON-0000-0000-1179,285.87,RAM 16GB DDR4
2025-02-24,2025-02-24 20:14:51.303,card,ANON-0000-0000-1156,296.39,RAM 16GB DDR4
2025-02-25,2025-02-25 08:00:39.257,card,ANON-0000-0000-1153,187.96,RAM 8GB DDR4
2025-02-25,2025-02-25 08:49:21.068,card,ANON-0000-0000-1152,251.72,Serviço de Montagem
2025-02-25,2025-02-25 08:50:14.259,card,ANON-0000-0000-1152,176.61,RAM 8GB DDR4
2025-02-25,2025-02-25 10:02:44.852,card,ANON-0000-0000-1237,598.41,CPU i3-12100
2025-02-25,2025-02-25 11:03:33.850,card,ANON-0000-0000-1170,253.78,Serviço de Montagem
2025-02-25,2025-02-25 11:04:26.917,card,ANON-0000-0000-1152,247.8,Serviço de Montagem
2025-02-25,2025-02-25 12:20:41.507,card,ANON-0000-0000-1184,1889.62,CPU i5-14600K
2025-02-25,2025-02-25 14:14:18.541,card,ANON-0000-0000-1161,1730.25,CPU i5-14600K
2025-02-25,2025-02-25 16:49:37.395,card,ANON-0000-0000-0019,255.3,Serviço de Montagem
2025-02-25,2025-02-25 16:50:35.811,card,ANON-0000-0000-0019,261.3,Serviço de Montagem
2025-02-25,2025-02-25 18:19:09.057,card,ANON-0000-0000-1234,306.56,RAM 16GB DDR4
2025-02-25,2025-02-25 19:32:40.434,card,ANON-0000-0000-1152,1736.46,CPU i5-14600K
2025-02-26,2025-02-26 08:57:37.237,card,ANON-0000-0000-1170,259.72,Serviço de Montagem
2025-02-26,2025-02-26 10:11:27.140,card,ANON-0000-0000-1248,176.6,RAM 8GB DDR4
2025-02-26,2025-02-26 10:12:25.513,card,ANON-0000-0000-1248,180.88,RAM 8GB DDR4
2025-02-26,2025-02-26 10:16:57.091,card,ANON-0000-0000-1155,148.69,Serviço de Formatação
2025-02-26,2025-02-26 13:13:26.877,card,ANON-0000-0000-1168,299.78,RAM 16GB DDR4
2025-02-26,2025-02-26 13:31:23.611,card,ANON-0000-0000-1191,124.11,Serviço de Limpeza
2025-02-26,2025-02-26 15:01:58.636,card,ANON-0000-0000-1110,238.38,Serviço de Montagem
2025-02-26,2025-02-26 15:14:47.989,card,ANON-0000-0000-1249,256.39,Serviço de Montagem
2025-02-26,2025-02-26 15:17:24.547,card,ANON-0000-0000-1247,747.14,RAM 32GB DDR5
2025-02-26,2025-02-26 15:20:02.820,card,ANON-0000-0000-1250,155.74,Serviço de Formatação
2025-02-26,2025-02-26 15:20:48.805,card,ANON-0000-0000-1250,259.11,Serviço de Montagem
2025-02-26,2025-02-26 15:28:45.256,card,ANON-0000-0000-1190,253.55,Serviço de Montagem
2025-02-26,2025-02-26 16:20:46.792,card,ANON-0000-0000-1164,124.51,Serviço de Limpeza
2025-02-26,2025-02-26 16:55:13.614,card,ANON-0000-0000-1165,143.42,Serviço de Formatação
2025-02-26,2025-02-26 16:55:59.649,card,ANON-0000-0000-1191,121.45,Serviço de Limpeza
2025-02-26,2025-02-26 17:22:44.573,card,ANON-0000-0000-1166,172.0,RAM 8GB DDR4
2025-02-26,2025-02-26 18:11:24.140,card,ANON-0000-0000-1163,117.67,Serviço de Limpeza
2025-02-26,2025-02-26 18:13:50.419,card,ANON-0000-0000-1163,1845.18,CPU i5-14600K
2025-02-27,2025-02-27 07:19:00.322,card,ANON-0000-0000-1163,1885.38,CPU i5-14600K
2025-02-27,2025-02-27 07:21:00.583,card,ANON-0000-0000-1161,1780.08,CPU i5-14600K
2025-02-27,2025-02-27 10:52:29.153,card,ANON-0000-0000-1237,627.93,CPU i3-12100
2025-02-27,2025-02-27 11:08:16.864,card,ANON-0000-0000-1168,289.48,RAM 16GB DDR4
2025-02-27,2025-02-27 12:48:15.878,card,ANON-0000-0000-1251,299.89,RAM 16GB DDR4
2025-02-27,2025-02-27 13:29:48.424,card,ANON-0000-0000-1252,177.11,RAM 8GB DDR4
2025-02-27,2025-02-27 14:23:16.499,card,ANON-0000-0000-1163,238.51,Serviço de Montagem
2025-02-27,2025-02-27 14:43:19.325,card,ANON-0000-0000-1253,123.8,Serviço de Limpeza
2025-02-27,2025-02-27 15:47:50.692,card,ANON-0000-0000-1170,240.0,Serviço de Montagem
2025-02-27,2025-02-27 16:28:28.103,card,ANON-0000-0000-1170,248.35,Serviço de Montagem
2025-02-27,2025-02-27 17:12:55.999,card,ANON-0000-0000-1190,250.61,Serviço de Montagem
2025-02-27,2025-02-27 17:23:10.042,card,ANON-0000-0000-1170,257.69,Serviço de Montagem
2025-02-27,2025-02-27 17:53:13.054,card,ANON-0000-0000-1254,119.6,Serviço de Limpeza
2025-02-27,2025-02-27 18:17:28.969,card,ANON-0000-0000-1208,121.46,Serviço de Limpeza
2025-02-27,2025-02-27 18:38:40.856,card,ANON-0000-0000-1184,1831.58,CPU i5-14600K
2025-02-27,2025-02-27 18:40:01.843,card,ANON-0000-0000-1179,286.16,RAM 16GB DDR4
2025-02-27,2025-02-27 18:40:52.049,card,ANON-0000-0000-1179,301.77,RAM 16GB DDR4
2025-02-27,2025-02-27 19:14:15.622,card,ANON-0000-0000-1215,124.57,Serviço de Limpeza
2025-02-27,2025-02-27 20:02:07.207,card,ANON-0000-0000-0046,1782.18,CPU i5-14600K
2025-02-28,2025-02-28 06:52:45.591,card,ANON-0000-0000-1163,186.59,RAM 8GB DDR4
2025-02-28,2025-02-28 06:54:59.973,card,ANON-0000-0000-1163,179.26,RAM 8GB DDR4
2025-02-28,2025-02-28 07:18:36.920,card,ANON-0000-0000-1161,1802.54,CPU i5-14600K
2025-02-28,2025-02-28 08:09:57.784,card,ANON-0000-0000-1255,589.84,CPU i3-12100
2025-02-28,2025-02-28 09:02:38.061,card,ANON-0000-0000-1162,178.76,RAM 8GB DDR4
2025-02-28,2025-02-28 14:44:28.113,card,ANON-0000-0000-1110,262.17,Serviço de Montagem
2025-02-28,2025-02-28 14:45:22.024,card,ANON-0000-0000-1110,257.56,Serviço de Montagem
2025-02-28,2025-02-28 14:47:52.342,card,ANON-0000-0000-1163,253.29,Serviço de Montagem
2025-02-28,2025-02-28 14:52:02.209,card,ANON-0000-0000-1191,117.88,Serviço de Limpeza
2025-02-28,2025-02-28 15:19:18.675,card,ANON-0000-0000-1110,251.99,Serviço de Montagem
2025-02-28,2025-02-28 16:22:27.380,card,ANON-0000-0000-1156,289.45,RAM 16GB DDR4
2025-02-28,2025-02-28 16:30:06.695,card,ANON-0000-0000-1170,252.8,Serviço de Montagem
2025-02-28,2025-02-28 17:21:00.889,card,ANON-0000-0000-1191,124.43,Serviço de Limpeza
2025-02-28,2025-02-28 17:31:04.347,card,ANON-0000-0000-1256,186.14,RAM 8GB DDR4
2025-02-28,2025-02-28 17:32:16.632,card,ANON-0000-0000-1170,239.63,Serviço de Montagem
2025-02-28,2025-02-28 17:33:49.148,card,ANON-0000-0000-1190,257.38,Serviço de Montagem
2025-02-28,2025-02-28 18:53:49.487,card,ANON-0000-0000-1257,118.82,Serviço de Limpeza
2025-03-01,2025-03-01 10:31:45.742,card,ANON-0000-0000-1184,1876.11,CPU i5-14600K
2025-03-01,2025-03-01 11:24:04.507,card,ANON-0000-0000-1190,247.1,Serviço de Montagem
2025-03-01,2025-03-01 11:27:58.402,card,ANON-0000-0000-1198,261.36,Serviço de Montagem
2025-03-01,2025-03-01 14:43:23.827,card,ANON-0000-0000-1254,120.37,Serviço de Limpeza
2025-03-01,2025-03-01 15:02:31.500,card,ANON-0000-0000-1152,251.02,Serviço de Montagem
2025-03-01,2025-03-01 15:08:20.223,card,ANON-0000-0000-1157,172.72,RAM 8GB DDR4
2025-03-01,2025-03-01 16:42:13.049,card,ANON-0000-0000-1184,1714.75,CPU i5-14600K
2025-03-01,2025-03-01 17:08:33.502,card,ANON-0000-0000-1258,246.33,Serviço de Montagem
2025-03-02,2025-03-02 09:58:15.295,card,ANON-0000-0000-1163,313.8,RAM 16GB DDR4
2025-03-02,2025-03-02 12:17:36.376,card,ANON-0000-0000-1189,123.12,Serviço de Limpeza
2025-03-02,2025-03-02 13:36:19.536,card,ANON-0000-0000-1217,179.95,RAM 8GB DDR4
2025-03-02,2025-03-02 15:22:17.476,card,ANON-0000-0000-1152,179.91,RAM 8GB DDR4
2025-03-02,2025-03-02 15:23:15.736,card,ANON-0000-0000-1152,255.02,Serviço de Montagem
2025-03-02,2025-03-02 15:24:45.231,card,ANON-0000-0000-1190,248.15,Serviço de Montagem
2025-03-03,2025-03-03 08:24:01.942,card,ANON-0000-0000-1161,1761.23,CPU i5-14600K
2025-03-03,2025-03-03 09:46:51.968,card,ANON-0000-0000-1244,302.18,RAM 16GB DDR4
2025-03-03,2025-03-03 09:48:39.338,card,ANON-0000-0000-1244,117.42,Serviço de Limpeza
2025-03-03,2025-03-03 10:21:24.640,card,ANON-0000-0000-1227,145.57,Serviço de Formatação
2025-03-03,2025-03-03 10:24:46.716,card,ANON-0000-0000-1259,150.12,Serviço de Formatação
2025-03-03,2025-03-03 12:58:08.052,card,ANON-0000-0000-1184,1870.96,CPU i5-14600K
2025-03-03,2025-03-03 15:11:01.202,card,ANON-0000-0000-1191,123.19,Serviço de Limpeza
2025-03-03,2025-03-03 15:47:58.817,card,ANON-0000-0000-1167,262.0,Serviço de Montagem
2025-03-03,2025-03-03 16:14:50.464,card,ANON-0000-0000-1196,313.0,RAM 16GB DDR4
2025-03-03,2025-03-03 16:16:35.240,card,ANON-0000-0000-1191,123.82,Serviço de Limpeza
2025-03-03,2025-03-03 16:18:27.089,card,ANON-0000-0000-1164,123.42,Serviço de Limpeza
2025-03-03,2025-03-03 16:40:29.304,card,ANON-0000-0000-1158,1845.0,CPU i5-14600K
2025-03-03,2025-03-03 16:42:22.611,card,ANON-0000-0000-1158,1820.25,CPU i5-14600K
2025-03-03,2025-03-03 16:52:11.629,card,ANON-0000-0000-1170,260.29,Serviço de Montagem
2025-03-03,2025-03-03 17:28:42.804,card,ANON-0000-0000-1256,183.93,RAM 8GB DDR4
2025-03-03,2025-03-03 17:31:22.380,card,ANON-0000-0000-1198,261.72,Serviço de Montagem
2025-03-03,2025-03-03 17:32:18.437,card,ANON-0000-0000-1198,155.78,Serviço de Formatação
2025-03-03,2025-03-03 17:32:58.753,card,ANON-0000-0000-1198,255.66,Serviço de Montagem
2025-03-03,2025-03-03 17:57:32.688,card,ANON-0000-0000-1179,149.22,Serviço de Formatação
2025-03-03,2025-03-03 17:58:27.343,card,ANON-0000-0000-1178,146.79,Serviço de Formatação
2025-03-03,2025-03-03 18:03:05.008,card,ANON-0000-0000-1162,178.05,RAM 8GB DDR4
2025-03-03,2025-03-03 18:46:52.609,card,ANON-0000-0000-1257,119.72,Serviço de Limpeza
2025-03-04,2025-03-04 07:19:21.939,card,ANON-0000-0000-1161,1884.56,CPU i5-14600K
2025-03-04,2025-03-04 07:31:55.409,card,ANON-0000-0000-1163,250.98,Serviço de Montagem
2025-03-04,2025-03-04 08:51:45.272,card,ANON-0000-0000-1187,171.62,RAM 8GB DDR4
2025-03-04,2025-03-04 09:09:31.929,card,ANON-0000-0000-1163,260.84,Serviço de Montagem
2025-03-04,2025-03-04 09:10:22.201,card,ANON-0000-0000-1163,246.5,Serviço de Montagem
2025-03-04,2025-03-04 09:58:37.168,card,ANON-0000-0000-1260,258.01,Serviço de Montagem
2025-03-04,2025-03-04 11:04:01.957,card,ANON-0000-0000-1222,182.73,RAM 8GB DDR4
2025-03-04,2025-03-04 11:05:06.974,card,ANON-0000-0000-1176,239.0,Serviço de Montagem
2025-03-04,2025-03-04 11:46:41.064,card,ANON-0000-0000-1167,242.22,Serviço de Montagem
2025-03-04,2025-03-04 11:47:24.511,card,ANON-0000-0000-1167,255.86,Serviço de Montagem
2025-03-04,2025-03-04 11:51:34.795,card,ANON-0000-0000-1110,247.66,Serviço de Montagem
2025-03-04,2025-03-04 12:25:59.172,card,ANON-0000-0000-1189,294.16,RAM 16GB DDR4
2025-03-04,2025-03-04 16:48:58.420,card,ANON-0000-0000-1167,248.89,Serviço de Montagem
2025-03-04,2025-03-04 18:43:21.868,card,ANON-0000-0000-1234,300.06,RAM 16GB DDR4
2025-03-04,2025-03-04 19:10:09.471,card,ANON-0000-0000-1174,125.79,Serviço de Limpeza
2025-03-04,2025-03-04 20:09:00.555,card,ANON-0000-0000-1246,117.1,Serviço de Limpeza
2025-03-05,2025-03-05 08:39:51.618,card,ANON-0000-0000-1163,171.63,RAM 8GB DDR4
2025-03-05,2025-03-05 09:38:24.258,card,ANON-0000-0000-1167,252.2,Serviço de Montagem
2025-03-05,2025-03-05 10:01:14.296,card,ANON-0000-0000-1198,249.67,Serviço de Montagem
2025-03-05,2025-03-05 10:02:04.297,card,ANON-0000-0000-1198,256.14,Serviço de Montagem
2025-03-05,2025-03-05 10:10:50.521,card,ANON-0000-0000-1261,1800.15,CPU i5-14600K
2025-03-05,2025-03-05 10:40:34.821,card,ANON-0000-0000-1248,176.77,RAM 8GB DDR4
2025-03-05,2025-03-05 11:08:31.568,card,ANON-0000-0000-1184,1875.99,CPU i5-14600K
2025-03-05,2025-03-05 11:10:54.165,card,ANON-0000-0000-1262,286.59,RAM 16GB DDR4
2025-03-05,2025-03-05 11:38:51.182,card,ANON-0000-0000-1198,240.15,Serviço de Montagem
2025-03-05,2025-03-05 11:41:22.429,card,ANON-0000-0000-1167,259.46,Serviço de Montagem
2025-03-05,2025-03-05 12:12:56.269,card,ANON-0000-0000-1110,256.28,Serviço de Montagem
2025-03-05,2025-03-05 15:07:50.623,card,ANON-0000-0000-1191,123.57,Serviço de Limpeza
2025-03-05,2025-03-05 15:21:35.832,card,ANON-0000-0000-1164,116.47,Serviço de Limpeza
2025-03-05,2025-03-05 15:25:11.415,card,ANON-0000-0000-1165,145.32,Serviço de Formatação
2025-03-05,2025-03-05 17:09:56.990,card,ANON-0000-0000-1222,182.13,RAM 8GB DDR4
2025-03-05,2025-03-05 17:16:23.550,card,ANON-0000-0000-1263,629.92,CPU i3-12100
2025-03-05,2025-03-05 17:31:40.879,card,ANON-0000-0000-1191,115.13,Serviço de Limpeza
2025-03-05,2025-03-05 18:13:26.969,card,ANON-0000-0000-1158,1718.22,CPU i5-14600K
2025-03-05,2025-03-05 19:02:56.818,card,ANON-0000-0000-1264,299.2,RAM 16GB DDR4
2025-03-06,2025-03-06 09:33:39.296,card,ANON-0000-0000-1210,156.14,Serviço de Formatação
2025-03-06,2025-03-06 09:35:52.935,card,ANON-0000-0000-1207,608.02,CPU i3-12100
2025-03-06,2025-03-06 10:48:04.907,card,ANON-0000-0000-1207,185.07,RAM 8GB DDR4
2025-03-06,2025-03-06 10:56:47.365,card,ANON-0000-0000-1163,249.31,Serviço de Montagem
2025-03-06,2025-03-06 10:57:35.031,card,ANON-0000-0000-1163,251.06,Serviço de Montagem
2025-03-06,2025-03-06 11:05:43.624,card,ANON-0000-0000-1198,239.73,Serviço de Montagem
2025-03-06,2025-03-06 11:17:38.018,card,ANON-0000-0000-1265,1760.53,CPU i5-14600K
2025-03-06,2025-03-06 13:51:33.101,card,ANON-0000-0000-1215,123.58,Serviço de Limpeza
2025-03-06,2025-03-06 16:06:47.303,card,ANON-0000-0000-1216,177.8,RAM 8GB DDR4
2025-03-06,2025-03-06 17:49:11.208,card,ANON-0000-0000-1163,307.38,RAM 16GB DDR4
2025-03-06,2025-03-06 18:27:11.724,card,ANON-0000-0000-1158,1824.36,CPU i5-14600K
2025-03-06,2025-03-06 19:22:10.719,card,ANON-0000-0000-1153,177.64,RAM 8GB DDR4
2025-03-07,2025-03-07 07:05:42.321,card,ANON-0000-0000-1161,1775.16,CPU i5-14600K
2025-03-07,2025-03-07 08:45:10.887,card,ANON-0000-0000-1110,254.96,Serviço de Montagem
2025-03-07,2025-03-07 08:46:03.828,card,ANON-0000-0000-1110,237.85,Serviço de Montagem
2025-03-07,2025-03-07 09:02:40.792,card,ANON-0000-0000-1163,248.84,Serviço de Montagem
2025-03-07,2025-03-07 10:09:57.931,card,ANON-0000-0000-1155,144.06,Serviço de Formatação
2025-03-07,2025-03-07 10:26:34.938,card,ANON-0000-0000-1266,179.17,RAM 8GB DDR4
2025-03-07,2025-03-07 10:27:32.541,card,ANON-0000-0000-1266,177.82,RAM 8GB DDR4
2025-03-07,2025-03-07 10:41:45.791,card,ANON-0000-0000-1262,299.19,RAM 16GB DDR4
2025-03-07,2025-03-07 11:50:59.454,card,ANON-0000-0000-1189,311.9,RAM 16GB DDR4
2025-03-07,2025-03-07 12:03:46.247,card,ANON-0000-0000-1157,182.16,RAM 8GB DDR4
2025-03-07,2025-03-07 13:43:48.445,card,ANON-0000-0000-1210,152.6,Serviço de Formatação
2025-03-07,2025-03-07 13:55:31.605,card,ANON-0000-0000-1260,246.76,Serviço de Montagem
2025-03-07,2025-03-07 14:53:30.160,card,ANON-0000-0000-1184,1872.48,CPU i5-14600K
2025-03-07,2025-03-07 15:09:04.325,card,ANON-0000-0000-1191,125.04,Serviço de Limpeza
2025-03-07,2025-03-07 15:52:52.989,card,ANON-0000-0000-1164,116.5,Serviço de Limpeza
2025-03-07,2025-03-07 17:10:29.285,card,ANON-0000-0000-1191,122.56,Serviço de Limpeza
2025-03-07,2025-03-07 17:12:23.608,card,ANON-0000-0000-1165,143.57,Serviço de Formatação
2025-03-08,2025-03-08 09:23:44.544,card,ANON-0000-0000-1207,175.7,RAM 8GB DDR4
2025-03-08,2025-03-08 09:41:52.900,card,ANON-0000-0000-1162,171.91,RAM 8GB DDR4
2025-03-08,2025-03-08 10:54:13.634,card,ANON-0000-0000-1163,257.8,Serviço de Montagem
2025-03-08,2025-03-08 11:19:45.578,card,ANON-0000-0000-1190,240.76,Serviço de Montagem
2025-03-08,2025-03-08 11:20:32.377,card,ANON-0000-0000-1190,256.71,Serviço de Montagem
2025-03-08,2025-03-08 12:41:19.836,card,ANON-0000-0000-1267,186.0,RAM 8GB DDR4
2025-03-08,2025-03-08 12:45:05.337,card,ANON-0000-0000-1110,249.2,Serviço de Montagem
2025-03-08,2025-03-08 13:40:06.054,card,ANON-0000-0000-1162,1759.15,CPU i5-14600K
2025-03-09,2025-03-09 09:42:03.883,card,ANON-0000-0000-1268,614.11,CPU i3-12100
2025-03-09,2025-03-09 11:25:53.184,card,ANON-0000-0000-1269,182.12,RAM 8GB DDR4
2025-03-09,2025-03-09 13:51:56.278,card,ANON-0000-0000-1184,1812.7,CPU i5-14600K
2025-03-09,2025-03-09 14:18:30.062,card,ANON-0000-0000-1163,248.81,Serviço de Montagem
2025-03-09,2025-03-09 15:12:41.404,card,ANON-0000-0000-1153,1736.78,CPU i5-14600K
2025-03-09,2025-03-09 15:39:07.132,card,ANON-0000-0000-1110,253.97,Serviço de Montagem
2025-03-09,2025-03-09 15:52:39.328,card,ANON-0000-0000-1217,183.77,RAM 8GB DDR4
2025-03-09,2025-03-09 15:53:40.394,card,ANON-0000-0000-1270,304.59,RAM 16GB DDR4
2025-03-10,2025-03-10 08:34:43.483,card,ANON-0000-0000-1271,254.82,Serviço de Montagem
2025-03-10,2025-03-10 08:35:40.478,card,ANON-0000-0000-1271,118.15,Serviço de Limpeza
2025-03-10,2025-03-10 09:06:27.613,card,ANON-0000-0000-1153,179.48,RAM 8GB DDR4
2025-03-10,2025-03-10 09:19:28.887,card,ANON-0000-0000-1210,150.02,Serviço de Formatação
2025-03-10,2025-03-10 09:50:54.123,card,ANON-0000-0000-1272,291.73,RAM 16GB DDR4
2025-03-10,2025-03-10 10:18:57.060,card,ANON-0000-0000-1273,147.17,Serviço de Formatação
2025-03-10,2025-03-10 12:36:14.796,card,ANON-0000-0000-1171,240.85,Serviço de Montagem
2025-03-10,2025-03-10 15:32:09.477,card,ANON-0000-0000-1170,257.04,Serviço de Montagem
2025-03-10,2025-03-10 15:41:57.873,card,ANON-0000-0000-1212,153.79,Serviço de Formatação
2025-03-10,2025-03-10 16:18:00.593,card,ANON-0000-0000-1191,123.16,Serviço de Limpeza
2025-03-10,2025-03-10 16:18:54.225,card,ANON-0000-0000-1165,116.05,Serviço de Limpeza
2025-03-10,2025-03-10 16:24:25.439,card,ANON-0000-0000-1274,1821.39,CPU i5-14600K
2025-03-10,2025-03-10 16:25:32.458,card,ANON-0000-0000-1274,178.6,RAM 8GB DDR4
2025-03-10,2025-03-10 18:15:54.241,card,ANON-0000-0000-1170,242.57,Serviço de Montagem
2025-03-10,2025-03-10 18:48:30.228,card,ANON-0000-0000-1257,125.14,Serviço de Limpeza
2025-03-10,2025-03-10 18:49:22.317,card,ANON-0000-0000-1257,124.99,Serviço de Limpeza
2025-03-10,2025-03-10 19:26:42.875,card,ANON-0000-0000-1157,172.3,RAM 8GB DDR4
2025-03-11,2025-03-11 08:46:25.572,card,ANON-0000-0000-1170,260.63,Serviço de Montagem
2025-03-11,2025-03-11 09:12:27.690,card,ANON-0000-0000-1163,1801.97,CPU i5-14600K
2025-03-11,2025-03-11 09:27:04.403,card,ANON-0000-0000-1275,115.84,Serviço de Limpeza
2025-03-11,2025-03-11 10:26:57.814,card,ANON-0000-0000-1170,251.2,Serviço de Montagem
2025-03-11,2025-03-11 12:33:20.355,card,ANON-0000-0000-1170,245.37,Serviço de Montagem
2025-03-11,2025-03-11 13:16:54.690,card,ANON-0000-0000-1171,239.38,Serviço de Montagem
2025-03-11,2025-03-11 16:29:31.062,card,ANON-0000-0000-1276,150.04,Serviço de Formatação
2025-03-11,2025-03-11 16:30:16.089,card,ANON-0000-0000-1276,289.68,RAM 16GB DDR4
2025-03-11,2025-03-11 16:49:40.750,card,ANON-0000-0000-1210,153.47,Serviço de Formatação
2025-03-11,2025-03-11 17:46:50.233,card,ANON-0000-0000-1184,1849.19,CPU i5-14600K
2025-03-11,2025-03-11 18:56:52.112,card,ANON-0000-0000-1157,188.36,RAM 8GB DDR4
2025-03-11,2025-03-11 19:07:14.374,card,ANON-0000-0000-1209,116.97,Serviço de Limpeza
2025-03-11,2025-03-11 20:08:56.329,card,ANON-0000-0000-1185,291.5,RAM 16GB DDR4
2025-03-12,2025-03-12 11:11:39.446,card,ANON-0000-0000-1277,313.98,RAM 16GB DDR4
2025-03-12,2025-03-12 11:47:34.257,card,ANON-0000-0000-1161,186.52,RAM 8GB DDR4
2025-03-12,2025-03-12 11:50:15.399,card,ANON-0000-0000-1161,1855.89,CPU i5-14600K
2025-03-12,2025-03-12 11:55:55.859,card,ANON-0000-0000-1163,247.77,Serviço de Montagem
2025-03-12,2025-03-12 11:56:48.899,card,ANON-0000-0000-1163,243.22,Serviço de Montagem
2025-03-12,2025-03-12 12:06:11.058,card,ANON-0000-0000-1278,239.81,Serviço de Montagem
2025-03-12,2025-03-12 12:55:38.412,card,ANON-0000-0000-1279,145.36,Serviço de Formatação
2025-03-12,2025-03-12 13:01:49.309,card,ANON-0000-0000-1280,120.2,Serviço de Limpeza
2025-03-12,2025-03-12 13:56:23.641,card,ANON-0000-0000-1199,121.33,Serviço de Limpeza
2025-03-12,2025-03-12 16:27:37.181,card,ANON-0000-0000-1281,1740.23,CPU i5-14600K
2025-03-12,2025-03-12 16:35:03.980,card,ANON-0000-0000-1191,122.7,Serviço de Limpeza
2025-03-12,2025-03-12 16:36:00.656,card,ANON-0000-0000-1165,121.68,Serviço de Limpeza
2025-03-12,2025-03-12 18:10:34.209,card,ANON-0000-0000-1170,238.89,Serviço de Montagem
2025-03-12,2025-03-12 18:17:17.844,card,ANON-0000-0000-1264,293.19,RAM 16GB DDR4
2025-03-12,2025-03-12 18:24:40.491,card,ANON-0000-0000-1282,259.52,Serviço de Montagem
2025-03-12,2025-03-12 18:38:56.648,card,ANON-0000-0000-1158,1729.7,CPU i5-14600K
2025-03-12,2025-03-12 18:42:13.656,card,ANON-0000-0000-1170,247.22,Serviço de Montagem
2025-03-13,2025-03-13 07:01:36.408,card,ANON-0000-0000-1161,1767.51,CPU i5-14600K
2025-03-13,2025-03-13 08:23:17.476,card,ANON-0000-0000-1153,183.85,RAM 8GB DDR4
2025-03-13,2025-03-13 09:04:47.284,card,ANON-0000-0000-1163,187.06,RAM 8GB DDR4
2025-03-13,2025-03-13 09:20:09.466,card,ANON-0000-0000-1168,116.14,Serviço de Limpeza
2025-03-13,2025-03-13 09:22:04.621,card,ANON-0000-0000-1207,570.82,CPU i3-12100
2025-03-13,2025-03-13 09:38:19.627,card,ANON-0000-0000-1283,259.97,Serviço de Montagem
2025-03-13,2025-03-13 09:39:14.588,card,ANON-0000-0000-1284,186.45,RAM 8GB DDR4
2025-03-13,2025-03-13 11:18:02.309,card,ANON-0000-0000-1167,254.84,Serviço de Montagem
2025-03-13,2025-03-13 12:13:37.365,card,ANON-0000-0000-1191,124.3,Serviço de Limpeza
2025-03-13,2025-03-13 14:53:50.007,card,ANON-0000-0000-1285,183.78,RAM 8GB DDR4
2025-03-13,2025-03-13 14:55:31.554,card,ANON-0000-0000-1194,257.66,Serviço de Montagem
2025-03-13,2025-03-13 18:47:43.645,card,ANON-0000-0000-1158,1837.03,CPU i5-14600K
2025-03-14,2025-03-14 07:55:05.952,card,ANON-0000-0000-1170,240.31,Serviço de Montagem
2025-03-14,2025-03-14 08:13:40.184,card,ANON-0000-0000-1286,176.93,RAM 8GB DDR4
2025-03-14,2025-03-14 08:59:26.828,card,ANON-0000-0000-1271,249.81,Serviço de Montagem
2025-03-14,2025-03-14 09:00:29.883,card,ANON-0000-0000-1287,115.4,Serviço de Limpeza
2025-03-14,2025-03-14 09:26:07.904,card,ANON-0000-0000-1207,591.67,CPU i3-12100
2025-03-14,2025-03-14 09:28:37.201,card,ANON-0000-0000-1170,262.36,Serviço de Montagem
2025-03-14,2025-03-14 10:20:51.345,card,ANON-0000-0000-1110,244.74,Serviço de Montagem
2025-03-14,2025-03-14 10:48:22.804,card,ANON-0000-0000-1288,120.4,Serviço de Limpeza
2025-03-14,2025-03-14 10:49:27.796,card,ANON-0000-0000-1288,1868.6,CPU i5-14600K
2025-03-14,2025-03-14 14:35:17.282,card,ANON-0000-0000-1170,243.92,Serviço de Montagem
2025-03-14,2025-03-14 14:36:21.815,card,ANON-0000-0000-1165,123.57,Serviço de Limpeza
2025-03-14,2025-03-14 15:54:20.979,card,ANON-0000-0000-1191,117.18,Serviço de Limpeza
2025-03-14,2025-03-14 15:55:40.848,card,ANON-0000-0000-1165,119.68,Serviço de Limpeza
2025-03-14,2025-03-14 16:27:04.016,card,ANON-0000-0000-1170,260.99,Serviço de Montagem
2025-03-14,2025-03-14 16:31:00.187,card,ANON-0000-0000-1276,305.45,RAM 16GB DDR4
2025-03-14,2025-03-14 16:31:55.078,card,ANON-0000-0000-1289,292.28,RAM 16GB DDR4
2025-03-14,2025-03-14 16:32:40.221,card,ANON-0000-0000-1289,294.11,RAM 16GB DDR4
2025-03-14,2025-03-14 17:05:24.113,card,ANON-0000-0000-1290,254.19,Serviço de Montagem
2025-03-14,2025-03-14 17:22:14.665,card,ANON-0000-0000-1167,258.03,Serviço de Montagem
2025-03-14,2025-03-14 17:27:15.280,card,ANON-0000-0000-1191,116.16,Serviço de Limpeza
2025-03-14,2025-03-14 17:28:38.332,card,ANON-0000-0000-1165,118.97,Serviço de Limpeza
2025-03-14,2025-03-14 20:20:22.022,card,ANON-0000-0000-1291,241.91,Serviço de Montagem
2025-03-14,2025-03-14 21:40:43.586,card,ANON-0000-0000-1214,258.68,Serviço de Montagem
2025-03-15,2025-03-15 09:53:22.276,card,ANON-0000-0000-1163,184.86,RAM 8GB DDR4
2025-03-15,2025-03-15 10:03:22.542,card,ANON-0000-0000-1158,1860.24,CPU i5-14600K
2025-03-15,2025-03-15 13:55:41.953,card,ANON-0000-0000-1167,242.18,Serviço de Montagem
2025-03-15,2025-03-15 17:10:23.402,card,ANON-0000-0000-0046,1879.56,CPU i5-14600K
2025-03-15,2025-03-15 17:12:08.359,card,ANON-0000-0000-1152,179.3,RAM 8GB DDR4
2025-03-15,2025-03-15 19:30:36.505,card,ANON-0000-0000-1217,182.13,RAM 8GB DDR4
2025-03-15,2025-03-15 19:51:27.089,card,ANON-0000-0000-1292,1814.98,CPU i5-14600K
2025-03-16,2025-03-16 09:32:17.307,card,ANON-0000-0000-1161,1781.88,CPU i5-14600K
2025-03-16,2025-03-16 09:36:23.195,card,ANON-0000-0000-1293,187.93,RAM 8GB DDR4
2025-03-16,2025-03-16 10:50:09.372,card,ANON-0000-0000-1294,118.22,Serviço de Limpeza
2025-03-16,2025-03-16 12:00:47.135,card,ANON-0000-0000-1294,151.89,Serviço de Formatação
2025-03-16,2025-03-16 14:22:42.633,card,ANON-0000-0000-1170,245.82,Serviço de Montagem
2025-03-17,2025-03-17 06:54:40.633,card,ANON-0000-0000-1163,256.88,Serviço de Montagem
2025-03-17,2025-03-17 08:09:50.056,card,ANON-0000-0000-1110,241.02,Serviço de Montagem
2025-03-17,2025-03-17 08:18:02.658,card,ANON-0000-0000-1110,245.66,Serviço de Montagem
2025-03-17,2025-03-17 09:02:58.954,card,ANON-0000-0000-1153,178.65,RAM 8GB DDR4
2025-03-17,2025-03-17 10:32:39.537,card,ANON-0000-0000-1163,252.83,Serviço de Montagem
2025-03-17,2025-03-17 13:59:00.995,card,ANON-0000-0000-1203,253.1,Serviço de Montagem
2025-03-17,2025-03-17 14:21:24.547,card,ANON-0000-0000-1276,312.43,RAM 16GB DDR4
2025-03-17,2025-03-17 14:22:19.742,card,ANON-0000-0000-1276,288.65,RAM 16GB DDR4
2025-03-17,2025-03-17 14:48:03.518,card,ANON-0000-0000-1295,117.17,Serviço de Limpeza
2025-03-17,2025-03-17 15:11:17.288,card,ANON-0000-0000-1158,1710.08,CPU i5-14600K
2025-03-17,2025-03-17 15:47:15.913,card,ANON-0000-0000-1165,120.52,Serviço de Limpeza
2025-03-17,2025-03-17 15:48:58.455,card,ANON-0000-0000-1191,124.96,Serviço de Limpeza
2025-03-17,2025-03-17 16:46:44.575,card,ANON-0000-0000-1167,257.23,Serviço de Montagem
2025-03-18,2025-03-18 08:23:10.985,card,ANON-0000-0000-1296,186.33,RAM 8GB DDR4
2025-03-18,2025-03-18 08:33:49.559,card,ANON-0000-0000-1168,123.97,Serviço de Limpeza
2025-03-18,2025-03-18 10:49:51.408,card,ANON-0000-0000-1215,123.17,Serviço de Limpeza
2025-03-18,2025-03-18 10:51:17.714,card,ANON-0000-0000-1215,258.86,Serviço de Montagem
2025-03-18,2025-03-18 11:47:19.969,card,ANON-0000-0000-1297,152.11,Serviço de Formatação
2025-03-18,2025-03-18 11:48:55.654,card,ANON-0000-0000-1297,147.29,Serviço de Formatação
2025-03-18,2025-03-18 14:43:35.117,card,ANON-0000-0000-1293,177.38,RAM 8GB DDR4
2025-03-18,2025-03-18 15:03:53.426,card,ANON-0000-0000-1110,238.34,Serviço de Montagem
2025-03-18,2025-03-18 15:11:07.394,card,ANON-0000-0000-1166,176.62,RAM 8GB DDR4
2025-03-18,2025-03-18 16:09:07.577,card,ANON-0000-0000-1203,258.19,Serviço de Montagem
2025-03-18,2025-03-18 16:11:45.142,card,ANON-0000-0000-1165,123.43,Serviço de Limpeza
2025-03-18,2025-03-18 16:23:20.622,card,ANON-0000-0000-1203,590.68,CPU i3-12100
2025-03-18,2025-03-18 18:42:30.606,card,ANON-0000-0000-1163,313.35,RAM 16GB DDR4
2025-03-18,2025-03-18 18:43:17.494,card,ANON-0000-0000-1163,296.06,RAM 16GB DDR4
2025-03-18,2025-03-18 20:00:34.963,card,ANON-0000-0000-1276,287.35,RAM 16GB DDR4
2025-03-18,2025-03-18 20:01:37.737,card,ANON-0000-0000-1276,305.83,RAM 16GB DDR4
2025-03-18,2025-03-18 21:20:40.031,card,ANON-0000-0000-1298,119.07,Serviço de Limpeza
2025-03-19,2025-03-19 07:03:07.073,card,ANON-0000-0000-1152,251.73,Serviço de Montagem
2025-03-19,2025-03-19 07:04:08.618,card,ANON-0000-0000-0261,237.96,Serviço de Montagem
2025-03-19,2025-03-19 07:06:34.913,card,ANON-0000-0000-1161,1879.12,CPU i5-14600K
2025-03-19,2025-03-19 08:03:18.296,card,ANON-0000-0000-0019,247.27,Serviço de Montagem
2025-03-19,2025-03-19 10:18:39.225,card,ANON-0000-0000-1227,155.45,Serviço de Formatação
2025-03-19,2025-03-19 11:55:39.825,card,ANON-0000-0000-1110,250.15,Serviço de Montagem
2025-03-19,2025-03-19 12:58:27.177,card,ANON-0000-0000-1299,244.58,Serviço de Montagem
2025-03-19,2025-03-19 15:12:53.164,card,ANON-0000-0000-1295,124.18,Serviço de Limpeza
2025-03-19,2025-03-19 15:14:23.419,card,ANON-0000-0000-1300,116.63,Serviço de Limpeza
2025-03-19,2025-03-19 16:19:33.938,card,ANON-0000-0000-1191,116.53,Serviço de Limpeza
2025-03-19,2025-03-19 16:29:56.276,card,ANON-0000-0000-1167,238.72,Serviço de Montagem
2025-03-19,2025-03-19 16:40:33.766,card,ANON-0000-0000-1158,1801.28,CPU i5-14600K
2025-03-19,2025-03-19 16:42:16.035,card,ANON-0000-0000-1158,1807.65,CPU i5-14600K
2025-03-19,2025-03-19 16:51:35.154,card,ANON-0000-0000-1152,247.43,Serviço de Montagem
2025-03-19,2025-03-19 16:52:29.653,card,ANON-0000-0000-1110,259.98,Serviço de Montagem
2025-03-19,2025-03-19 16:59:59.993,card,ANON-0000-0000-1275,312.07,RAM 16GB DDR4
2025-03-19,2025-03-19 17:09:55.033,card,ANON-0000-0000-1219,174.22,RAM 8GB DDR4
2025-03-19,2025-03-19 17:27:39.671,card,ANON-0000-0000-1222,177.37,RAM 8GB DDR4
2025-03-19,2025-03-19 18:29:50.378,card,ANON-0000-0000-1301,758.33,RAM 32GB DDR5
2025-03-19,2025-03-19 18:30:44.007,card,ANON-0000-0000-1302,573.9,CPU i3-12100
2025-03-19,2025-03-19 18:31:25.990,card,ANON-0000-0000-1303,588.46,CPU i3-12100
2025-03-20,2025-03-20 08:13:16.283,card,ANON-0000-0000-1304,184.59,RAM 8GB DDR4
2025-03-20,2025-03-20 09:52:04.770,card,ANON-0000-0000-1152,187.45,RAM 8GB DDR4
2025-03-20,2025-03-20 10:06:44.316,card,ANON-0000-0000-1293,172.93,RAM 8GB DDR4
2025-03-20,2025-03-20 10:45:44.187,card,ANON-0000-0000-1305,239.44,Serviço de Montagem
2025-03-20,2025-03-20 10:55:17.442,card,ANON-0000-0000-1110,251.24,Serviço de Montagem
2025-03-20,2025-03-20 12:48:24.389,card,ANON-0000-0000-1306,246.85,Serviço de Montagem
2025-03-20,2025-03-20 14:04:43.871,card,ANON-0000-0000-1152,251.08,Serviço de Montagem
2025-03-20,2025-03-20 14:20:37.878,card,ANON-0000-0000-1290,240.55,Serviço de Montagem
2025-03-20,2025-03-20 14:21:41.901,card,ANON-0000-0000-1290,578.35,CPU i3-12100
2025-03-20,2025-03-20 14:25:04.690,card,ANON-0000-0000-1307,734.79,RAM 32GB DDR5
2025-03-20,2025-03-20 14:26:46.715,card,ANON-0000-0000-1308,1796.58,CPU i5-14600K
2025-03-20,2025-03-20 14:59:47.451,card,ANON-0000-0000-1161,1874.03,CPU i5-14600K
2025-03-20,2025-03-20 15:05:22.395,card,ANON-0000-0000-1170,244.4,Serviço de Montagem
2025-03-20,2025-03-20 15:21:51.822,card,ANON-0000-0000-1276,243.95,Serviço de Montagem
2025-03-20,2025-03-20 16:45:44.972,card,ANON-0000-0000-1158,1726.87,CPU i5-14600K
2025-03-20,2025-03-20 17:23:51.421,card,ANON-0000-0000-1309,239.37,Serviço de Montagem
2025-03-20,2025-03-20 18:55:58.672,card,ANON-0000-0000-1233,153.44,Serviço de Formatação
2025-03-20,2025-03-20 19:36:41.600,card,ANON-0000-0000-1310,312.07,RAM 16GB DDR4
2025-03-20,2025-03-20 19:57:48.479,card,ANON-0000-0000-1158,1755.35,CPU i5-14600K
2025-03-20,2025-03-20 21:50:15.613,card,ANON-0000-0000-1298,125.0,Serviço de Limpeza
2025-03-21,2025-03-21 07:06:11.979,card,ANON-0000-0000-1163,181.11,RAM 8GB DDR4
2025-03-21,2025-03-21 07:09:08.106,card,ANON-0000-0000-1163,182.5,RAM 8GB DDR4
2025-03-21,2025-03-21 08:16:43.719,card,ANON-0000-0000-1306,239.95,Serviço de Montagem
2025-03-21,2025-03-21 08:28:36.520,card,ANON-0000-0000-1110,245.24,Serviço de Montagem
2025-03-21,2025-03-21 08:29:20.898,card,ANON-0000-0000-1110,251.42,Serviço de Montagem
2025-03-21,2025-03-21 08:35:18.996,card,ANON-0000-0000-1311,1743.48,CPU i5-14600K
2025-03-21,2025-03-21 11:50:09.303,card,ANON-0000-0000-1163,239.81,Serviço de Montagem
2025-03-21,2025-03-21 11:51:07.530,card,ANON-0000-0000-0019,121.29,Serviço de Limpeza
2025-03-21,2025-03-21 13:02:48.347,card,ANON-0000-0000-1306,244.95,Serviço de Montagem
2025-03-21,2025-03-21 13:23:57.002,card,ANON-0000-0000-1275,124.33,Serviço de Limpeza
2025-03-21,2025-03-21 14:11:44.055,card,ANON-0000-0000-1158,1802.77,CPU i5-14600K
2025-03-21,2025-03-21 15:09:03.022,card,ANON-0000-0000-1312,1819.61,CPU i5-14600K
2025-03-21,2025-03-21 15:24:42.515,card,ANON-0000-0000-1170,243.66,Serviço de Montagem
2025-03-21,2025-03-21 15:28:19.564,card,ANON-0000-0000-1110,114.35,Serviço de Limpeza
2025-03-21,2025-03-21 15:29:32.330,card,ANON-0000-0000-1163,1884.97,CPU i5-14600K
2025-03-21,2025-03-21 17:01:28.771,card,ANON-0000-0000-1259,145.53,Serviço de Formatação
2025-03-21,2025-03-21 17:21:16.930,card,ANON-0000-0000-1165,125.22,Serviço de Limpeza
2025-03-21,2025-03-21 17:22:49.875,card,ANON-0000-0000-1191,125.01,Serviço de Limpeza
2025-03-21,2025-03-21 18:52:12.666,card,ANON-0000-0000-0507,114.44,Serviço de Limpeza
2025-03-21,2025-03-21 18:59:24.271,card,ANON-0000-0000-1170,259.9,Serviço de Montagem
2025-03-22,2025-03-22 09:05:13.059,card,ANON-0000-0000-1274,172.76,RAM 8GB DDR4
2025-03-22,2025-03-22 10:30:09.403,card,ANON-0000-0000-1152,177.47,RAM 8GB DDR4
2025-03-22,2025-03-22 11:14:05.960,card,ANON-0000-0000-1259,152.07,Serviço de Formatação
2025-03-22,2025-03-22 11:41:20.579,card,ANON-0000-0000-1279,312.13,RAM 16GB DDR4
2025-03-22,2025-03-22 12:18:27.491,card,ANON-0000-0000-1313,187.99,RAM 8GB DDR4
2025-03-22,2025-03-22 12:25:59.676,card,ANON-0000-0000-1306,260.72,Serviço de Montagem
2025-03-22,2025-03-22 13:06:21.590,card,ANON-0000-0000-1309,247.1,Serviço de Montagem
2025-03-22,2025-03-22 13:23:17.918,card,ANON-0000-0000-1267,175.73,RAM 8GB DDR4
2025-03-22,2025-03-22 15:57:58.183,card,ANON-0000-0000-1302,585.89,CPU i3-12100
2025-03-22,2025-03-22 16:26:59.766,card,ANON-0000-0000-1274,118.38,Serviço de Limpeza
2025-03-22,2025-03-22 17:53:35.942,card,ANON-0000-0000-1274,172.12,RAM 8GB DDR4
2025-03-22,2025-03-22 19:16:52.727,card,ANON-0000-0000-1314,177.92,RAM 8GB DDR4
2025-03-23,2025-03-23 10:07:11.278,card,ANON-0000-0000-1196,116.26,Serviço de Limpeza
2025-03-23,2025-03-23 10:34:54.894,card,ANON-0000-0000-1158,1828.64,CPU i5-14600K
2025-03-23,2025-03-23 14:43:37.362,card,ANON-0000-0000-1315,300.35,RAM 16GB DDR4
2025-03-23,2025-03-23 14:44:16.864,card,ANON-0000-0000-1315,302.18,RAM 16GB DDR4
2025-03-23,2025-03-23 15:47:28.723,card,ANON-0000-0000-1316,244.58,Serviço de Montagem
2025-03-23,2025-03-23 18:11:38.635,card,ANON-0000-0000-1275,119.7,Serviço de Limpeza
